-- phpMyAdmin SQL Dump
-- version 4.0.10deb1
-- http://www.phpmyadmin.net
--
-- Host: localhost
-- Generation Time: Mar 02, 2016 at 01:03 AM
-- Server version: 10.0.24-MariaDB-1~trusty
-- PHP Version: 5.5.9-1ubuntu4.14

SET SQL_MODE = "NO_AUTO_VALUE_ON_ZERO";
SET time_zone = "+00:00";


/*!40101 SET @OLD_CHARACTER_SET_CLIENT=@@CHARACTER_SET_CLIENT */;
/*!40101 SET @OLD_CHARACTER_SET_RESULTS=@@CHARACTER_SET_RESULTS */;
/*!40101 SET @OLD_COLLATION_CONNECTION=@@COLLATION_CONNECTION */;
/*!40101 SET NAMES utf8 */;

--
-- Database: `smpn1smg_2015_export`
--

-- --------------------------------------------------------

--
-- Table structure for table `activities`
--

CREATE TABLE IF NOT EXISTS `activities` (
  `activities_id` int(11) NOT NULL AUTO_INCREMENT,
  `nip` varchar(50) NOT NULL,
  `hot_id` varchar(50) NOT NULL,
  `activities_time` timestamp NOT NULL DEFAULT CURRENT_TIMESTAMP,
  `activities_time_update` timestamp NOT NULL DEFAULT '0000-00-00 00:00:00',
  `keterangan` varchar(100) NOT NULL,
  PRIMARY KEY (`activities_id`)
) ENGINE=InnoDB DEFAULT CHARSET=latin1 AUTO_INCREMENT=1 ;

-- --------------------------------------------------------

--
-- Table structure for table `data_ekskul`
--

CREATE TABLE IF NOT EXISTS `data_ekskul` (
  `ekskul_id` int(11) NOT NULL AUTO_INCREMENT,
  `ekskul_nama` varchar(50) NOT NULL,
  `ekskul_tipe` varchar(10) NOT NULL,
  `ekskul_guru` varchar(500) NOT NULL,
  PRIMARY KEY (`ekskul_id`)
) ENGINE=InnoDB  DEFAULT CHARSET=latin1 AUTO_INCREMENT=19 ;

--
-- Dumping data for table `data_ekskul`
--

INSERT INTO `data_ekskul` (`ekskul_id`, `ekskul_nama`, `ekskul_tipe`, `ekskul_guru`) VALUES
(1, 'Paduan Suara', 'sunnah', '196103081983022003'),
(2, 'Futsal', 'sunnah', '195907161981032006'),
(3, 'Jurnalistik', 'sunnah', '197306172008012011'),
(4, 'Robotik', 'sunnah', '197411032009031003'),
(5, 'Karate', 'sunnah', '196405051998031004'),
(6, 'Seni Tari', 'sunnah', '197605282000122003'),
(7, 'Paskibra', 'sunnah', '195909281983021004'),
(8, 'Band', 'sunnah', '197803292009032004'),
(9, 'Pramuka Inti', 'sunnah', '196701172006041005,195707221986032006,196407271987031027'),
(10, 'OSN Biologi', 'sunnah', '197105082007012011'),
(11, 'OSN Fisika', 'sunnah', '195704071979011001'),
(12, 'OSN IPS', 'sunnah', '197612142008012007'),
(13, 'OSN Matematika', 'sunnah', '197702152008011008'),
(14, 'Rebana', 'sunnah', '197105101993031005'),
(15, 'Karya Ilmiah Remaja', 'sunnah', '197612062007012010'),
(16, 'Pramuka Wajib', 'wajib', '196701172006041005,195707221986032006,196407271987031027'),
(17, 'Palang Merah Remaja', 'sunnah', '197004132008011009'),
(18, 'Baca Tulis Al Qur''an', 'wajib', '197204271992032001');

-- --------------------------------------------------------

--
-- Table structure for table `ekskul_nilai`
--

CREATE TABLE IF NOT EXISTS `ekskul_nilai` (
  `id` int(11) NOT NULL AUTO_INCREMENT,
  `nis` varchar(50) NOT NULL,
  `kelas` varchar(100) NOT NULL,
  `ekskul_id` int(11) NOT NULL,
  `semester` varchar(2) NOT NULL,
  `nilai` varchar(3) NOT NULL,
  `keterangan` varchar(50) NOT NULL,
  PRIMARY KEY (`id`)
) ENGINE=InnoDB  DEFAULT CHARSET=latin1 AUTO_INCREMENT=741 ;

--
-- Dumping data for table `ekskul_nilai`
--

INSERT INTO `ekskul_nilai` (`id`, `nis`, `kelas`, `ekskul_id`, `semester`, `nilai`, `keterangan`) VALUES
(32, '17692', '9C', 2, '1', '90', 'aaa'),
(36, '18098', '8B', 9, '1', 'A', 'SANGAT BAIK'),
(37, '17998', '8B', 9, '1', 'A', 'SANGAT BAIK'),
(38, '18061', '8B', 9, '1', 'A', 'SANGAT BAIK'),
(39, '17900', '8D', 9, '1', 'A', 'SANGAT BAIK'),
(40, '17924', '8E', 9, '1', 'A', 'SANGAT BAIK'),
(41, '18156', '8G', 9, '1', 'A', 'SANGAT BAIK'),
(42, '17986', '8G', 9, '1', 'A', 'SANGAT BAIK'),
(43, '17945', '8G', 9, '1', 'A', 'SANGAT BAIK'),
(44, '18019', '8H', 9, '1', 'A', 'SANGAT BAIK'),
(45, '18161', '8G', 9, '1', 'A', 'SANGAT BAIK'),
(47, '17954', '8A', 9, '1', 'A', 'SANGAT BAIK'),
(48, '18021', '8A', 9, '1', 'A', 'SANGAT BAIK'),
(49, '18013', '8A', 9, '1', 'A', 'SANGAT BAIK'),
(50, '18053', '8B', 9, '1', 'A', 'SANGAT BAIK'),
(51, '18171', '8B', 9, '1', 'A', 'SANGAT BAIK'),
(52, '18145', '8E', 9, '1', 'A', 'SANGAT BAIK'),
(53, '18122', '8F', 9, '1', 'A', 'SANGAT BAIK'),
(54, '18004', '8G', 9, '1', 'A', 'SANGAT BAIK'),
(55, '17959', '8G', 9, '1', 'A', 'SANGAT BAIK'),
(56, '18169', '8H', 9, '1', 'A', 'SANGAT BAIK'),
(61, '18181', '7A', 17, '1', 'A', 'SANGAT BAIK'),
(62, '18183', '7A', 17, '1', 'A', 'SANGAT BAIK'),
(63, '18196', '7A', 17, '1', 'A', 'SANGAT BAIK'),
(64, '18200', '7A', 17, '1', 'A', 'SANGAT BAIK'),
(65, '18201', '7A', 17, '1', 'A', 'SANGAT BAIK'),
(66, '18202', '7A', 17, '1', 'A', 'SANGAT BAIK'),
(67, '18226', '7B', 17, '1', 'A', 'SANGAT BAIK'),
(68, '18232', '7B', 17, '1', 'A', 'SANGAT BAIK'),
(70, '18235', '7B', 17, '1', 'A', 'SANGAT BAIK'),
(71, '18225', '7B', 17, '1', 'A', 'SANGAT BAIK'),
(72, '18242', '7C', 17, '1', 'A', 'SANGAT BAIK'),
(73, '18261', '7C', 17, '1', 'A', 'SANGAT BAIK'),
(74, '18264', '7C', 17, '1', 'A', 'SANGAT BAIK'),
(75, '18283', '7D', 17, '1', 'A', 'SANGAT BAIK'),
(76, '18285', '7D', 17, '1', 'A', 'SANGAT BAIK'),
(77, '18288', '7D', 17, '1', 'A', 'SANGAT BAIK'),
(78, '18295', '7D', 17, '1', 'A', 'SANGAT BAIK'),
(79, '18297', '7D', 17, '1', 'A', 'SANGAT BAIK'),
(80, '18318', '7E', 17, '1', 'A', 'SANGAT BAIK'),
(81, '18323', '7E', 17, '1', 'A', 'SANGAT BAIK'),
(82, '18324', '7E', 17, '1', 'A', 'SANGAT BAIK'),
(83, '18331', '7E', 17, '1', 'A', 'SANGAT BAIK'),
(84, '18334', '7E', 17, '1', 'A', 'SANGAT BAIK'),
(85, '18341', '7F', 17, '1', 'A', 'SANGAT BAIK'),
(86, '18342', '7F', 17, '1', 'A', 'SANGAT BAIK'),
(87, '18344', '7F', 17, '1', 'A', 'SANGAT BAIK'),
(88, '18347', '7F', 17, '1', 'A', 'SANGAT BAIK'),
(89, '18349', '7F', 17, '1', 'A', 'SANGAT BAIK'),
(90, '18351', '7F', 17, '1', 'A', 'SANGAT BAIK'),
(91, '18357', '7F', 17, '1', 'A', 'SANGAT BAIK'),
(92, '18363', '7F', 17, '1', 'A', 'SANGAT BAIK'),
(93, '18346', '7F', 17, '1', 'A', 'SANGAT BAIK'),
(94, '18401', '7H', 17, '1', 'A', 'SANGAT BAIK'),
(95, '18402', '7H', 17, '1', 'A', 'SANGAT BAIK'),
(96, '18403', '7H', 17, '1', 'A', 'SANGAT BAIK'),
(97, '18406', '7H', 17, '1', 'A', 'SANGAT BAIK'),
(98, '18413', '7H', 17, '1', 'A', 'SANGAT BAIK'),
(99, '18418', '7H', 17, '1', 'A', 'SANGAT BAIK'),
(100, '18422', '7H', 17, '1', 'A', 'SANGAT BAIK'),
(101, '18426', '7H', 17, '1', 'A', 'SANGAT BAIK'),
(102, '18433', '7I', 17, '1', 'A', 'SANGAT BAIK'),
(103, '18450', '7I', 17, '1', 'A', 'SANGAT BAIK'),
(104, '18462', '7I', 17, '1', 'A', 'SANGAT BAIK'),
(105, '18148', '8A', 17, '1', 'B', ' BAIK'),
(106, '18055', '8A', 17, '1', 'B', 'BAIK'),
(107, '17988', '8A', 17, '1', 'A', 'SANGAT BAIK'),
(108, '17931', '8A', 17, '1', 'A', 'SANGAT BAIK'),
(109, '18166', '8A', 17, '1', 'B', ' BAIK'),
(110, '17984', '8B', 17, '1', 'B', ' BAIK'),
(111, '18018', '8B', 17, '1', 'A', 'SANGAT BAIK'),
(113, '18238', '7B', 17, '1', 'A', 'SANGAT BAIK'),
(114, '18305', '7E', 17, '1', 'A', 'SANGAT BAIK'),
(115, '17966', '8B', 17, '1', 'A', 'SANGAT BAIK'),
(116, '18000', '8B', 17, '1', 'B', ' BAIK'),
(117, '17973', '8B', 17, '1', 'A', 'SANGAT BAIK'),
(118, '18134', '8B', 17, '1', 'A', 'SANGAT BAIK'),
(119, '17981', '8B', 17, '1', 'A', 'SANGAT BAIK'),
(120, '18052', '8C', 17, '1', 'A', 'SANGAT BAIK'),
(121, '18024', '8C', 17, '1', 'B', ' BAIK'),
(122, '18068', '8C', 17, '1', 'A', 'SANGAT BAIK'),
(124, '18104', '8C', 17, '1', 'B', ' BAIK'),
(125, '18007', '8C', 17, '1', 'B', ' BAIK'),
(126, '18085', '8D', 17, '1', 'A', 'SANGAT BAIK'),
(127, '18150', '8D', 17, '1', 'A', 'SANGAT BAIK'),
(129, '17942', '8D', 17, '1', 'B', ' BAIK'),
(130, '18138', '8D', 17, '1', 'A', 'SANGAT BAIK'),
(131, '17918', '8D', 17, '1', 'B', 'BAIK'),
(132, '18152', '8E', 17, '1', 'A', 'SANGAT BAIK'),
(133, '17962', '8E', 17, '1', 'A', 'SANGAT BAIK'),
(134, '17991', '8E', 17, '1', 'A', 'SANGAT BAIK'),
(135, '17994', '8E', 17, '1', 'A', 'SANGAT BAIK'),
(136, '18002', '8E', 17, '1', 'A', 'SANGAT BAIK'),
(137, '17941', '8E', 17, '1', 'A', 'SANGAT BAIK'),
(138, '18003', '8E', 17, '1', 'A', 'SANGAT BAIK'),
(139, '18170', '8E', 17, '1', 'A', 'SANGAT BAIK'),
(140, '18130', '8E', 17, '1', 'B', ' BAIK'),
(141, '18151', '8F', 17, '1', 'B', ' BAIK'),
(144, '18158', '8F', 17, '1', 'A', 'SANGAT BAIK'),
(146, '18040', '8F', 17, '1', 'B', ' BAIK'),
(147, '18015', '8G', 17, '1', 'B', ' BAIK'),
(149, '17890', '8G', 17, '1', 'A', 'SANGAT BAIK'),
(150, '17927', '8G', 17, '1', 'B', ' BAIK'),
(151, '17895', '8G', 17, '1', 'B', 'BAIK'),
(152, '18155', '8G', 17, '1', 'A', 'SANGAT BAIK'),
(154, '17969', '8G', 17, '1', 'B', ' BAIK'),
(155, '18172', '8G', 17, '1', 'B', 'BAIK'),
(156, '18133', '8G', 17, '1', 'A', 'SANGAT BAIK'),
(159, '18050', '8H', 17, '1', 'A', 'SANGAT BAIK'),
(160, '18149', '8H', 17, '1', 'A', 'SANGAT BAIK'),
(161, '18157', '8H', 17, '1', 'A', 'SANGAT BAIK'),
(162, '17999', '8H', 17, '1', 'A', 'SANGAT BAIK'),
(163, '18033', '8H', 17, '1', 'A', 'SANGAT BAIK'),
(164, '17905', '8H', 17, '1', 'A', 'SANGAT BAIK'),
(165, '18035', '8H', 17, '1', 'A', 'SANGAT BAIK'),
(166, '18005', '8H', 17, '1', 'A', 'SANGAT BAIK'),
(167, '18167', '8H', 17, '1', 'A', 'SANGAT BAIK'),
(168, '18009', '8H', 17, '1', 'A', 'SANGAT BAIK'),
(170, '18106', '8H', 17, '1', 'A', 'SANGAT BAIK'),
(171, '18076', '8H', 17, '1', 'A', 'SANGAT BAIK'),
(172, '18109', '8H', 17, '1', 'A', 'SANGAT BAIK'),
(174, '17926', '8I', 17, '1', 'A', 'SANGAT BAIK'),
(176, '17972', '8I', 17, '1', 'A', 'SANGAT BAIK'),
(177, '17944', '8I', 17, '1', 'A', 'SANGAT BAIK'),
(178, '18129', '8I', 17, '1', 'A', 'SANGAT BAIK'),
(185, '18037', '8A', 1, '1', 'B', ''),
(186, '18142', '8A', 1, '1', 'B', ''),
(187, '17935', '8A', 1, '1', 'A', ''),
(188, '18114', '8B', 1, '1', 'B+', ''),
(189, '17896', '8C', 1, '1', 'A', ''),
(190, '17897', '8C', 1, '1', 'A', ''),
(191, '17915', '8C', 1, '1', 'B', ''),
(193, '17936', '8C', 1, '1', 'B', ''),
(194, '18014', '8C', 1, '1', 'B', ''),
(195, '17960', '8C', 1, '1', 'B', ''),
(196, '18016', '8D', 1, '1', 'B', ''),
(197, '18036', '8D', 1, '1', 'A', ''),
(198, '17953', '8D', 1, '1', 'A', ''),
(199, '18124', '8D', 1, '1', 'A', ''),
(200, '18057', '8E', 1, '1', 'A', ''),
(201, '18054', '8E', 1, '1', 'A', ''),
(202, '17951', '8E', 1, '1', 'A', ''),
(203, '18046', '8F', 1, '1', 'A', ''),
(204, '18093', '8F', 1, '1', 'B+', ''),
(205, '18118', '8F', 1, '1', 'A', ''),
(206, '18028', '8F', 1, '1', 'A', ''),
(207, '18051', '8G', 1, '1', 'A', ''),
(208, '17996', '8G', 1, '1', 'A', ''),
(209, '18073', '8G', 1, '1', 'B', ''),
(210, '17978', '8H', 1, '1', 'A', ''),
(211, '17948', '8H', 1, '1', 'B', ''),
(212, '17907', '8H', 1, '1', 'A', ''),
(213, '17997', '8I', 1, '1', 'A', ''),
(214, '18062', '8I', 1, '1', 'A', ''),
(215, '18131', '8I', 1, '1', 'A', ''),
(216, '18136', '8I', 1, '1', 'A', ''),
(217, '18189', '7A', 1, '1', 'A', ''),
(218, '18179', '7A', 1, '1', 'A', ''),
(219, '18197', '7A', 1, '1', 'A', ''),
(220, '18212', '7B', 1, '1', 'A', ''),
(221, '18209', '7B', 1, '1', 'A', ''),
(222, '18240', '7C', 1, '1', 'A', ''),
(223, '18245', '7C', 1, '1', 'A', ''),
(224, '18259', '7C', 1, '1', 'A', ''),
(225, '18290', '7D', 1, '1', 'A', ''),
(226, '18303', '7D', 1, '1', 'B+', ''),
(227, '18308', '7E', 1, '1', 'A', ''),
(228, '18313', '7E', 1, '1', 'A', ''),
(229, '18325', '7E', 1, '1', 'A', ''),
(230, '18329', '7E', 1, '1', 'A', ''),
(231, '18307', '7E', 1, '1', 'A', ''),
(232, '17650', '', 1, '1', 'A', ''),
(233, '18317', '7E', 1, '1', 'A', ''),
(234, '18358', '7F', 1, '1', 'B', ''),
(235, '18360', '7F', 1, '1', 'A', ''),
(236, '18221', '7B', 1, '1', 'A', ''),
(237, '18359', '7F', 1, '1', 'B+', ''),
(238, '18389', '7G', 1, '1', 'A', ''),
(239, '18383', '7G', 1, '1', 'A', ''),
(240, '18423', '7H', 1, '1', 'A', ''),
(284, '17774', '9E', 10, '1', 'A', 'sangat baik'),
(306, '18255', '7C', 10, '1', 'B', 'baik'),
(307, '18260', '7C', 10, '1', 'B', 'baik'),
(308, '18121', '8C', 10, '1', 'B', 'baik'),
(309, '17906', '8B', 14, '1', 'B', 'BAIK'),
(310, '18069', '8A', 13, '1', 'A', 'Sangat Baik'),
(311, '18022', '8A', 13, '1', 'A', 'Sangat Baik'),
(312, '18176', '7A', 18, '1', 'B', 'Baik'),
(313, '18177', '7A', 18, '1', 'B+', 'Baik sekali'),
(314, '18178', '7A', 18, '1', 'B', 'Baik'),
(315, '18179', '7A', 18, '1', 'B+', 'Baik sekali'),
(316, '18180', '7A', 18, '1', 'B+', 'Baik sekali'),
(317, '18181', '7A', 18, '1', 'B', 'Baik'),
(318, '18182', '7A', 18, '1', 'B', 'Baik'),
(319, '18183', '7A', 18, '1', 'B+', 'Baik sekali'),
(320, '18184', '7A', 18, '1', 'B', 'Baik'),
(321, '18185', '7A', 18, '1', 'B', 'Baik'),
(322, '18186', '7A', 18, '1', 'B', 'Baik'),
(323, '18187', '7A', 18, '1', 'B+', 'Baik sekali'),
(324, '18188', '7A', 18, '1', 'B', 'Baik'),
(325, '18189', '7A', 18, '1', 'B', 'Baik'),
(326, '18190', '7A', 18, '1', 'B+', 'baik sekali'),
(327, '18191', '7A', 18, '1', 'B+', 'baik sekali'),
(328, '18192', '7A', 18, '1', 'B+', 'baik sekali'),
(329, '18193', '7A', 18, '1', 'B+', 'baik sekali'),
(330, '18194', '7A', 18, '1', 'B', 'Baik'),
(331, '18195', '7A', 18, '1', 'B+', 'Baik sekali'),
(332, '18196', '7A', 18, '1', 'B+', 'Baik sekali'),
(333, '18197', '7A', 18, '1', 'B', 'baik'),
(334, '18198', '7A', 18, '1', 'B', 'baik'),
(335, '18199', '7A', 18, '1', 'B+', 'Baik sekali'),
(336, '18200', '7A', 18, '1', 'B+', 'Baik sekali'),
(337, '18201', '7A', 18, '1', 'B+', 'Baik sekali'),
(338, '18202', '7A', 18, '1', 'B+', 'Baik sekali'),
(339, '18203', '7A', 18, '1', 'B', 'Baik'),
(340, '18204', '7A', 18, '1', 'B+', 'Baik sekali'),
(341, '18205', '7A', 18, '1', 'B', 'baik'),
(342, '18206', '7A', 18, '1', 'B', 'Baik'),
(343, '18207', '7A', 18, '1', 'B+', 'Baik sekali'),
(344, '18174', '8A', 13, '1', 'A', 'Sangat Baik'),
(345, '18208', '7B', 18, '1', '', 'Baik sekali'),
(377, '18437', '7I', 13, '1', 'A', 'Sangat Baik'),
(378, '18443', '7I', 13, '1', 'A', 'Sangat Baik'),
(379, '18354', '7F', 13, '1', 'A', 'Sangat Baik'),
(380, '18415', '7H', 13, '1', 'A', 'Sangat Baik'),
(381, '18296', '7D', 13, '1', 'A', 'Sangat Baik'),
(382, '18335', '7E', 13, '1', 'A', 'Sangat Baik'),
(383, '18135', '8G', 11, '1', 'A', 'Sangat Baik'),
(384, '17902', '8C', 11, '1', 'A', 'Sangat Baik'),
(385, '18469', '8D', 11, '1', 'A', 'Sangat Baik'),
(386, '18260', '7C', 11, '1', 'A', 'Sangat Baik'),
(387, '18294', '7D', 11, '1', 'A', 'Sangat Baik'),
(388, '18303', '7D', 6, '1', 'B', 'Mampu menarikan tari Gado-gado Semarang dengan cuk'),
(389, '18315', '7E', 6, '1', 'B', 'Mampu menarikan tari Gado-gado Semarang dengan cuk'),
(390, '18322', '7E', 6, '1', 'A', 'Mampu menguasai tari Gado-gado Semarang dengan san'),
(391, '18038', '8C', 6, '1', 'B+', 'Mampu menarikan tari Gado-gado Semarang dengan  ba'),
(392, '17950', '8D', 6, '1', 'A', 'Mampu menguasai tari Gado-gado Semarang dengan san'),
(393, '17893', '8F', 6, '1', 'B+', 'Mampu menarikan tari Gado-gado Semarang dengan  ba'),
(394, '18025', '8G', 6, '1', 'A', 'Mampu menguasai tari Gado-gado Semarang dengan san'),
(395, '18017', '8H', 6, '1', 'B', 'Mampu menarikan tari Gado-gado Semarang dengan cuk'),
(396, '18059', '8H', 6, '1', 'B', 'Mampu menarikan tari Gado-gado Semarang dengan cuk'),
(397, '18020', '8I', 6, '1', 'B+', 'Mampu menarikan tari Gado-gado Semarang dengan  ba'),
(398, '18339', '7F', 6, '1', 'B', 'Mampu menarikan tari Gado-gado Semarang dengan cuk'),
(407, '18405', '7H', 12, '1', 'A', 'SANGAT BAIK'),
(408, '18311', '7E', 12, '1', 'A', 'SANGAT BAIK'),
(413, '18320', '7E', 10, '1', 'B', 'baik'),
(414, '18388', '7G', 10, '1', 'B', 'baik'),
(415, '18326', '7E', 10, '1', 'B', 'baik'),
(416, '18431', '7H', 10, '1', 'B', 'baik'),
(417, '18408', '7H', 10, '1', 'B', 'baik'),
(418, '18294', '7D', 10, '1', 'B', 'baik'),
(419, '18120', '8D', 10, '1', 'B', 'baik'),
(420, '18141', '8F', 10, '1', 'B', 'baik'),
(421, '18132', '8I', 10, '1', 'B', 'baik'),
(422, '17921', '8H', 10, '1', 'B', 'baik'),
(423, '18135', '8G', 10, '1', 'A', 'sangat baik'),
(424, '17902', '8C', 10, '1', 'A', 'sangat baik'),
(425, '18012', '8F', 10, '1', 'B', 'baik'),
(426, '17690', '9A', 10, '1', 'A', 'sangat baik'),
(427, '17815', '9C', 10, '1', 'A', 'sangat baik'),
(428, '18176', '7A', 16, '1', 'A', ''),
(429, '18177', '7A', 16, '1', 'A', ''),
(430, '18178', '7A', 16, '1', 'A', ''),
(431, '18179', '7A', 16, '1', 'A', ''),
(432, '18180', '7A', 16, '1', 'A', ''),
(433, '18181', '7A', 16, '1', 'A', ''),
(434, '18182', '7A', 16, '1', 'A', ''),
(435, '18183', '7A', 16, '1', 'A', ''),
(436, '18184', '7A', 16, '1', 'A', ''),
(437, '18185', '7A', 16, '1', 'A', ''),
(438, '18186', '7A', 16, '1', 'A', ''),
(439, '18187', '7A', 16, '1', 'A', ''),
(440, '18188', '7A', 16, '1', 'A', ''),
(441, '18189', '7A', 16, '1', 'A', ''),
(442, '18186', '7A', 4, '1', 'A', 'Sangat Baik'),
(443, '18195', '7A', 4, '1', 'A', 'Sangat Baik'),
(444, '18215', '7B', 4, '1', 'A', 'Sangat Baik'),
(445, '18213', '7B', 4, '1', 'A', 'Sangat Baik'),
(446, '18230', '7B', 4, '1', 'A', 'Sangat Baik'),
(447, '18330', '7E', 4, '1', 'A', 'Sangat Baik'),
(448, '18374', '7G', 4, '1', 'A', 'Sangat Baik'),
(449, '18089', '8B', 4, '1', 'A', 'Sangat Baik'),
(450, '18032', '8B', 4, '1', 'A', 'Sangat Baik'),
(451, '18067', '8D', 4, '1', 'A', 'Sangat Baik'),
(452, '18108', '8F', 4, '1', 'A', 'Sangat Baik'),
(453, '17971', '8G', 4, '1', 'A', 'Sangat Baik'),
(454, '18190', '7A', 16, '1', 'A', ''),
(455, '18191', '7A', 16, '1', 'A', ''),
(456, '18192', '7A', 16, '1', 'A', ''),
(457, '18193', '7A', 16, '1', 'A', ''),
(458, '18194', '7A', 16, '1', 'A', ''),
(459, '18195', '7A', 16, '1', 'A', ''),
(460, '18196', '7A', 16, '1', 'A', ''),
(461, '18197', '7A', 16, '1', 'A', ''),
(462, '18198', '7A', 16, '1', 'A', ''),
(463, '18199', '7A', 16, '1', 'A', ''),
(464, '18200', '7A', 16, '1', 'A', ''),
(465, '18201', '7A', 16, '1', 'A', ''),
(466, '18202', '7A', 16, '1', 'A', ''),
(467, '18203', '7A', 16, '1', 'A', ''),
(468, '18204', '7A', 16, '1', 'A', ''),
(469, '18205', '7A', 16, '1', 'A', ''),
(470, '18206', '7A', 16, '1', 'A', ''),
(471, '18207', '7A', 16, '1', 'A', ''),
(472, '18208', '7B', 16, '1', 'A', ''),
(473, '18209', '7B', 16, '1', 'A', ''),
(474, '18210', '7B', 16, '1', 'A', ''),
(475, '18211', '7B', 16, '1', 'A', ''),
(476, '18212', '7B', 16, '1', 'A', ''),
(477, '18213', '7B', 16, '1', 'A', ''),
(478, '18214', '7B', 16, '1', 'A', ''),
(479, '18215', '7B', 16, '1', 'B', ''),
(480, '18216', '7B', 16, '1', 'A', ''),
(481, '18217', '7B', 16, '1', 'A', ''),
(482, '18218', '7B', 16, '1', 'A', ''),
(483, '18219', '7B', 16, '1', 'A', ''),
(484, '18220', '7B', 16, '1', 'A', ''),
(485, '18176', '7A', 0, '1', '', '123'),
(486, '18221', '7B', 16, '1', 'A', ''),
(487, '18222', '7B', 16, '1', 'A', ''),
(488, '18223', '7B', 16, '1', 'A', ''),
(489, '18224', '7B', 16, '1', 'A', ''),
(490, '18225', '7B', 16, '1', 'A', ''),
(491, '18226', '7B', 16, '1', 'A', ''),
(492, '18227', '7B', 16, '1', 'A', ''),
(493, '18228', '7B', 16, '1', 'A', ''),
(494, '18229', '7B', 16, '1', 'A', ''),
(495, '18230', '7B', 16, '1', 'A', ''),
(496, '18231', '7B', 16, '1', 'A', ''),
(497, '18232', '7B', 16, '1', 'A', ''),
(498, '18233', '7B', 16, '1', 'A', ''),
(499, '18234', '7B', 16, '1', 'A', ''),
(500, '18235', '7B', 16, '1', 'A', ''),
(501, '18236', '7B', 16, '1', 'A', ''),
(502, '18237', '7B', 16, '1', 'A', ''),
(503, '18238', '7B', 16, '1', 'A', ''),
(504, '18239', '7B', 16, '1', 'A', ''),
(505, '18240', '7C', 16, '1', 'A', ''),
(506, '18241', '7C', 16, '1', 'A', ''),
(507, '18242', '7C', 16, '1', 'A', ''),
(508, '18243', '7C', 16, '1', 'A', ''),
(509, '18244', '7C', 16, '1', 'A', ''),
(510, '18245', '7C', 16, '1', 'A', ''),
(511, '18246', '7C', 16, '1', 'A', ''),
(512, '18247', '7C', 16, '1', 'A', ''),
(513, '18248', '7C', 16, '1', 'A', ''),
(514, '18249', '7C', 16, '1', 'A', ''),
(515, '18250', '7C', 16, '1', 'A', ''),
(516, '18251', '7C', 16, '1', 'A', ''),
(517, '18252', '7C', 16, '1', 'A', ''),
(518, '18253', '7C', 16, '1', 'A', ''),
(519, '18254', '7C', 16, '1', 'A', ''),
(520, '18255', '7C', 16, '1', 'A', ''),
(521, '18256', '7C', 16, '1', 'A', ''),
(522, '18257', '7C', 16, '1', 'A', ''),
(523, '18258', '7C', 16, '1', 'A', ''),
(524, '18259', '7C', 16, '1', 'A', ''),
(525, '18260', '7C', 16, '1', 'A', ''),
(526, '18261', '7C', 16, '1', 'A', ''),
(527, '18262', '7C', 16, '1', 'A', ''),
(528, '18263', '7C', 16, '1', 'A', ''),
(529, '18264', '7C', 16, '1', 'A', ''),
(530, '18265', '7C', 16, '1', 'A', ''),
(531, '18266', '7C', 16, '1', 'A', ''),
(532, '18267', '7C', 16, '1', 'A', ''),
(533, '18268', '7C', 16, '1', 'B', ''),
(534, '18269', '7C', 16, '1', 'A', ''),
(535, '18270', '7C', 16, '1', 'A', ''),
(536, '18271', '7C', 16, '1', 'A', ''),
(537, '18272', '7D', 16, '1', 'A', ''),
(538, '18273', '7D', 16, '1', 'A', ''),
(539, '18274', '7D', 16, '1', 'A', ''),
(540, '18275', '7D', 16, '1', 'A', ''),
(541, '18276', '7D', 16, '1', 'A', ''),
(542, '18277', '7D', 16, '1', 'A', ''),
(543, '18278', '7D', 16, '1', 'A', ''),
(544, '18279', '7D', 16, '1', 'A', ''),
(545, '18280', '7D', 16, '1', 'B', ''),
(546, '18281', '7D', 16, '1', 'A', ''),
(547, '18282', '7D', 16, '1', 'A', ''),
(548, '18283', '7D', 16, '1', 'A', ''),
(549, '18284', '7D', 16, '1', 'A', ''),
(550, '18289', '7D', 16, '1', 'A', ''),
(551, '18176', '7A', 2, '1', '', ''),
(552, '18285', '7D', 16, '1', 'A', ''),
(553, '18286', '7D', 16, '1', 'A', ''),
(554, '18287', '7D', 16, '1', 'A', ''),
(555, '18288', '7D', 16, '1', 'A', ''),
(556, '18290', '7D', 16, '1', 'A', ''),
(557, '18291', '7D', 16, '1', 'A', ''),
(558, '18292', '7D', 16, '1', 'A', ''),
(559, '18293', '7D', 16, '1', 'A', ''),
(560, '18294', '7D', 16, '1', 'A', ''),
(561, '18295', '7D', 16, '1', 'A', ''),
(562, '18296', '7D', 16, '1', 'A', ''),
(563, '18297', '7D', 16, '1', 'B', ''),
(564, '18298', '7D', 16, '1', 'A', ''),
(565, '18299', '7D', 16, '1', 'A', ''),
(566, '18300', '7D', 16, '1', 'A', ''),
(567, '18301', '7D', 16, '1', 'A', ''),
(568, '18302', '7D', 16, '1', 'A', ''),
(569, '18303', '7D', 16, '1', 'A', ''),
(570, '18304', '7E', 16, '1', 'A', ''),
(571, '18305', '7E', 16, '1', 'A', ''),
(572, '18306', '7E', 16, '1', 'A', ''),
(573, '18307', '7E', 16, '1', 'A', ''),
(574, '18308', '7E', 16, '1', 'A', ''),
(575, '18309', '7E', 16, '1', 'B', ''),
(576, '18310', '7E', 16, '1', 'A', ''),
(577, '18311', '7E', 16, '1', 'A', ''),
(578, '18312', '7E', 16, '1', 'A', ''),
(579, '18313', '7E', 16, '1', 'A', ''),
(580, '18314', '7E', 16, '1', 'A', ''),
(581, '18315', '7E', 16, '1', 'A', ''),
(582, '18316', '7E', 16, '1', 'A', ''),
(583, '18317', '7E', 16, '1', 'A', ''),
(584, '18318', '7E', 16, '1', 'A', ''),
(585, '18319', '7E', 16, '1', 'A', ''),
(586, '18320', '7E', 16, '1', 'A', ''),
(587, '18321', '7E', 16, '1', 'A', ''),
(588, '18322', '7E', 16, '1', 'A', ''),
(589, '18323', '7E', 16, '1', 'A', ''),
(590, '18324', '7E', 16, '1', 'A', ''),
(591, '18325', '7E', 16, '1', 'A', ''),
(592, '18326', '7E', 16, '1', 'A', ''),
(593, '18327', '7E', 16, '1', 'A', ''),
(594, '18328', '7E', 16, '1', 'A', ''),
(595, '18329', '7E', 16, '1', 'A', ''),
(596, '18330', '7E', 16, '1', 'A', ''),
(597, '18331', '7E', 16, '1', 'A', ''),
(598, '18332', '7E', 16, '1', 'A', ''),
(599, '18333', '7E', 16, '1', 'A', ''),
(600, '18334', '7E', 16, '1', 'A', ''),
(601, '18335', '7E', 16, '1', 'A', ''),
(602, '18336', '7F', 16, '1', 'A', ''),
(603, '18337', '7F', 16, '1', 'A', ''),
(604, '18338', '7F', 16, '1', 'A', ''),
(605, '18339', '7F', 16, '1', 'A', ''),
(606, '18340', '7F', 16, '1', 'A', ''),
(607, '18341', '7F', 16, '1', 'A', ''),
(608, '18342', '7F', 16, '1', 'A', ''),
(609, '18343', '7F', 16, '1', 'A', ''),
(610, '18344', '7F', 16, '1', 'A', ''),
(611, '18345', '7F', 16, '1', 'A', ''),
(612, '18346', '7F', 16, '1', 'A', ''),
(613, '18347', '7F', 16, '1', 'A', ''),
(614, '18348', '7F', 16, '1', 'A', ''),
(615, '18349', '7F', 16, '1', 'A', ''),
(616, '18350', '7F', 16, '1', 'A', ''),
(617, '18351', '7F', 16, '1', 'A', ''),
(618, '18352', '7F', 16, '1', 'A', ''),
(619, '18353', '7F', 16, '1', 'A', ''),
(620, '18354', '7F', 16, '1', 'A', ''),
(621, '18355', '7F', 16, '1', 'A', ''),
(622, '18356', '7F', 16, '1', 'A', ''),
(623, '18357', '7F', 16, '1', 'A', ''),
(624, '18358', '7F', 16, '1', 'A', ''),
(625, '18359', '7F', 16, '1', 'A', ''),
(626, '18360', '7F', 16, '1', 'A', ''),
(627, '18361', '7F', 16, '1', 'A', ''),
(628, '18362', '7F', 16, '1', 'A', ''),
(629, '18363', '7F', 16, '1', 'A', ''),
(630, '18364', '7F', 16, '1', 'A', ''),
(631, '18365', '7F', 16, '1', 'A', ''),
(632, '18366', '7F', 16, '1', 'A', ''),
(633, '18367', '7F', 16, '1', 'A', ''),
(634, '18368', '7G', 16, '1', 'A', ''),
(635, '18369', '7G', 16, '1', 'A', ''),
(636, '18370', '7G', 16, '1', 'A', ''),
(637, '18371', '7G', 16, '1', 'A', ''),
(638, '18372', '7G', 16, '1', 'A', ''),
(639, '18373', '7G', 16, '1', 'A', ''),
(640, '18374', '7G', 16, '1', 'B', ''),
(641, '18376', '7G', 16, '1', 'A', ''),
(642, '18377', '7G', 16, '1', 'A', ''),
(643, '18378', '7G', 16, '1', 'A', ''),
(644, '18379', '7G', 16, '1', 'A', ''),
(645, '18380', '7G', 16, '1', 'A', ''),
(646, '18381', '7G', 16, '1', 'A', ''),
(647, '18382', '7G', 16, '1', 'A', ''),
(648, '18383', '7G', 16, '1', 'A', ''),
(649, '18384', '7G', 16, '1', 'A', ''),
(650, '18385', '7G', 16, '1', 'A', ''),
(651, '18386', '7G', 16, '1', 'A', ''),
(652, '18387', '7G', 16, '1', 'A', ''),
(653, '18389', '7G', 16, '1', 'A', ''),
(654, '18388', '7G', 16, '1', 'A', ''),
(655, '18390', '7G', 16, '1', 'A', ''),
(656, '18391', '7G', 16, '1', 'A', ''),
(657, '18392', '7G', 16, '1', 'A', ''),
(658, '18393', '7G', 16, '1', 'A', ''),
(659, '18394', '7G', 16, '1', 'A', ''),
(660, '18395', '7G', 16, '1', 'A', ''),
(661, '18396', '7G', 16, '1', 'A', ''),
(662, '18397', '7G', 16, '1', 'A', ''),
(663, '18398', '7G', 16, '1', 'A', ''),
(664, '18467', '7G', 16, '1', 'A', ''),
(665, '18399', '7G', 16, '1', 'A', ''),
(666, '18400', '7H', 16, '1', 'B', ''),
(667, '18401', '7H', 16, '1', 'B', ''),
(668, '18402', '7H', 16, '1', 'B', ''),
(669, '18403', '7H', 16, '1', 'A', ''),
(670, '18404', '7H', 16, '1', 'A', ''),
(671, '18405', '7H', 16, '1', 'A', ''),
(672, '18406', '7H', 16, '1', 'A', ''),
(673, '18407', '7H', 16, '1', 'B', ''),
(674, '18408', '7H', 16, '1', 'A', ''),
(675, '18409', '7H', 16, '1', 'A', ''),
(676, '18410', '7H', 16, '1', 'A', ''),
(677, '18411', '7H', 16, '1', 'A', ''),
(678, '18412', '7H', 16, '1', 'A', ''),
(679, '18413', '7H', 16, '1', 'A', ''),
(680, '18414', '7H', 16, '1', 'A', ''),
(681, '18415', '7H', 16, '1', 'A', ''),
(682, '18416', '7H', 16, '1', 'A', ''),
(683, '18417', '7H', 16, '1', 'A', ''),
(684, '18418', '7H', 16, '1', 'A', ''),
(685, '18419', '7H', 16, '1', 'A', ''),
(686, '18420', '7H', 16, '1', 'A', ''),
(687, '18421', '7H', 16, '1', 'A', ''),
(688, '18422', '7H', 16, '1', 'A', ''),
(689, '18423', '7H', 16, '1', 'A', ''),
(690, '18424', '7H', 16, '1', 'A', ''),
(691, '18425', '7H', 16, '1', 'A', ''),
(692, '18426', '7H', 16, '1', 'A', ''),
(693, '18427', '7H', 16, '1', 'A', ''),
(694, '18428', '7H', 16, '1', 'A', ''),
(695, '18429', '7H', 16, '1', 'A', ''),
(696, '18430', '7H', 16, '1', 'A', ''),
(697, '18431', '7H', 16, '1', 'A', ''),
(698, '18432', '7I', 16, '1', 'A', ''),
(699, '18433', '7I', 16, '1', 'A', ''),
(700, '18434', '7I', 16, '1', 'A', ''),
(701, '18435', '7I', 16, '1', 'A', ''),
(702, '18436', '7I', 16, '1', 'A', ''),
(703, '18437', '7I', 16, '1', 'A', ''),
(704, '18438', '7I', 16, '1', 'C', ''),
(705, '18439', '7I', 16, '1', 'A', ''),
(706, '18440', '7I', 16, '1', 'A', ''),
(707, '18441', '7I', 16, '1', 'A', ''),
(708, '18442', '7I', 16, '1', 'A', ''),
(709, '18443', '7I', 16, '1', 'A', ''),
(710, '18444', '7I', 16, '1', 'A', ''),
(711, '18445', '7I', 16, '1', 'A', ''),
(712, '18446', '7I', 16, '1', 'A', ''),
(713, '18447', '7I', 16, '1', 'A', ''),
(714, '18448', '7I', 16, '1', 'A', ''),
(715, '18449', '7I', 16, '1', 'A', ''),
(716, '18450', '7I', 16, '1', 'A', ''),
(717, '18451', '7I', 16, '1', 'A', ''),
(718, '18452', '7I', 16, '1', 'A', ''),
(719, '18453', '7I', 16, '1', 'A', ''),
(720, '18454', '7I', 16, '1', 'A', ''),
(721, '18455', '7I', 16, '1', 'A', ''),
(722, '18456', '7I', 16, '1', 'A', ''),
(723, '18457', '7I', 16, '1', 'A', ''),
(724, '18458', '7I', 16, '1', 'A', ''),
(725, '18459', '7I', 16, '1', 'A', ''),
(726, '18460', '7I', 16, '1', 'A', ''),
(727, '18461', '7I', 16, '1', 'A', ''),
(728, '18462', '7I', 16, '1', 'A', ''),
(729, '18463', '7I', 16, '1', 'A', ''),
(730, '18421', '7H', 14, '1', 'B', 'BAIK'),
(731, '18107', '8C', 14, '1', 'B', 'BAIK'),
(732, '17930', '8E', 14, '1', 'B', 'BAIK'),
(733, '18030', '8H', 14, '1', 'B', 'BAIK'),
(734, '18041', '8I', 14, '1', 'B', 'BAIK'),
(735, '17932', '8H', 14, '1', 'B', 'BAIK'),
(736, '17933', '8F', 14, '1', 'B', 'BAIK'),
(737, '17982', '8F', 14, '1', 'B', 'BAIK'),
(738, '18058', '8A', 14, '1', 'B', 'BAIK'),
(739, '18066', '8I', 14, '1', 'B', 'BAIK'),
(740, '18075', '8E', 14, '1', 'B', 'BAIK');

-- --------------------------------------------------------

--
-- Table structure for table `guru_aktif`
--

CREATE TABLE IF NOT EXISTS `guru_aktif` (
  `id` int(11) NOT NULL AUTO_INCREMENT,
  `nip` varchar(50) NOT NULL,
  `ktsp_mapel_id` int(11) NOT NULL,
  `k13_mapel_id` int(11) NOT NULL,
  `kelas` varchar(5) NOT NULL,
  `subkelas` varchar(5) NOT NULL,
  `status` tinyint(1) NOT NULL,
  `timestamp` timestamp NOT NULL DEFAULT CURRENT_TIMESTAMP,
  `semester` varchar(1) NOT NULL,
  PRIMARY KEY (`id`),
  UNIQUE KEY `id_2` (`id`),
  KEY `id` (`id`),
  KEY `nip` (`nip`)
) ENGINE=InnoDB  DEFAULT CHARSET=latin1 AUTO_INCREMENT=691 ;

--
-- Dumping data for table `guru_aktif`
--

INSERT INTO `guru_aktif` (`id`, `nip`, `ktsp_mapel_id`, `k13_mapel_id`, `kelas`, `subkelas`, `status`, `timestamp`, `semester`) VALUES
(1, '197105101993031005', 102, 102, '9', 'A', 0, '2015-07-05 01:47:49', '1'),
(2, '197105101993031005', 102, 102, '9', 'B', 0, '2015-07-05 01:47:49', '1'),
(3, '197105101993031005', 102, 102, '9', 'C', 0, '2015-07-05 01:47:49', '1'),
(4, '197105101993031005', 102, 102, '9', 'D', 0, '2015-07-05 01:47:49', '1'),
(5, '197105101993031005', 102, 102, '9', 'E', 0, '2015-07-05 01:47:49', '1'),
(6, '197105101993031005', 102, 102, '9', 'F', 0, '2015-07-05 01:47:50', '1'),
(7, '197105101993031005', 102, 102, '9', 'G', 0, '2015-07-05 01:47:50', '1'),
(8, '197105101993031005', 102, 102, '9', 'H', 0, '2015-07-05 01:47:51', '1'),
(9, '197105101993031005', 102, 102, '9', 'I', 0, '2015-07-05 01:47:51', '1'),
(10, '197105101993031005', 102, 102, '7', 'A', 0, '2015-07-05 01:47:59', '1'),
(11, '197105101993031005', 102, 102, '7', 'B', 0, '2015-07-05 01:47:59', '1'),
(12, '197105101993031005', 102, 102, '7', 'C', 0, '2015-07-05 01:48:00', '1'),
(13, '197105101993031005', 102, 102, '7', 'D', 0, '2015-07-05 01:48:00', '1'),
(14, '197105101993031005', 102, 102, '7', 'E', 0, '2015-07-05 01:48:00', '1'),
(15, '197204271992032001', 102, 102, '8', 'A', 0, '2015-07-05 01:48:46', '1'),
(16, '197204271992032001', 102, 102, '8', 'B', 0, '2015-07-05 01:48:47', '1'),
(17, '197204271992032001', 102, 102, '8', 'C', 0, '2015-07-05 01:48:47', '1'),
(18, '197204271992032001', 102, 102, '8', 'D', 0, '2015-07-05 01:48:48', '1'),
(19, '197204271992032001', 102, 102, '8', 'E', 0, '2015-07-05 01:48:48', '1'),
(20, '197204271992032001', 102, 102, '8', 'F', 0, '2015-07-05 01:48:48', '1'),
(21, '197204271992032001', 102, 102, '8', 'G', 0, '2015-07-05 01:48:49', '1'),
(22, '197204271992032001', 102, 102, '8', 'H', 0, '2015-07-05 01:48:49', '1'),
(23, '197204271992032001', 102, 102, '8', 'I', 0, '2015-07-05 01:48:50', '1'),
(24, '197204271992032001', 102, 102, '7', 'F', 0, '2015-07-05 01:48:56', '1'),
(25, '197204271992032001', 102, 102, '7', 'G', 0, '2015-07-05 01:48:56', '1'),
(26, '197204271992032001', 102, 102, '7', 'H', 0, '2015-07-05 01:48:56', '1'),
(27, '197204271992032001', 102, 102, '7', 'I', 0, '2015-07-05 01:48:57', '1'),
(28, '197409052005012002', 101, 101, '8', 'D', 0, '2015-07-05 01:49:53', '1'),
(29, '197007122001122001', 103, 103, '7', 'D', 0, '2015-07-05 01:56:23', '1'),
(30, '197007122001122001', 103, 103, '8', 'D', 0, '2015-07-05 01:56:29', '1'),
(31, '197007122001122001', 103, 103, '9', 'D', 0, '2015-07-05 01:56:31', '1'),
(32, '197203132008012005', 104, 104, '7', 'C', 0, '2015-07-05 01:57:07', '1'),
(33, '197203132008012005', 104, 104, '8', 'C', 0, '2015-07-05 01:57:08', '1'),
(34, '197203132008012005', 104, 104, '9', 'C', 0, '2015-07-05 01:57:10', '1'),
(35, '195707221986032006', 2, 2, '8', 'B', 0, '2015-07-05 01:59:01', '1'),
(36, '195707221986032006', 2, 2, '8', 'C', 0, '2015-07-05 01:59:01', '1'),
(37, '195707221986032006', 2, 2, '8', 'D', 0, '2015-07-05 01:59:01', '1'),
(38, '195707221986032006', 2, 2, '8', 'E', 0, '2015-07-05 01:59:02', '1'),
(39, '195707221986032006', 2, 2, '8', 'F', 0, '2015-07-05 01:59:02', '1'),
(40, '195707221986032006', 2, 2, '8', 'G', 0, '2015-07-05 01:59:02', '1'),
(41, '195707221986032006', 2, 2, '8', 'H', 0, '2015-07-05 01:59:03', '1'),
(42, '195707221986032006', 2, 2, '8', 'I', 0, '2015-07-05 01:59:03', '1'),
(43, '196701172006041005', 2, 2, '7', 'A', 0, '2015-07-05 01:59:20', '1'),
(44, '196701172006041005', 2, 2, '7', 'B', 0, '2015-07-05 01:59:21', '1'),
(45, '196701172006041005', 2, 2, '7', 'C', 0, '2015-07-05 01:59:21', '1'),
(46, '196701172006041005', 2, 2, '7', 'D', 0, '2015-07-05 01:59:22', '1'),
(47, '196701172006041005', 2, 2, '7', 'E', 0, '2015-07-05 01:59:22', '1'),
(48, '196701172006041005', 2, 2, '7', 'F', 0, '2015-07-05 01:59:22', '1'),
(49, '196701172006041005', 2, 2, '7', 'G', 0, '2015-07-05 01:59:23', '1'),
(50, '196701172006041005', 2, 2, '8', 'A', 0, '2015-07-05 01:59:31', '1'),
(58, '197306172008012011', 2, 2, '7', 'H', 0, '2015-07-05 02:00:14', '1'),
(59, '197306172008012011', 2, 2, '7', 'I', 0, '2015-07-05 02:00:15', '1'),
(60, '197306172008012011', 2, 2, '9', 'A', 0, '2015-07-05 02:00:16', '1'),
(61, '197306172008012011', 2, 2, '9', 'B', 0, '2015-07-05 02:00:16', '1'),
(62, '197306172008012011', 2, 2, '9', 'C', 0, '2015-07-05 02:00:17', '1'),
(63, '197306172008012011', 2, 2, '9', 'D', 0, '2015-07-05 02:00:18', '1'),
(64, '197306172008012011', 2, 2, '9', 'E', 0, '2015-07-05 02:00:18', '1'),
(65, '197306172008012011', 2, 2, '9', 'F', 0, '2015-07-05 02:00:18', '1'),
(66, '197306172008012011', 2, 2, '9', 'G', 0, '2015-07-05 02:00:19', '1'),
(67, '197306172008012011', 2, 2, '9', 'H', 0, '2015-07-05 02:00:20', '1'),
(68, '197306172008012011', 2, 2, '9', 'I', 0, '2015-07-05 02:00:20', '1'),
(69, '196509201995122005', 3, 3, '9', 'A', 0, '2015-07-05 02:06:04', '1'),
(70, '196509201995122005', 3, 3, '9', 'B', 0, '2015-07-05 02:06:04', '1'),
(71, '196509201995122005', 3, 3, '9', 'C', 0, '2015-07-05 02:06:04', '1'),
(72, '196509201995122005', 3, 3, '9', 'D', 0, '2015-07-05 02:06:05', '1'),
(73, '196509201995122005', 3, 3, '7', 'A', 0, '2015-07-05 02:06:19', '1'),
(74, '196804192008012004', 3, 3, '8', 'D', 0, '2015-07-05 02:07:15', '1'),
(75, '196804192008012004', 3, 3, '8', 'E', 0, '2015-07-05 02:07:16', '1'),
(76, '196804192008012004', 3, 3, '8', 'F', 0, '2015-07-05 02:07:16', '1'),
(77, '196804192008012004', 3, 3, '8', 'G', 0, '2015-07-05 02:07:16', '1'),
(78, '196804192008012004', 3, 3, '8', 'H', 0, '2015-07-05 02:07:18', '1'),
(79, '196804192008012004', 3, 3, '8', 'I', 0, '2015-07-05 02:07:18', '1'),
(84, '196812152008012007', 3, 3, '7', 'I', 0, '2015-07-05 02:07:40', '1'),
(85, '196812152008012007', 3, 3, '7', 'H', 0, '2015-07-05 02:07:54', '1'),
(86, '196812152008012007', 3, 3, '7', 'G', 0, '2015-07-05 02:07:54', '1'),
(87, '196812152008012007', 3, 3, '8', 'A', 0, '2015-07-05 02:08:32', '1'),
(88, '196812152008012007', 3, 3, '8', 'B', 0, '2015-07-05 02:08:33', '1'),
(89, '196812152008012007', 3, 3, '8', 'C', 0, '2015-07-05 02:08:33', '1'),
(90, '196906302005012007', 3, 3, '9', 'E', 0, '2015-07-05 02:09:10', '1'),
(91, '196906302005012007', 3, 3, '9', 'F', 0, '2015-07-05 02:09:11', '1'),
(92, '196906302005012007', 3, 3, '9', 'G', 0, '2015-07-05 02:09:11', '1'),
(93, '196906302005012007', 3, 3, '9', 'H', 0, '2015-07-05 02:09:12', '1'),
(94, '196906302005012007', 3, 3, '9', 'I', 0, '2015-07-05 02:09:12', '1'),
(95, '197612062007012010', 3, 3, '7', 'B', 0, '2015-07-05 02:09:32', '1'),
(96, '197612062007012010', 3, 3, '7', 'C', 0, '2015-07-05 02:09:32', '1'),
(97, '197612062007012010', 3, 3, '7', 'D', 0, '2015-07-05 02:09:33', '1'),
(98, '197612062007012010', 3, 3, '7', 'E', 0, '2015-07-05 02:09:33', '1'),
(99, '197612062007012010', 3, 3, '7', 'F', 0, '2015-07-05 02:09:34', '1'),
(100, '196112221986032010', 4, 4, '8', 'D', 0, '2015-07-05 02:10:36', '1'),
(101, '196112221986032010', 4, 4, '8', 'E', 0, '2015-07-05 02:10:37', '1'),
(102, '196112221986032010', 4, 4, '8', 'F', 0, '2015-07-05 02:10:37', '1'),
(103, '196112221986032010', 4, 4, '8', 'G', 0, '2015-07-05 02:10:38', '1'),
(104, '196112221986032010', 4, 4, '8', 'H', 0, '2015-07-05 02:10:38', '1'),
(105, '196112221986032010', 4, 4, '8', 'I', 0, '2015-07-05 02:10:38', '1'),
(106, '196301091986012004', 4, 4, '9', 'F', 0, '2015-07-05 02:10:55', '1'),
(107, '196301091986012004', 4, 4, '9', 'G', 0, '2015-07-05 02:10:55', '1'),
(108, '196301091986012004', 4, 4, '9', 'H', 0, '2015-07-05 02:10:55', '1'),
(109, '196301091986012004', 4, 4, '9', 'I', 0, '2015-07-05 02:10:56', '1'),
(110, '196301091986012004', 4, 4, '7', 'I', 0, '2015-07-05 02:11:00', '1'),
(111, '196405051998031004', 4, 4, '8', 'A', 0, '2015-07-05 02:11:24', '1'),
(112, '196405051998031004', 4, 4, '8', 'B', 0, '2015-07-05 02:11:24', '1'),
(113, '196405051998031004', 4, 4, '8', 'C', 0, '2015-07-05 02:11:24', '1'),
(114, '196405051998031004', 4, 4, '7', 'G', 0, '2015-07-05 02:11:28', '1'),
(118, '196507281989022001', 4, 4, '9', 'A', 0, '2015-07-05 02:12:44', '1'),
(119, '196507281989022001', 4, 4, '9', 'B', 0, '2015-07-05 02:12:45', '1'),
(120, '196507281989022001', 4, 4, '9', 'C', 0, '2015-07-05 02:12:45', '1'),
(121, '196507281989022001', 4, 4, '9', 'D', 0, '2015-07-05 02:12:45', '1'),
(122, '196507281989022001', 4, 4, '9', 'E', 0, '2015-07-05 02:12:46', '1'),
(123, '196308021986032013', 4, 4, '7', 'A', 0, '2015-07-05 02:13:56', '1'),
(124, '196308021986032013', 4, 4, '7', 'B', 0, '2015-07-05 02:13:57', '1'),
(125, '196308021986032013', 4, 4, '7', 'C', 0, '2015-07-05 02:13:57', '1'),
(126, '196308021986032013', 4, 4, '7', 'D', 0, '2015-07-05 02:13:57', '1'),
(127, '196308021986032013', 4, 4, '7', 'E', 0, '2015-07-05 02:13:57', '1'),
(130, '196405051998031004', 4, 4, '7', 'H', 0, '2015-07-05 02:15:39', '1'),
(131, '197702152008011008', 5, 5, '9', 'F', 0, '2015-07-05 02:16:43', '1'),
(132, '197702152008011008', 5, 5, '9', 'G', 0, '2015-07-05 02:16:43', '1'),
(133, '197702152008011008', 5, 5, '9', 'H', 0, '2015-07-05 02:16:44', '1'),
(134, '197702152008011008', 5, 5, '9', 'I', 0, '2015-07-05 02:16:44', '1'),
(135, '197702152008011008', 5, 5, '7', 'I', 0, '2015-07-05 02:16:52', '1'),
(136, '195610281982032005', 5, 5, '9', 'A', 0, '2015-07-05 02:17:09', '1'),
(138, '195610281982032005', 5, 5, '9', 'B', 0, '2015-07-05 02:17:11', '1'),
(139, '195610281982032005', 5, 5, '9', 'C', 0, '2015-07-05 02:17:11', '1'),
(140, '195610281982032005', 5, 5, '9', 'D', 0, '2015-07-05 02:17:11', '1'),
(142, '196704041998022003', 5, 5, '7', 'A', 0, '2015-07-05 02:17:29', '1'),
(143, '196704041998022003', 5, 5, '7', 'B', 0, '2015-07-05 02:17:29', '1'),
(144, '196704041998022003', 5, 5, '7', 'C', 0, '2015-07-05 02:17:30', '1'),
(145, '196704041998022003', 5, 5, '7', 'D', 0, '2015-07-05 02:17:30', '1'),
(146, '196704041998022003', 5, 5, '7', 'E', 0, '2015-07-05 02:17:30', '1'),
(147, '196704041998022003', 5, 5, '7', 'F', 0, '2015-07-05 02:17:31', '1'),
(148, '196308311989011001', 5, 5, '8', 'F', 0, '2015-07-05 02:17:43', '1'),
(149, '196308311989011001', 5, 5, '8', 'G', 0, '2015-07-05 02:17:47', '1'),
(150, '196308311989011001', 5, 5, '8', 'H', 0, '2015-07-05 02:17:48', '1'),
(151, '196308311989011001', 5, 5, '8', 'I', 0, '2015-07-05 02:17:48', '1'),
(152, '196308311989011001', 5, 5, '7', 'G', 0, '2015-07-05 02:17:49', '1'),
(153, '196308311989011001', 5, 5, '7', 'H', 0, '2015-07-05 02:17:49', '1'),
(154, '196210161985031006', 5, 5, '8', 'A', 0, '2015-07-05 02:18:03', '1'),
(155, '196210161985031006', 5, 5, '8', 'B', 0, '2015-07-05 02:18:04', '1'),
(156, '196210161985031006', 5, 5, '8', 'C', 0, '2015-07-05 02:18:04', '1'),
(157, '196210161985031006', 5, 5, '8', 'D', 0, '2015-07-05 02:18:05', '1'),
(158, '196210161985031006', 5, 5, '8', 'E', 0, '2015-07-05 02:18:05', '1'),
(159, '197004132008011009', 6, 6, '8', 'I', 0, '2015-07-05 02:18:29', '1'),
(160, '197004132008011009', 6, 6, '7', 'E', 0, '2015-07-05 02:18:33', '1'),
(161, '197004132008011009', 6, 6, '7', 'F', 0, '2015-07-05 02:18:34', '1'),
(162, '197004132008011009', 6, 6, '7', 'G', 0, '2015-07-05 02:18:34', '1'),
(163, '197004132008011009', 6, 6, '7', 'H', 0, '2015-07-05 02:18:34', '1'),
(164, '197004132008011009', 6, 6, '7', 'I', 0, '2015-07-05 02:18:35', '1'),
(165, '197008221998021002', 6, 6, '9', 'E', 0, '2015-07-05 02:19:21', '1'),
(166, '197008221998021002', 6, 6, '9', 'F', 0, '2015-07-05 02:19:21', '1'),
(167, '197008221998021002', 6, 6, '9', 'H', 0, '2015-07-05 02:19:22', '1'),
(168, '197008221998021002', 6, 6, '9', 'G', 0, '2015-07-05 02:19:23', '1'),
(169, '197008221998021002', 6, 6, '9', 'I', 0, '2015-07-05 02:19:23', '1'),
(170, '197105082007012011', 6, 6, '8', 'B', 0, '2015-07-05 02:19:38', '1'),
(171, '197105082007012011', 6, 6, '8', 'C', 0, '2015-07-05 02:19:42', '1'),
(172, '197105082007012011', 6, 6, '7', 'A', 0, '2015-07-05 02:19:45', '1'),
(173, '197105082007012011', 6, 6, '7', 'B', 0, '2015-07-05 02:19:45', '1'),
(174, '197105082007012011', 6, 6, '7', 'C', 0, '2015-07-05 02:19:46', '1'),
(175, '197105082007012011', 6, 6, '7', 'D', 0, '2015-07-05 02:19:46', '1'),
(177, '195607281983011001', 6, 6, '8', 'E', 0, '2015-07-05 02:20:14', '1'),
(178, '195607281983011001', 6, 6, '8', 'F', 0, '2015-07-05 02:20:15', '1'),
(179, '195607281983011001', 6, 6, '8', 'G', 0, '2015-07-05 02:20:15', '1'),
(181, '195704071979011001', 6, 6, '9', 'A', 0, '2015-07-05 02:20:27', '1'),
(182, '195704071979011001', 6, 6, '9', 'B', 0, '2015-07-05 02:20:27', '1'),
(183, '195704071979011001', 6, 6, '9', 'C', 0, '2015-07-05 02:20:28', '1'),
(184, '195704071979011001', 6, 6, '9', 'D', 0, '2015-07-05 02:20:28', '1'),
(185, '195704071979011001', 6, 6, '8', 'A', 0, '2015-07-05 02:20:32', '1'),
(186, '196511172007012012', 7, 7, '9', 'B', 0, '2015-07-05 02:21:02', '1'),
(187, '196511172007012012', 7, 7, '9', 'A', 0, '2015-07-05 02:21:02', '1'),
(188, '196511172007012012', 7, 7, '9', 'C', 0, '2015-07-05 02:21:03', '1'),
(189, '196511172007012012', 7, 7, '9', 'D', 0, '2015-07-05 02:21:03', '1'),
(190, '196511172007012012', 7, 7, '9', 'E', 0, '2015-07-05 02:21:03', '1'),
(191, '196511172007012012', 7, 7, '7', 'I', 0, '2015-07-05 02:21:08', '1'),
(192, '195804121995121001', 7, 7, '9', 'F', 0, '2015-07-05 02:21:25', '1'),
(193, '195804121995121001', 7, 7, '9', 'G', 0, '2015-07-05 02:21:26', '1'),
(194, '195804121995121001', 7, 7, '9', 'H', 0, '2015-07-05 02:21:26', '1'),
(195, '195804121995121001', 7, 7, '9', 'I', 0, '2015-07-05 02:21:26', '1'),
(196, '195804121995121001', 7, 7, '7', 'D', 0, '2015-07-05 02:21:32', '1'),
(197, '195804121995121001', 7, 7, '7', 'E', 0, '2015-07-05 02:21:32', '1'),
(198, '197612142008012007', 7, 7, '8', 'A', 0, '2015-07-05 02:21:45', '1'),
(199, '197612142008012007', 7, 7, '8', 'B', 0, '2015-07-05 02:21:45', '1'),
(200, '197612142008012007', 7, 7, '8', 'C', 0, '2015-07-05 02:21:46', '1'),
(201, '197612142008012007', 7, 7, '8', 'D', 0, '2015-07-05 02:21:46', '1'),
(202, '197612142008012007', 7, 7, '8', 'E', 0, '2015-07-05 02:21:47', '1'),
(203, '197612142008012007', 7, 7, '7', 'A', 0, '2015-07-05 02:21:50', '1'),
(204, '197004252005012011', 7, 7, '8', 'F', 0, '2015-07-05 02:22:02', '1'),
(205, '197004252005012011', 7, 7, '8', 'G', 0, '2015-07-05 02:22:02', '1'),
(206, '197004252005012011', 7, 7, '8', 'H', 0, '2015-07-05 02:22:03', '1'),
(207, '197004252005012011', 7, 7, '8', 'I', 0, '2015-07-05 02:22:03', '1'),
(208, '197004252005012011', 7, 7, '7', 'B', 0, '2015-07-05 02:22:08', '1'),
(209, '197004252005012011', 7, 7, '7', 'C', 0, '2015-07-05 02:22:09', '1'),
(210, '196701171998022004', 7, 7, '7', 'F', 0, '2015-07-05 02:22:20', '1'),
(211, '196701171998022004', 7, 7, '7', 'G', 0, '2015-07-05 02:22:21', '1'),
(212, '196701171998022004', 7, 7, '7', 'H', 0, '2015-07-05 02:22:22', '1'),
(213, '195910081983031013', 8, 8, '8', 'A', 0, '2015-07-05 02:22:33', '1'),
(214, '195910081983031013', 8, 8, '8', 'B', 0, '2015-07-05 02:22:34', '1'),
(215, '195910081983031013', 8, 8, '8', 'C', 0, '2015-07-05 02:22:34', '1'),
(216, '195910081983031013', 8, 8, '8', 'D', 0, '2015-07-05 02:22:34', '1'),
(217, '195910081983031013', 8, 8, '8', 'E', 0, '2015-07-05 02:22:35', '1'),
(222, '195910081983031013', 8, 8, '7', 'A', 0, '2015-07-05 02:22:52', '1'),
(223, '195910081983031013', 8, 8, '7', 'B', 0, '2015-07-05 02:22:52', '1'),
(224, '195910081983031013', 8, 8, '7', 'C', 0, '2015-07-05 02:22:53', '1'),
(225, '195910081983031013', 8, 8, '7', 'D', 0, '2015-07-05 02:22:53', '1'),
(226, '195910081983031013', 8, 8, '7', 'E', 0, '2015-07-05 02:22:53', '1'),
(227, '195910081983031013', 8, 8, '7', 'F', 0, '2015-07-05 02:22:54', '1'),
(228, '195910081983031013', 8, 8, '7', 'G', 0, '2015-07-05 02:22:54', '1'),
(229, '195910081983031013', 8, 8, '7', 'H', 0, '2015-07-05 02:22:54', '1'),
(230, '195910081983031013', 8, 8, '7', 'I', 0, '2015-07-05 02:22:55', '1'),
(231, '196103081983022003', 8, 8, '8', 'G', 0, '2015-07-05 02:22:59', '1'),
(232, '196103081983022003', 8, 8, '8', 'H', 0, '2015-07-05 02:23:00', '1'),
(233, '196103081983022003', 8, 8, '8', 'F', 0, '2015-07-05 02:23:01', '1'),
(234, '196103081983022003', 8, 8, '8', 'I', 0, '2015-07-05 02:23:02', '1'),
(235, '196103081983022003', 8, 8, '9', 'A', 0, '2015-07-05 02:23:02', '1'),
(236, '196103081983022003', 8, 8, '9', 'B', 0, '2015-07-05 02:23:03', '1'),
(237, '196103081983022003', 8, 8, '9', 'C', 0, '2015-07-05 02:23:03', '1'),
(238, '196103081983022003', 8, 8, '9', 'D', 0, '2015-07-05 02:23:04', '1'),
(239, '196103081983022003', 8, 8, '9', 'E', 0, '2015-07-05 02:23:04', '1'),
(240, '196103081983022003', 8, 8, '9', 'F', 0, '2015-07-05 02:23:04', '1'),
(241, '196103081983022003', 8, 8, '9', 'G', 0, '2015-07-05 02:23:05', '1'),
(242, '196103081983022003', 8, 8, '9', 'H', 0, '2015-07-05 02:23:05', '1'),
(243, '196103081983022003', 8, 8, '9', 'I', 0, '2015-07-05 02:23:05', '1'),
(244, '195909281983021004', 9, 9, '9', 'A', 0, '2015-07-05 02:23:20', '1'),
(245, '195909281983021004', 9, 9, '9', 'B', 0, '2015-07-05 02:23:21', '1'),
(246, '195909281983021004', 9, 9, '9', 'C', 0, '2015-07-05 02:23:21', '1'),
(247, '195909281983021004', 9, 9, '9', 'D', 0, '2015-07-05 02:23:21', '1'),
(248, '195909281983021004', 9, 9, '9', 'E', 0, '2015-07-05 02:23:22', '1'),
(249, '195909281983021004', 9, 9, '9', 'F', 0, '2015-07-05 02:23:22', '1'),
(250, '195909281983021004', 9, 9, '9', 'G', 0, '2015-07-05 02:23:22', '1'),
(251, '195909281983021004', 9, 9, '9', 'H', 0, '2015-07-05 02:23:23', '1'),
(252, '195909281983021004', 9, 9, '9', 'I', 0, '2015-07-05 02:23:23', '1'),
(253, '195909281983021004', 9, 9, '8', 'A', 0, '2015-07-05 02:23:49', '1'),
(254, '195909281983021004', 9, 9, '8', 'B', 0, '2015-07-05 02:23:50', '1'),
(255, '196407271987031027', 9, 9, '7', 'B', 0, '2015-07-05 02:24:11', '1'),
(256, '196407271987031027', 9, 9, '7', 'C', 0, '2015-07-05 02:24:12', '1'),
(257, '196407271987031027', 9, 9, '7', 'D', 0, '2015-07-05 02:24:12', '1'),
(258, '196407271987031027', 9, 9, '7', 'E', 0, '2015-07-05 02:24:12', '1'),
(259, '196407271987031027', 9, 9, '7', 'F', 0, '2015-07-05 02:24:13', '1'),
(260, '196407271987031027', 9, 9, '7', 'G', 0, '2015-07-05 02:24:13', '1'),
(261, '196407271987031027', 9, 9, '7', 'H', 0, '2015-07-05 02:24:13', '1'),
(262, '196407271987031027', 9, 9, '7', 'I', 0, '2015-07-05 02:24:14', '1'),
(263, '195907161981032006', 9, 9, '7', 'A', 0, '2015-07-05 02:24:25', '1'),
(264, '195907161981032006', 9, 9, '8', 'D', 0, '2015-07-05 02:24:26', '1'),
(265, '195907161981032006', 9, 9, '8', 'E', 0, '2015-07-05 02:24:27', '1'),
(266, '195907161981032006', 9, 9, '8', 'F', 0, '2015-07-05 02:24:27', '1'),
(267, '195907161981032006', 9, 9, '8', 'G', 0, '2015-07-05 02:24:28', '1'),
(268, '195907161981032006', 9, 9, '8', 'H', 0, '2015-07-05 02:24:28', '1'),
(269, '195907161981032006', 9, 9, '8', 'I', 0, '2015-07-05 02:24:29', '1'),
(270, '196106301983032016', 10, 10, '9', 'A', 0, '2015-07-05 02:25:09', '1'),
(271, '196106301983032016', 10, 10, '9', 'B', 0, '2015-07-05 02:25:09', '1'),
(272, '196106301983032016', 10, 10, '9', 'C', 0, '2015-07-05 02:25:09', '1'),
(273, '196106301983032016', 10, 10, '9', 'D', 0, '2015-07-05 02:25:09', '1'),
(274, '196106301983032016', 10, 10, '9', 'E', 0, '2015-07-05 02:25:09', '1'),
(275, '196106301983032016', 10, 10, '9', 'F', 0, '2015-07-05 02:25:09', '1'),
(276, '196106301983032016', 10, 10, '9', 'G', 0, '2015-07-05 02:25:10', '1'),
(277, '196106301983032016', 10, 10, '9', 'H', 0, '2015-07-05 02:25:10', '1'),
(278, '196106301983032016', 10, 10, '9', 'I', 0, '2015-07-05 02:25:10', '1'),
(279, '196106301983032016', 10, 10, '7', 'A', 0, '2015-07-05 02:25:24', '1'),
(280, '196106301983032016', 10, 10, '7', 'B', 0, '2015-07-05 02:25:24', '1'),
(281, '196106301983032016', 10, 10, '7', 'C', 0, '2015-07-05 02:25:24', '1'),
(282, '196106301983032016', 10, 10, '7', 'D', 0, '2015-07-05 02:25:25', '1'),
(283, '197411032009031003', 10, 10, '7', 'E', 0, '2015-07-05 02:25:34', '1'),
(284, '197411032009031003', 10, 10, '7', 'F', 0, '2015-07-05 02:25:34', '1'),
(285, '197411032009031003', 10, 10, '7', 'G', 0, '2015-07-05 02:25:35', '1'),
(286, '197411032009031003', 10, 10, '7', 'H', 0, '2015-07-05 02:25:35', '1'),
(287, '197411032009031003', 10, 10, '7', 'I', 0, '2015-07-05 02:25:35', '1'),
(288, '197411032009031003', 10, 10, '8', 'A', 0, '2015-07-05 02:25:37', '1'),
(289, '197411032009031003', 10, 10, '8', 'B', 0, '2015-07-05 02:25:37', '1'),
(290, '197411032009031003', 10, 10, '8', 'D', 0, '2015-07-05 02:25:38', '1'),
(291, '197411032009031003', 10, 10, '8', 'C', 0, '2015-07-05 02:25:38', '1'),
(292, '197411032009031003', 10, 10, '8', 'E', 0, '2015-07-05 02:25:38', '1'),
(293, '197411032009031003', 10, 10, '8', 'F', 0, '2015-07-05 02:25:39', '1'),
(294, '197411032009031003', 10, 10, '8', 'G', 0, '2015-07-05 02:25:39', '1'),
(295, '197411032009031003', 10, 10, '8', 'H', 0, '2015-07-05 02:25:40', '1'),
(296, '197411032009031003', 10, 10, '8', 'I', 0, '2015-07-05 02:25:40', '1'),
(297, '197605282000122003', 11, 11, '9', 'A', 0, '2015-07-05 02:26:04', '1'),
(298, '197605282000122003', 11, 11, '9', 'B', 0, '2015-07-05 02:26:05', '1'),
(299, '197605282000122003', 11, 11, '9', 'D', 0, '2015-07-05 02:26:07', '1'),
(300, '197605282000122003', 11, 11, '9', 'C', 0, '2015-07-05 02:26:07', '1'),
(301, '197605282000122003', 11, 11, '9', 'E', 0, '2015-07-05 02:26:07', '1'),
(302, '197605282000122003', 11, 11, '9', 'H', 0, '2015-07-05 02:26:07', '1'),
(303, '197605282000122003', 11, 11, '9', 'F', 0, '2015-07-05 02:26:07', '1'),
(304, '197605282000122003', 11, 11, '9', 'G', 0, '2015-07-05 02:26:07', '1'),
(305, '197605282000122003', 11, 11, '9', 'I', 0, '2015-07-05 02:26:07', '1'),
(306, '197605282000122003', 11, 11, '8', 'A', 0, '2015-07-05 02:26:13', '1'),
(307, '197605282000122003', 11, 11, '8', 'C', 0, '2015-07-05 02:26:14', '1'),
(308, '197605282000122003', 11, 11, '8', 'B', 0, '2015-07-05 02:26:15', '1'),
(309, '197605282000122003', 11, 11, '8', 'D', 0, '2015-07-05 02:26:15', '1'),
(312, '196007021987032003', 12, 12, '8', 'C', 0, '2015-07-05 02:26:51', '1'),
(313, '196007021987032003', 12, 12, '8', 'D', 0, '2015-07-05 02:26:51', '1'),
(314, '196007021987032003', 12, 12, '8', 'E', 0, '2015-07-05 02:26:51', '1'),
(315, '196007021987032003', 12, 12, '8', 'F', 0, '2015-07-05 02:26:52', '1'),
(316, '196007021987032003', 12, 12, '8', 'H', 0, '2015-07-05 02:26:52', '1'),
(317, '196007021987032003', 12, 12, '8', 'G', 0, '2015-07-05 02:26:53', '1'),
(318, '196007021987032003', 12, 12, '8', 'I', 0, '2015-07-05 02:26:53', '1'),
(319, '196612161990032009', 12, 12, '9', 'A', 0, '2015-07-05 02:27:04', '1'),
(320, '196612161990032009', 12, 12, '9', 'B', 0, '2015-07-05 02:27:05', '1'),
(321, '196612161990032009', 12, 12, '9', 'C', 0, '2015-07-05 02:27:05', '1'),
(322, '196612161990032009', 12, 12, '9', 'D', 0, '2015-07-05 02:27:06', '1'),
(323, '196612161990032009', 12, 12, '9', 'E', 0, '2015-07-05 02:27:06', '1'),
(324, '196612161990032009', 12, 12, '9', 'F', 0, '2015-07-05 02:27:06', '1'),
(325, '196612161990032009', 12, 12, '9', 'G', 0, '2015-07-05 02:27:07', '1'),
(326, '196612161990032009', 12, 12, '9', 'H', 0, '2015-07-05 02:27:07', '1'),
(327, '196612161990032009', 12, 12, '9', 'I', 0, '2015-07-05 02:27:08', '1'),
(328, '197803292009032004', 12, 12, '7', 'A', 0, '2015-07-05 02:27:45', '1'),
(329, '197803292009032004', 12, 12, '7', 'D', 0, '2015-07-05 02:27:45', '1'),
(330, '197803292009032004', 12, 12, '7', 'B', 0, '2015-07-05 02:27:45', '1'),
(331, '197803292009032004', 12, 12, '7', 'C', 0, '2015-07-05 02:27:45', '1'),
(332, '197803292009032004', 12, 12, '7', 'E', 0, '2015-07-05 02:27:45', '1'),
(333, '197803292009032004', 12, 12, '7', 'G', 0, '2015-07-05 02:27:46', '1'),
(334, '197803292009032004', 12, 12, '7', 'F', 0, '2015-07-05 02:27:46', '1'),
(335, '197803292009032004', 12, 12, '7', 'H', 0, '2015-07-05 02:27:47', '1'),
(336, '197803292009032004', 12, 12, '7', 'I', 0, '2015-07-05 02:27:47', '1'),
(338, 'zahra', 11, 11, '7', 'A', 0, '2015-07-27 05:16:44', '1'),
(339, 'zahra', 11, 11, '7', 'B', 0, '2015-07-27 05:16:44', '1'),
(340, 'zahra', 11, 11, '7', 'C', 0, '2015-07-27 05:16:44', '1'),
(341, 'zahra', 11, 11, '7', 'D', 0, '2015-07-27 05:16:45', '1'),
(342, 'zahra', 11, 11, '7', 'E', 0, '2015-07-27 05:16:46', '1'),
(343, 'zahra', 11, 11, '7', 'F', 0, '2015-07-27 05:16:46', '1'),
(344, 'zahra', 11, 11, '7', 'G', 0, '2015-07-27 05:16:46', '1'),
(345, 'zahra', 11, 11, '7', 'H', 0, '2015-07-27 05:16:47', '1'),
(346, 'zahra', 11, 11, '7', 'I', 0, '2015-07-27 05:16:47', '1'),
(347, 'zahra', 11, 11, '8', 'E', 0, '2015-07-27 05:16:49', '1'),
(348, 'zahra', 11, 11, '8', 'F', 0, '2015-07-27 05:16:49', '1'),
(349, 'zahra', 11, 11, '8', 'G', 0, '2015-07-27 05:16:50', '1'),
(350, 'zahra', 11, 11, '8', 'H', 0, '2015-07-27 05:16:51', '1'),
(351, 'zahra', 11, 11, '8', 'I', 0, '2015-07-27 05:16:51', '1'),
(353, '195607281983011001', 6, 6, '8', 'D', 0, '2015-10-17 09:51:53', '1'),
(354, '195610281982032005', 5, 5, '9', 'E', 0, '2015-10-27 07:42:06', '1'),
(355, '196405051998031004', 4, 4, '7', 'F', 0, '2015-10-29 00:16:48', '1'),
(356, '195607281983011001', 6, 6, '8', 'H', 0, '2015-11-01 23:16:56', '1'),
(357, '195907161981032006', 9, 9, '8', 'C', 0, '2015-11-02 01:14:08', '1'),
(358, '196007021987032003', 12, 12, '8', 'A', 0, '2015-12-15 06:23:53', '1'),
(359, '196007021987032003', 12, 12, '8', 'B', 0, '2015-12-15 06:23:55', '1'),
(360, '197105101993031005', 102, 102, '9', 'A', 0, '2015-07-05 01:47:49', '2'),
(361, '197105101993031005', 102, 102, '9', 'B', 0, '2015-07-05 01:47:49', '2'),
(362, '197105101993031005', 102, 102, '9', 'C', 0, '2015-07-05 01:47:49', '2'),
(363, '197105101993031005', 102, 102, '9', 'D', 0, '2015-07-05 01:47:49', '2'),
(364, '197105101993031005', 102, 102, '9', 'E', 0, '2015-07-05 01:47:49', '2'),
(365, '197105101993031005', 102, 102, '9', 'F', 0, '2015-07-05 01:47:50', '2'),
(366, '197105101993031005', 102, 102, '9', 'G', 0, '2015-07-05 01:47:50', '2'),
(367, '197105101993031005', 102, 102, '9', 'H', 0, '2015-07-05 01:47:51', '2'),
(368, '197105101993031005', 102, 102, '9', 'I', 0, '2015-07-05 01:47:51', '2'),
(369, '197105101993031005', 102, 102, '7', 'A', 0, '2015-07-05 01:47:59', '2'),
(370, '197105101993031005', 102, 102, '7', 'B', 0, '2015-07-05 01:47:59', '2'),
(371, '197105101993031005', 102, 102, '7', 'C', 0, '2015-07-05 01:48:00', '2'),
(372, '197105101993031005', 102, 102, '7', 'D', 0, '2015-07-05 01:48:00', '2'),
(373, '197105101993031005', 102, 102, '7', 'E', 0, '2015-07-05 01:48:00', '2'),
(374, '197204271992032001', 102, 102, '8', 'A', 0, '2015-07-05 01:48:46', '2'),
(375, '197204271992032001', 102, 102, '8', 'B', 0, '2015-07-05 01:48:47', '2'),
(376, '197204271992032001', 102, 102, '8', 'C', 0, '2015-07-05 01:48:47', '2'),
(377, '197204271992032001', 102, 102, '8', 'D', 0, '2015-07-05 01:48:48', '2'),
(378, '197204271992032001', 102, 102, '8', 'E', 0, '2015-07-05 01:48:48', '2'),
(379, '197204271992032001', 102, 102, '8', 'F', 0, '2015-07-05 01:48:48', '2'),
(380, '197204271992032001', 102, 102, '8', 'G', 0, '2015-07-05 01:48:49', '2'),
(381, '197204271992032001', 102, 102, '8', 'H', 0, '2015-07-05 01:48:49', '2'),
(382, '197204271992032001', 102, 102, '8', 'I', 0, '2015-07-05 01:48:50', '2'),
(383, '197204271992032001', 102, 102, '7', 'F', 0, '2015-07-05 01:48:56', '2'),
(384, '197204271992032001', 102, 102, '7', 'G', 0, '2015-07-05 01:48:56', '2'),
(385, '197204271992032001', 102, 102, '7', 'H', 0, '2015-07-05 01:48:56', '2'),
(386, '197204271992032001', 102, 102, '7', 'I', 0, '2015-07-05 01:48:57', '2'),
(387, '197409052005012002', 101, 101, '8', 'D', 0, '2015-07-05 01:49:53', '2'),
(388, '197007122001122001', 103, 103, '7', 'D', 0, '2015-07-05 01:56:23', '2'),
(389, '197007122001122001', 103, 103, '8', 'D', 0, '2015-07-05 01:56:29', '2'),
(390, '197007122001122001', 103, 103, '9', 'D', 0, '2015-07-05 01:56:31', '2'),
(391, '197203132008012005', 104, 104, '7', 'C', 0, '2015-07-05 01:57:07', '2'),
(392, '197203132008012005', 104, 104, '8', 'C', 0, '2015-07-05 01:57:08', '2'),
(393, '197203132008012005', 104, 104, '9', 'C', 0, '2015-07-05 01:57:10', '2'),
(394, '195707221986032006', 2, 2, '8', 'B', 0, '2015-07-05 01:59:01', '2'),
(395, '195707221986032006', 2, 2, '8', 'C', 0, '2015-07-05 01:59:01', '2'),
(396, '195707221986032006', 2, 2, '8', 'D', 0, '2015-07-05 01:59:01', '2'),
(397, '195707221986032006', 2, 2, '8', 'E', 0, '2015-07-05 01:59:02', '2'),
(398, '195707221986032006', 2, 2, '8', 'F', 0, '2015-07-05 01:59:02', '2'),
(399, '195707221986032006', 2, 2, '8', 'G', 0, '2015-07-05 01:59:02', '2'),
(400, '195707221986032006', 2, 2, '8', 'H', 0, '2015-07-05 01:59:03', '2'),
(401, '195707221986032006', 2, 2, '8', 'I', 0, '2015-07-05 01:59:03', '2'),
(402, '196701172006041005', 2, 2, '7', 'A', 0, '2015-07-05 01:59:20', '2'),
(403, '196701172006041005', 2, 2, '7', 'B', 0, '2015-07-05 01:59:21', '2'),
(404, '196701172006041005', 2, 2, '7', 'C', 0, '2015-07-05 01:59:21', '2'),
(405, '196701172006041005', 2, 2, '7', 'D', 0, '2015-07-05 01:59:22', '2'),
(406, '196701172006041005', 2, 2, '7', 'E', 0, '2015-07-05 01:59:22', '2'),
(407, '196701172006041005', 2, 2, '7', 'F', 0, '2015-07-05 01:59:22', '2'),
(408, '196701172006041005', 2, 2, '7', 'G', 0, '2015-07-05 01:59:23', '2'),
(409, '196701172006041005', 2, 2, '8', 'A', 0, '2015-07-05 01:59:31', '2'),
(410, '197306172008012011', 2, 2, '7', 'H', 0, '2015-07-05 02:00:14', '2'),
(411, '197306172008012011', 2, 2, '7', 'I', 0, '2015-07-05 02:00:15', '2'),
(412, '197306172008012011', 2, 2, '9', 'A', 0, '2015-07-05 02:00:16', '2'),
(413, '197306172008012011', 2, 2, '9', 'B', 0, '2015-07-05 02:00:16', '2'),
(414, '197306172008012011', 2, 2, '9', 'C', 0, '2015-07-05 02:00:17', '2'),
(415, '197306172008012011', 2, 2, '9', 'D', 0, '2015-07-05 02:00:18', '2'),
(416, '197306172008012011', 2, 2, '9', 'E', 0, '2015-07-05 02:00:18', '2'),
(417, '197306172008012011', 2, 2, '9', 'F', 0, '2015-07-05 02:00:18', '2'),
(418, '197306172008012011', 2, 2, '9', 'G', 0, '2015-07-05 02:00:19', '2'),
(419, '197306172008012011', 2, 2, '9', 'H', 0, '2015-07-05 02:00:20', '2'),
(420, '197306172008012011', 2, 2, '9', 'I', 0, '2015-07-05 02:00:20', '2'),
(421, '196509201995122005', 3, 3, '9', 'A', 0, '2015-07-05 02:06:04', '2'),
(422, '196509201995122005', 3, 3, '9', 'B', 0, '2015-07-05 02:06:04', '2'),
(423, '196509201995122005', 3, 3, '9', 'C', 0, '2015-07-05 02:06:04', '2'),
(424, '196509201995122005', 3, 3, '9', 'D', 0, '2015-07-05 02:06:05', '2'),
(425, '196509201995122005', 3, 3, '7', 'A', 0, '2015-07-05 02:06:19', '2'),
(426, '196804192008012004', 3, 3, '8', 'D', 0, '2015-07-05 02:07:15', '2'),
(427, '196804192008012004', 3, 3, '8', 'E', 0, '2015-07-05 02:07:16', '2'),
(428, '196804192008012004', 3, 3, '8', 'F', 0, '2015-07-05 02:07:16', '2'),
(429, '196804192008012004', 3, 3, '8', 'G', 0, '2015-07-05 02:07:16', '2'),
(430, '196804192008012004', 3, 3, '8', 'H', 0, '2015-07-05 02:07:18', '2'),
(431, '196804192008012004', 3, 3, '8', 'I', 0, '2015-07-05 02:07:18', '2'),
(432, '196812152008012007', 3, 3, '7', 'I', 0, '2015-07-05 02:07:40', '2'),
(433, '196812152008012007', 3, 3, '7', 'H', 0, '2015-07-05 02:07:54', '2'),
(434, '196812152008012007', 3, 3, '7', 'G', 0, '2015-07-05 02:07:54', '2'),
(435, '196812152008012007', 3, 3, '8', 'A', 0, '2015-07-05 02:08:32', '2'),
(436, '196812152008012007', 3, 3, '8', 'B', 0, '2015-07-05 02:08:33', '2'),
(437, '196812152008012007', 3, 3, '8', 'C', 0, '2015-07-05 02:08:33', '2'),
(438, '196906302005012007', 3, 3, '9', 'E', 0, '2015-07-05 02:09:10', '2'),
(439, '196906302005012007', 3, 3, '9', 'F', 0, '2015-07-05 02:09:11', '2'),
(440, '196906302005012007', 3, 3, '9', 'G', 0, '2015-07-05 02:09:11', '2'),
(441, '196906302005012007', 3, 3, '9', 'H', 0, '2015-07-05 02:09:12', '2'),
(442, '196906302005012007', 3, 3, '9', 'I', 0, '2015-07-05 02:09:12', '2'),
(443, '197612062007012010', 3, 3, '7', 'B', 0, '2015-07-05 02:09:32', '2'),
(444, '197612062007012010', 3, 3, '7', 'C', 0, '2015-07-05 02:09:32', '2'),
(445, '197612062007012010', 3, 3, '7', 'D', 0, '2015-07-05 02:09:33', '2'),
(446, '197612062007012010', 3, 3, '7', 'E', 0, '2015-07-05 02:09:33', '2'),
(447, '197612062007012010', 3, 3, '7', 'F', 0, '2015-07-05 02:09:34', '2'),
(448, '196112221986032010', 4, 4, '8', 'D', 0, '2015-07-05 02:10:36', '2'),
(449, '196112221986032010', 4, 4, '8', 'E', 0, '2015-07-05 02:10:37', '2'),
(450, '196112221986032010', 4, 4, '8', 'F', 0, '2015-07-05 02:10:37', '2'),
(451, '196112221986032010', 4, 4, '8', 'G', 0, '2015-07-05 02:10:38', '2'),
(452, '196112221986032010', 4, 4, '8', 'H', 0, '2015-07-05 02:10:38', '2'),
(453, '196112221986032010', 4, 4, '8', 'I', 0, '2015-07-05 02:10:38', '2'),
(454, '196301091986012004', 4, 4, '9', 'F', 0, '2015-07-05 02:10:55', '2'),
(455, '196301091986012004', 4, 4, '9', 'G', 0, '2015-07-05 02:10:55', '2'),
(456, '196301091986012004', 4, 4, '9', 'H', 0, '2015-07-05 02:10:55', '2'),
(457, '196301091986012004', 4, 4, '9', 'I', 0, '2015-07-05 02:10:56', '2'),
(458, '196301091986012004', 4, 4, '7', 'I', 0, '2015-07-05 02:11:00', '2'),
(459, '196405051998031004', 4, 4, '8', 'A', 0, '2015-07-05 02:11:24', '2'),
(460, '196405051998031004', 4, 4, '8', 'B', 0, '2015-07-05 02:11:24', '2'),
(461, '196405051998031004', 4, 4, '8', 'C', 0, '2015-07-05 02:11:24', '2'),
(462, '196405051998031004', 4, 4, '7', 'G', 0, '2015-07-05 02:11:28', '2'),
(463, '196507281989022001', 4, 4, '9', 'A', 0, '2015-07-05 02:12:44', '2'),
(464, '196507281989022001', 4, 4, '9', 'B', 0, '2015-07-05 02:12:45', '2'),
(465, '196507281989022001', 4, 4, '9', 'C', 0, '2015-07-05 02:12:45', '2'),
(466, '196507281989022001', 4, 4, '9', 'D', 0, '2015-07-05 02:12:45', '2'),
(467, '196507281989022001', 4, 4, '9', 'E', 0, '2015-07-05 02:12:46', '2'),
(468, '196308021986032013', 4, 4, '7', 'A', 0, '2015-07-05 02:13:56', '2'),
(469, '196308021986032013', 4, 4, '7', 'B', 0, '2015-07-05 02:13:57', '2'),
(470, '196308021986032013', 4, 4, '7', 'C', 0, '2015-07-05 02:13:57', '2'),
(471, '196308021986032013', 4, 4, '7', 'D', 0, '2015-07-05 02:13:57', '2'),
(472, '196308021986032013', 4, 4, '7', 'E', 0, '2015-07-05 02:13:57', '2'),
(473, '196405051998031004', 4, 4, '7', 'H', 0, '2015-07-05 02:15:39', '2'),
(474, '197702152008011008', 5, 5, '9', 'F', 0, '2015-07-05 02:16:43', '2'),
(475, '197702152008011008', 5, 5, '9', 'G', 0, '2015-07-05 02:16:43', '2'),
(476, '197702152008011008', 5, 5, '9', 'H', 0, '2015-07-05 02:16:44', '2'),
(477, '197702152008011008', 5, 5, '9', 'I', 0, '2015-07-05 02:16:44', '2'),
(478, '197702152008011008', 5, 5, '7', 'I', 0, '2015-07-05 02:16:52', '2'),
(479, '195610281982032005', 5, 5, '9', 'A', 0, '2015-07-05 02:17:09', '2'),
(480, '195610281982032005', 5, 5, '9', 'B', 0, '2015-07-05 02:17:11', '2'),
(481, '195610281982032005', 5, 5, '9', 'C', 0, '2015-07-05 02:17:11', '2'),
(482, '195610281982032005', 5, 5, '9', 'D', 0, '2015-07-05 02:17:11', '2'),
(483, '196704041998022003', 5, 5, '7', 'A', 0, '2015-07-05 02:17:29', '2'),
(484, '196704041998022003', 5, 5, '7', 'B', 0, '2015-07-05 02:17:29', '2'),
(485, '196704041998022003', 5, 5, '7', 'C', 0, '2015-07-05 02:17:30', '2'),
(486, '196704041998022003', 5, 5, '7', 'D', 0, '2015-07-05 02:17:30', '2'),
(487, '196704041998022003', 5, 5, '7', 'E', 0, '2015-07-05 02:17:30', '2'),
(488, '196704041998022003', 5, 5, '7', 'F', 0, '2015-07-05 02:17:31', '2'),
(489, '196308311989011001', 5, 5, '8', 'F', 0, '2015-07-05 02:17:43', '2'),
(490, '196308311989011001', 5, 5, '8', 'G', 0, '2015-07-05 02:17:47', '2'),
(491, '196308311989011001', 5, 5, '8', 'H', 0, '2015-07-05 02:17:48', '2'),
(492, '196308311989011001', 5, 5, '8', 'I', 0, '2015-07-05 02:17:48', '2'),
(493, '196308311989011001', 5, 5, '7', 'G', 0, '2015-07-05 02:17:49', '2'),
(494, '196308311989011001', 5, 5, '7', 'H', 0, '2015-07-05 02:17:49', '2'),
(495, '196210161985031006', 5, 5, '8', 'A', 0, '2015-07-05 02:18:03', '2'),
(496, '196210161985031006', 5, 5, '8', 'B', 0, '2015-07-05 02:18:04', '2'),
(497, '196210161985031006', 5, 5, '8', 'C', 0, '2015-07-05 02:18:04', '2'),
(498, '196210161985031006', 5, 5, '8', 'D', 0, '2015-07-05 02:18:05', '2'),
(499, '196210161985031006', 5, 5, '8', 'E', 0, '2015-07-05 02:18:05', '2'),
(500, '197004132008011009', 6, 6, '8', 'I', 0, '2015-07-05 02:18:29', '2'),
(501, '197004132008011009', 6, 6, '7', 'E', 0, '2015-07-05 02:18:33', '2'),
(502, '197004132008011009', 6, 6, '7', 'F', 0, '2015-07-05 02:18:34', '2'),
(503, '197004132008011009', 6, 6, '7', 'G', 0, '2015-07-05 02:18:34', '2'),
(504, '197004132008011009', 6, 6, '7', 'H', 0, '2015-07-05 02:18:34', '2'),
(505, '197004132008011009', 6, 6, '7', 'I', 0, '2015-07-05 02:18:35', '2'),
(506, '197008221998021002', 6, 6, '9', 'E', 0, '2015-07-05 02:19:21', '2'),
(507, '197008221998021002', 6, 6, '9', 'F', 0, '2015-07-05 02:19:21', '2'),
(508, '197008221998021002', 6, 6, '9', 'H', 0, '2015-07-05 02:19:22', '2'),
(509, '197008221998021002', 6, 6, '9', 'G', 0, '2015-07-05 02:19:23', '2'),
(510, '197008221998021002', 6, 6, '9', 'I', 0, '2015-07-05 02:19:23', '2'),
(511, '197105082007012011', 6, 6, '8', 'B', 0, '2015-07-05 02:19:38', '2'),
(512, '197105082007012011', 6, 6, '8', 'C', 0, '2015-07-05 02:19:42', '2'),
(513, '197105082007012011', 6, 6, '7', 'A', 0, '2015-07-05 02:19:45', '2'),
(514, '197105082007012011', 6, 6, '7', 'B', 0, '2015-07-05 02:19:45', '2'),
(515, '197105082007012011', 6, 6, '7', 'C', 0, '2015-07-05 02:19:46', '2'),
(516, '197105082007012011', 6, 6, '7', 'D', 0, '2015-07-05 02:19:46', '2'),
(517, '195607281983011001', 6, 6, '8', 'E', 0, '2015-07-05 02:20:14', '2'),
(518, '195607281983011001', 6, 6, '8', 'F', 0, '2015-07-05 02:20:15', '2'),
(519, '195607281983011001', 6, 6, '8', 'G', 0, '2015-07-05 02:20:15', '2'),
(520, '195704071979011001', 6, 6, '9', 'A', 0, '2015-07-05 02:20:27', '2'),
(521, '195704071979011001', 6, 6, '9', 'B', 0, '2015-07-05 02:20:27', '2'),
(522, '195704071979011001', 6, 6, '9', 'C', 0, '2015-07-05 02:20:28', '2'),
(523, '195704071979011001', 6, 6, '9', 'D', 0, '2015-07-05 02:20:28', '2'),
(524, '195704071979011001', 6, 6, '8', 'A', 0, '2015-07-05 02:20:32', '2'),
(525, '196511172007012012', 7, 7, '9', 'B', 0, '2015-07-05 02:21:02', '2'),
(526, '196511172007012012', 7, 7, '9', 'A', 0, '2015-07-05 02:21:02', '2'),
(527, '196511172007012012', 7, 7, '9', 'C', 0, '2015-07-05 02:21:03', '2'),
(528, '196511172007012012', 7, 7, '9', 'D', 0, '2015-07-05 02:21:03', '2'),
(529, '196511172007012012', 7, 7, '9', 'E', 0, '2015-07-05 02:21:03', '2'),
(530, '196511172007012012', 7, 7, '7', 'I', 0, '2015-07-05 02:21:08', '2'),
(531, '195804121995121001', 7, 7, '9', 'F', 0, '2015-07-05 02:21:25', '2'),
(532, '195804121995121001', 7, 7, '9', 'G', 0, '2015-07-05 02:21:26', '2'),
(533, '195804121995121001', 7, 7, '9', 'H', 0, '2015-07-05 02:21:26', '2'),
(534, '195804121995121001', 7, 7, '9', 'I', 0, '2015-07-05 02:21:26', '2'),
(535, '195804121995121001', 7, 7, '7', 'D', 0, '2015-07-05 02:21:32', '2'),
(536, '195804121995121001', 7, 7, '7', 'E', 0, '2015-07-05 02:21:32', '2'),
(537, '197612142008012007', 7, 7, '8', 'A', 0, '2015-07-05 02:21:45', '2'),
(538, '197612142008012007', 7, 7, '8', 'B', 0, '2015-07-05 02:21:45', '2'),
(539, '197612142008012007', 7, 7, '8', 'C', 0, '2015-07-05 02:21:46', '2'),
(540, '197612142008012007', 7, 7, '8', 'D', 0, '2015-07-05 02:21:46', '2'),
(541, '197612142008012007', 7, 7, '8', 'E', 0, '2015-07-05 02:21:47', '2'),
(542, '197612142008012007', 7, 7, '7', 'A', 0, '2015-07-05 02:21:50', '2'),
(543, '197004252005012011', 7, 7, '8', 'F', 0, '2015-07-05 02:22:02', '2'),
(544, '197004252005012011', 7, 7, '8', 'G', 0, '2015-07-05 02:22:02', '2'),
(545, '197004252005012011', 7, 7, '8', 'H', 0, '2015-07-05 02:22:03', '2'),
(546, '197004252005012011', 7, 7, '8', 'I', 0, '2015-07-05 02:22:03', '2'),
(547, '197004252005012011', 7, 7, '7', 'B', 0, '2015-07-05 02:22:08', '2'),
(548, '197004252005012011', 7, 7, '7', 'C', 0, '2015-07-05 02:22:09', '2'),
(549, '196701171998022004', 7, 7, '7', 'F', 0, '2015-07-05 02:22:20', '2'),
(550, '196701171998022004', 7, 7, '7', 'G', 0, '2015-07-05 02:22:21', '2'),
(551, '196701171998022004', 7, 7, '7', 'H', 0, '2015-07-05 02:22:22', '2'),
(552, '195910081983031013', 8, 8, '8', 'A', 0, '2015-07-05 02:22:33', '2'),
(553, '195910081983031013', 8, 8, '8', 'B', 0, '2015-07-05 02:22:34', '2'),
(554, '195910081983031013', 8, 8, '8', 'C', 0, '2015-07-05 02:22:34', '2'),
(555, '195910081983031013', 8, 8, '8', 'D', 0, '2015-07-05 02:22:34', '2'),
(556, '195910081983031013', 8, 8, '8', 'E', 0, '2015-07-05 02:22:35', '2'),
(557, '195910081983031013', 8, 8, '7', 'A', 0, '2015-07-05 02:22:52', '2'),
(558, '195910081983031013', 8, 8, '7', 'B', 0, '2015-07-05 02:22:52', '2'),
(559, '195910081983031013', 8, 8, '7', 'C', 0, '2015-07-05 02:22:53', '2'),
(560, '195910081983031013', 8, 8, '7', 'D', 0, '2015-07-05 02:22:53', '2'),
(561, '195910081983031013', 8, 8, '7', 'E', 0, '2015-07-05 02:22:53', '2'),
(562, '195910081983031013', 8, 8, '7', 'F', 0, '2015-07-05 02:22:54', '2'),
(563, '195910081983031013', 8, 8, '7', 'G', 0, '2015-07-05 02:22:54', '2'),
(564, '195910081983031013', 8, 8, '7', 'H', 0, '2015-07-05 02:22:54', '2'),
(565, '195910081983031013', 8, 8, '7', 'I', 0, '2015-07-05 02:22:55', '2'),
(566, '196103081983022003', 8, 8, '8', 'G', 0, '2015-07-05 02:22:59', '2'),
(567, '196103081983022003', 8, 8, '8', 'H', 0, '2015-07-05 02:23:00', '2'),
(568, '196103081983022003', 8, 8, '8', 'F', 0, '2015-07-05 02:23:01', '2'),
(569, '196103081983022003', 8, 8, '8', 'I', 0, '2015-07-05 02:23:02', '2'),
(570, '196103081983022003', 8, 8, '9', 'A', 0, '2015-07-05 02:23:02', '2'),
(571, '196103081983022003', 8, 8, '9', 'B', 0, '2015-07-05 02:23:03', '2'),
(572, '196103081983022003', 8, 8, '9', 'C', 0, '2015-07-05 02:23:03', '2'),
(573, '196103081983022003', 8, 8, '9', 'D', 0, '2015-07-05 02:23:04', '2'),
(574, '196103081983022003', 8, 8, '9', 'E', 0, '2015-07-05 02:23:04', '2'),
(575, '196103081983022003', 8, 8, '9', 'F', 0, '2015-07-05 02:23:04', '2'),
(576, '196103081983022003', 8, 8, '9', 'G', 0, '2015-07-05 02:23:05', '2'),
(577, '196103081983022003', 8, 8, '9', 'H', 0, '2015-07-05 02:23:05', '2'),
(578, '196103081983022003', 8, 8, '9', 'I', 0, '2015-07-05 02:23:05', '2'),
(579, '195909281983021004', 9, 9, '9', 'A', 0, '2015-07-05 02:23:20', '2'),
(580, '195909281983021004', 9, 9, '9', 'B', 0, '2015-07-05 02:23:21', '2'),
(581, '195909281983021004', 9, 9, '9', 'C', 0, '2015-07-05 02:23:21', '2'),
(582, '195909281983021004', 9, 9, '9', 'D', 0, '2015-07-05 02:23:21', '2'),
(583, '195909281983021004', 9, 9, '9', 'E', 0, '2015-07-05 02:23:22', '2'),
(584, '195909281983021004', 9, 9, '9', 'F', 0, '2015-07-05 02:23:22', '2'),
(585, '195909281983021004', 9, 9, '9', 'G', 0, '2015-07-05 02:23:22', '2'),
(586, '195909281983021004', 9, 9, '9', 'H', 0, '2015-07-05 02:23:23', '2'),
(587, '195909281983021004', 9, 9, '9', 'I', 0, '2015-07-05 02:23:23', '2'),
(588, '195909281983021004', 9, 9, '8', 'A', 0, '2015-07-05 02:23:49', '2'),
(589, '195909281983021004', 9, 9, '8', 'B', 0, '2015-07-05 02:23:50', '2'),
(590, '196407271987031027', 9, 9, '7', 'B', 0, '2015-07-05 02:24:11', '2'),
(591, '196407271987031027', 9, 9, '7', 'C', 0, '2015-07-05 02:24:12', '2'),
(592, '196407271987031027', 9, 9, '7', 'D', 0, '2015-07-05 02:24:12', '2'),
(593, '196407271987031027', 9, 9, '7', 'E', 0, '2015-07-05 02:24:12', '2'),
(594, '196407271987031027', 9, 9, '7', 'F', 0, '2015-07-05 02:24:13', '2'),
(595, '196407271987031027', 9, 9, '7', 'G', 0, '2015-07-05 02:24:13', '2'),
(596, '196407271987031027', 9, 9, '7', 'H', 0, '2015-07-05 02:24:13', '2'),
(597, '196407271987031027', 9, 9, '7', 'I', 0, '2015-07-05 02:24:14', '2'),
(598, '195907161981032006', 9, 9, '7', 'A', 0, '2015-07-05 02:24:25', '2'),
(599, '195907161981032006', 9, 9, '8', 'D', 0, '2015-07-05 02:24:26', '2'),
(600, '195907161981032006', 9, 9, '8', 'E', 0, '2015-07-05 02:24:27', '2'),
(601, '195907161981032006', 9, 9, '8', 'F', 0, '2015-07-05 02:24:27', '2'),
(602, '195907161981032006', 9, 9, '8', 'G', 0, '2015-07-05 02:24:28', '2'),
(603, '195907161981032006', 9, 9, '8', 'H', 0, '2015-07-05 02:24:28', '2'),
(604, '195907161981032006', 9, 9, '8', 'I', 0, '2015-07-05 02:24:29', '2'),
(605, '196106301983032016', 10, 10, '9', 'A', 0, '2015-07-05 02:25:09', '2'),
(606, '196106301983032016', 10, 10, '9', 'B', 0, '2015-07-05 02:25:09', '2'),
(607, '196106301983032016', 10, 10, '9', 'C', 0, '2015-07-05 02:25:09', '2'),
(608, '196106301983032016', 10, 10, '9', 'D', 0, '2015-07-05 02:25:09', '2'),
(609, '196106301983032016', 10, 10, '9', 'E', 0, '2015-07-05 02:25:09', '2'),
(610, '196106301983032016', 10, 10, '9', 'F', 0, '2015-07-05 02:25:09', '2'),
(611, '196106301983032016', 10, 10, '9', 'G', 0, '2015-07-05 02:25:10', '2'),
(612, '196106301983032016', 10, 10, '9', 'H', 0, '2015-07-05 02:25:10', '2'),
(613, '196106301983032016', 10, 10, '9', 'I', 0, '2015-07-05 02:25:10', '2'),
(614, '196106301983032016', 10, 10, '7', 'A', 0, '2015-07-05 02:25:24', '2'),
(615, '196106301983032016', 10, 10, '7', 'B', 0, '2015-07-05 02:25:24', '2'),
(616, '196106301983032016', 10, 10, '7', 'C', 0, '2015-07-05 02:25:24', '2'),
(617, '196106301983032016', 10, 10, '7', 'D', 0, '2015-07-05 02:25:25', '2'),
(618, '197411032009031003', 10, 10, '7', 'E', 0, '2015-07-05 02:25:34', '2'),
(619, '197411032009031003', 10, 10, '7', 'F', 0, '2015-07-05 02:25:34', '2'),
(620, '197411032009031003', 10, 10, '7', 'G', 0, '2015-07-05 02:25:35', '2'),
(621, '197411032009031003', 10, 10, '7', 'H', 0, '2015-07-05 02:25:35', '2'),
(622, '197411032009031003', 10, 10, '7', 'I', 0, '2015-07-05 02:25:35', '2'),
(623, '197411032009031003', 10, 10, '8', 'A', 0, '2015-07-05 02:25:37', '2'),
(624, '197411032009031003', 10, 10, '8', 'B', 0, '2015-07-05 02:25:37', '2'),
(625, '197411032009031003', 10, 10, '8', 'D', 0, '2015-07-05 02:25:38', '2'),
(626, '197411032009031003', 10, 10, '8', 'C', 0, '2015-07-05 02:25:38', '2'),
(627, '197411032009031003', 10, 10, '8', 'E', 0, '2015-07-05 02:25:38', '2'),
(628, '197411032009031003', 10, 10, '8', 'F', 0, '2015-07-05 02:25:39', '2'),
(629, '197411032009031003', 10, 10, '8', 'G', 0, '2015-07-05 02:25:39', '2'),
(630, '197411032009031003', 10, 10, '8', 'H', 0, '2015-07-05 02:25:40', '2'),
(631, '197411032009031003', 10, 10, '8', 'I', 0, '2015-07-05 02:25:40', '2'),
(632, '197605282000122003', 11, 11, '9', 'A', 0, '2015-07-05 02:26:04', '2'),
(633, '197605282000122003', 11, 11, '9', 'B', 0, '2015-07-05 02:26:05', '2'),
(634, '197605282000122003', 11, 11, '9', 'D', 0, '2015-07-05 02:26:07', '2'),
(635, '197605282000122003', 11, 11, '9', 'C', 0, '2015-07-05 02:26:07', '2'),
(636, '197605282000122003', 11, 11, '9', 'E', 0, '2015-07-05 02:26:07', '2'),
(637, '197605282000122003', 11, 11, '9', 'H', 0, '2015-07-05 02:26:07', '2'),
(638, '197605282000122003', 11, 11, '9', 'F', 0, '2015-07-05 02:26:07', '2'),
(639, '197605282000122003', 11, 11, '9', 'G', 0, '2015-07-05 02:26:07', '2'),
(640, '197605282000122003', 11, 11, '9', 'I', 0, '2015-07-05 02:26:07', '2'),
(641, '197605282000122003', 11, 11, '8', 'A', 0, '2015-07-05 02:26:13', '2'),
(642, '197605282000122003', 11, 11, '8', 'C', 0, '2015-07-05 02:26:14', '2'),
(643, '197605282000122003', 11, 11, '8', 'B', 0, '2015-07-05 02:26:15', '2'),
(644, '197605282000122003', 11, 11, '8', 'D', 0, '2015-07-05 02:26:15', '2'),
(645, '196007021987032003', 12, 12, '8', 'C', 0, '2015-07-05 02:26:51', '2'),
(646, '196007021987032003', 12, 12, '8', 'D', 0, '2015-07-05 02:26:51', '2'),
(647, '196007021987032003', 12, 12, '8', 'E', 0, '2015-07-05 02:26:51', '2'),
(648, '196007021987032003', 12, 12, '8', 'F', 0, '2015-07-05 02:26:52', '2'),
(649, '196007021987032003', 12, 12, '8', 'H', 0, '2015-07-05 02:26:52', '2'),
(650, '196007021987032003', 12, 12, '8', 'G', 0, '2015-07-05 02:26:53', '2'),
(651, '196007021987032003', 12, 12, '8', 'I', 0, '2015-07-05 02:26:53', '2'),
(652, '196612161990032009', 12, 12, '9', 'A', 0, '2015-07-05 02:27:04', '2'),
(653, '196612161990032009', 12, 12, '9', 'B', 0, '2015-07-05 02:27:05', '2'),
(654, '196612161990032009', 12, 12, '9', 'C', 0, '2015-07-05 02:27:05', '2'),
(655, '196612161990032009', 12, 12, '9', 'D', 0, '2015-07-05 02:27:06', '2'),
(656, '196612161990032009', 12, 12, '9', 'E', 0, '2015-07-05 02:27:06', '2'),
(657, '196612161990032009', 12, 12, '9', 'F', 0, '2015-07-05 02:27:06', '2'),
(658, '196612161990032009', 12, 12, '9', 'G', 0, '2015-07-05 02:27:07', '2'),
(659, '196612161990032009', 12, 12, '9', 'H', 0, '2015-07-05 02:27:07', '2'),
(660, '196612161990032009', 12, 12, '9', 'I', 0, '2015-07-05 02:27:08', '2'),
(661, '197803292009032004', 12, 12, '7', 'A', 0, '2015-07-05 02:27:45', '2'),
(662, '197803292009032004', 12, 12, '7', 'D', 0, '2015-07-05 02:27:45', '2'),
(663, '197803292009032004', 12, 12, '7', 'B', 0, '2015-07-05 02:27:45', '2'),
(664, '197803292009032004', 12, 12, '7', 'C', 0, '2015-07-05 02:27:45', '2'),
(665, '197803292009032004', 12, 12, '7', 'E', 0, '2015-07-05 02:27:45', '2'),
(666, '197803292009032004', 12, 12, '7', 'G', 0, '2015-07-05 02:27:46', '2'),
(667, '197803292009032004', 12, 12, '7', 'F', 0, '2015-07-05 02:27:46', '2'),
(668, '197803292009032004', 12, 12, '7', 'H', 0, '2015-07-05 02:27:47', '2'),
(669, '197803292009032004', 12, 12, '7', 'I', 0, '2015-07-05 02:27:47', '2'),
(670, 'zahra', 11, 11, '7', 'A', 0, '2015-07-27 05:16:44', '2'),
(671, 'zahra', 11, 11, '7', 'B', 0, '2015-07-27 05:16:44', '2'),
(672, 'zahra', 11, 11, '7', 'C', 0, '2015-07-27 05:16:44', '2'),
(673, 'zahra', 11, 11, '7', 'D', 0, '2015-07-27 05:16:45', '2'),
(674, 'zahra', 11, 11, '7', 'E', 0, '2015-07-27 05:16:46', '2'),
(675, 'zahra', 11, 11, '7', 'F', 0, '2015-07-27 05:16:46', '2'),
(676, 'zahra', 11, 11, '7', 'G', 0, '2015-07-27 05:16:46', '2'),
(677, 'zahra', 11, 11, '7', 'H', 0, '2015-07-27 05:16:47', '2'),
(678, 'zahra', 11, 11, '7', 'I', 0, '2015-07-27 05:16:47', '2'),
(679, 'zahra', 11, 11, '8', 'E', 0, '2015-07-27 05:16:49', '2'),
(680, 'zahra', 11, 11, '8', 'F', 0, '2015-07-27 05:16:49', '2'),
(681, 'zahra', 11, 11, '8', 'G', 0, '2015-07-27 05:16:50', '2'),
(682, 'zahra', 11, 11, '8', 'H', 0, '2015-07-27 05:16:51', '2'),
(683, 'zahra', 11, 11, '8', 'I', 0, '2015-07-27 05:16:51', '2'),
(684, '195607281983011001', 6, 6, '8', 'D', 0, '2015-10-17 09:51:53', '2'),
(685, '195610281982032005', 5, 5, '9', 'E', 0, '2015-10-27 07:42:06', '2'),
(686, '196405051998031004', 4, 4, '7', 'F', 0, '2015-10-29 00:16:48', '2'),
(687, '195607281983011001', 6, 6, '8', 'H', 0, '2015-11-01 23:16:56', '2'),
(688, '195907161981032006', 9, 9, '8', 'C', 0, '2015-11-02 01:14:08', '2'),
(689, '196007021987032003', 12, 12, '8', 'A', 0, '2015-12-15 06:23:53', '2'),
(690, '196007021987032003', 12, 12, '8', 'B', 0, '2015-12-15 06:23:55', '2');

-- --------------------------------------------------------

--
-- Table structure for table `guru_aktif_delete`
--

CREATE TABLE IF NOT EXISTS `guru_aktif_delete` (
  `id` int(11) NOT NULL AUTO_INCREMENT,
  `nip` varchar(50) NOT NULL,
  `ktsp_mapel_id` int(11) NOT NULL,
  `k13_mapel_id` int(11) NOT NULL,
  `kelas` varchar(5) NOT NULL,
  `subkelas` varchar(5) NOT NULL,
  `status` tinyint(1) NOT NULL,
  `timestamp` timestamp NOT NULL DEFAULT CURRENT_TIMESTAMP,
  PRIMARY KEY (`id`),
  UNIQUE KEY `id_2` (`id`),
  KEY `id` (`id`),
  KEY `nip` (`nip`)
) ENGINE=InnoDB  DEFAULT CHARSET=latin1 AUTO_INCREMENT=21 ;

--
-- Dumping data for table `guru_aktif_delete`
--

INSERT INTO `guru_aktif_delete` (`id`, `nip`, `ktsp_mapel_id`, `k13_mapel_id`, `kelas`, `subkelas`, `status`, `timestamp`) VALUES
(1, '196701172006041005', 2, 2, '9', 'E', 0, '2015-07-05 02:00:04'),
(2, '196701172006041005', 2, 2, '9', 'D', 0, '2015-07-05 02:00:04'),
(3, '196701172006041005', 2, 2, '9', 'C', 0, '2015-07-05 02:00:05'),
(4, '196701172006041005', 2, 2, '9', 'B', 0, '2015-07-05 02:00:05'),
(5, '196701172006041005', 2, 2, '9', 'A', 0, '2015-07-05 02:00:06'),
(6, '196701172006041005', 2, 2, '7', 'H', 0, '2015-07-05 02:00:07'),
(7, '196701172006041005', 2, 2, '7', 'I', 0, '2015-07-05 02:00:08'),
(8, '196812152008012007', 3, 3, '9', 'F', 0, '2015-07-05 02:08:34'),
(9, '196812152008012007', 3, 3, '9', 'G', 0, '2015-07-05 02:08:34'),
(10, '196812152008012007', 3, 3, '9', 'H', 0, '2015-07-05 02:08:35'),
(11, '196812152008012007', 3, 3, '9', 'I', 0, '2015-07-05 02:08:35'),
(12, '196507281989022001', 4, 4, '9', 'C', 0, '2015-07-05 02:12:42'),
(13, '196507281989022001', 4, 4, '9', 'B', 0, '2015-07-05 02:12:42'),
(14, '196507281989022001', 4, 4, '9', 'A', 0, '2015-07-05 02:12:43'),
(15, '196308021986032013', 4, 4, '7', 'H', 0, '2015-07-05 02:15:29'),
(16, '195610281982032005', 5, 5, '9', 'B', 0, '2015-07-05 02:17:09'),
(17, '195910081983031013', 8, 8, '8', 'I', 0, '2015-07-05 02:22:46'),
(18, '195910081983031013', 8, 8, '8', 'H', 0, '2015-07-05 02:22:46'),
(19, '195910081983031013', 8, 8, '8', 'F', 0, '2015-07-05 02:22:46'),
(20, '195910081983031013', 8, 8, '8', 'G', 0, '2015-07-05 02:22:47');

-- --------------------------------------------------------

--
-- Table structure for table `guru_aktif_temp`
--

CREATE TABLE IF NOT EXISTS `guru_aktif_temp` (
  `id` int(11) DEFAULT NULL,
  `nip` varchar(50) NOT NULL,
  `ktsp_mapel_id` int(11) NOT NULL,
  `k13_mapel_id` int(11) NOT NULL,
  `kelas` varchar(5) NOT NULL,
  `subkelas` varchar(5) NOT NULL,
  `status` tinyint(1) NOT NULL,
  `timestamp` timestamp NOT NULL DEFAULT CURRENT_TIMESTAMP,
  `semester` varchar(1) NOT NULL
) ENGINE=InnoDB DEFAULT CHARSET=latin1;

--
-- Dumping data for table `guru_aktif_temp`
--

INSERT INTO `guru_aktif_temp` (`id`, `nip`, `ktsp_mapel_id`, `k13_mapel_id`, `kelas`, `subkelas`, `status`, `timestamp`, `semester`) VALUES
(NULL, '197105101993031005', 102, 102, '9', 'A', 0, '2015-07-05 01:47:49', '2'),
(NULL, '197105101993031005', 102, 102, '9', 'B', 0, '2015-07-05 01:47:49', '2'),
(NULL, '197105101993031005', 102, 102, '9', 'C', 0, '2015-07-05 01:47:49', '2'),
(NULL, '197105101993031005', 102, 102, '9', 'D', 0, '2015-07-05 01:47:49', '2'),
(NULL, '197105101993031005', 102, 102, '9', 'E', 0, '2015-07-05 01:47:49', '2'),
(NULL, '197105101993031005', 102, 102, '9', 'F', 0, '2015-07-05 01:47:50', '2'),
(NULL, '197105101993031005', 102, 102, '9', 'G', 0, '2015-07-05 01:47:50', '2'),
(NULL, '197105101993031005', 102, 102, '9', 'H', 0, '2015-07-05 01:47:51', '2'),
(NULL, '197105101993031005', 102, 102, '9', 'I', 0, '2015-07-05 01:47:51', '2'),
(NULL, '197105101993031005', 102, 102, '7', 'A', 0, '2015-07-05 01:47:59', '2'),
(NULL, '197105101993031005', 102, 102, '7', 'B', 0, '2015-07-05 01:47:59', '2'),
(NULL, '197105101993031005', 102, 102, '7', 'C', 0, '2015-07-05 01:48:00', '2'),
(NULL, '197105101993031005', 102, 102, '7', 'D', 0, '2015-07-05 01:48:00', '2'),
(NULL, '197105101993031005', 102, 102, '7', 'E', 0, '2015-07-05 01:48:00', '2'),
(NULL, '197204271992032001', 102, 102, '8', 'A', 0, '2015-07-05 01:48:46', '2'),
(NULL, '197204271992032001', 102, 102, '8', 'B', 0, '2015-07-05 01:48:47', '2'),
(NULL, '197204271992032001', 102, 102, '8', 'C', 0, '2015-07-05 01:48:47', '2'),
(NULL, '197204271992032001', 102, 102, '8', 'D', 0, '2015-07-05 01:48:48', '2'),
(NULL, '197204271992032001', 102, 102, '8', 'E', 0, '2015-07-05 01:48:48', '2'),
(NULL, '197204271992032001', 102, 102, '8', 'F', 0, '2015-07-05 01:48:48', '2'),
(NULL, '197204271992032001', 102, 102, '8', 'G', 0, '2015-07-05 01:48:49', '2'),
(NULL, '197204271992032001', 102, 102, '8', 'H', 0, '2015-07-05 01:48:49', '2'),
(NULL, '197204271992032001', 102, 102, '8', 'I', 0, '2015-07-05 01:48:50', '2'),
(NULL, '197204271992032001', 102, 102, '7', 'F', 0, '2015-07-05 01:48:56', '2'),
(NULL, '197204271992032001', 102, 102, '7', 'G', 0, '2015-07-05 01:48:56', '2'),
(NULL, '197204271992032001', 102, 102, '7', 'H', 0, '2015-07-05 01:48:56', '2'),
(NULL, '197204271992032001', 102, 102, '7', 'I', 0, '2015-07-05 01:48:57', '2'),
(NULL, '197409052005012002', 101, 101, '8', 'D', 0, '2015-07-05 01:49:53', '2'),
(NULL, '197007122001122001', 103, 103, '7', 'D', 0, '2015-07-05 01:56:23', '2'),
(NULL, '197007122001122001', 103, 103, '8', 'D', 0, '2015-07-05 01:56:29', '2'),
(NULL, '197007122001122001', 103, 103, '9', 'D', 0, '2015-07-05 01:56:31', '2'),
(NULL, '197203132008012005', 104, 104, '7', 'C', 0, '2015-07-05 01:57:07', '2'),
(NULL, '197203132008012005', 104, 104, '8', 'C', 0, '2015-07-05 01:57:08', '2'),
(NULL, '197203132008012005', 104, 104, '9', 'C', 0, '2015-07-05 01:57:10', '2'),
(NULL, '195707221986032006', 2, 2, '8', 'B', 0, '2015-07-05 01:59:01', '2'),
(NULL, '195707221986032006', 2, 2, '8', 'C', 0, '2015-07-05 01:59:01', '2'),
(NULL, '195707221986032006', 2, 2, '8', 'D', 0, '2015-07-05 01:59:01', '2'),
(NULL, '195707221986032006', 2, 2, '8', 'E', 0, '2015-07-05 01:59:02', '2'),
(NULL, '195707221986032006', 2, 2, '8', 'F', 0, '2015-07-05 01:59:02', '2'),
(NULL, '195707221986032006', 2, 2, '8', 'G', 0, '2015-07-05 01:59:02', '2'),
(NULL, '195707221986032006', 2, 2, '8', 'H', 0, '2015-07-05 01:59:03', '2'),
(NULL, '195707221986032006', 2, 2, '8', 'I', 0, '2015-07-05 01:59:03', '2'),
(NULL, '196701172006041005', 2, 2, '7', 'A', 0, '2015-07-05 01:59:20', '2'),
(NULL, '196701172006041005', 2, 2, '7', 'B', 0, '2015-07-05 01:59:21', '2'),
(NULL, '196701172006041005', 2, 2, '7', 'C', 0, '2015-07-05 01:59:21', '2'),
(NULL, '196701172006041005', 2, 2, '7', 'D', 0, '2015-07-05 01:59:22', '2'),
(NULL, '196701172006041005', 2, 2, '7', 'E', 0, '2015-07-05 01:59:22', '2'),
(NULL, '196701172006041005', 2, 2, '7', 'F', 0, '2015-07-05 01:59:22', '2'),
(NULL, '196701172006041005', 2, 2, '7', 'G', 0, '2015-07-05 01:59:23', '2'),
(NULL, '196701172006041005', 2, 2, '8', 'A', 0, '2015-07-05 01:59:31', '2'),
(NULL, '197306172008012011', 2, 2, '7', 'H', 0, '2015-07-05 02:00:14', '2'),
(NULL, '197306172008012011', 2, 2, '7', 'I', 0, '2015-07-05 02:00:15', '2'),
(NULL, '197306172008012011', 2, 2, '9', 'A', 0, '2015-07-05 02:00:16', '2'),
(NULL, '197306172008012011', 2, 2, '9', 'B', 0, '2015-07-05 02:00:16', '2'),
(NULL, '197306172008012011', 2, 2, '9', 'C', 0, '2015-07-05 02:00:17', '2'),
(NULL, '197306172008012011', 2, 2, '9', 'D', 0, '2015-07-05 02:00:18', '2'),
(NULL, '197306172008012011', 2, 2, '9', 'E', 0, '2015-07-05 02:00:18', '2'),
(NULL, '197306172008012011', 2, 2, '9', 'F', 0, '2015-07-05 02:00:18', '2'),
(NULL, '197306172008012011', 2, 2, '9', 'G', 0, '2015-07-05 02:00:19', '2'),
(NULL, '197306172008012011', 2, 2, '9', 'H', 0, '2015-07-05 02:00:20', '2'),
(NULL, '197306172008012011', 2, 2, '9', 'I', 0, '2015-07-05 02:00:20', '2'),
(NULL, '196509201995122005', 3, 3, '9', 'A', 0, '2015-07-05 02:06:04', '2'),
(NULL, '196509201995122005', 3, 3, '9', 'B', 0, '2015-07-05 02:06:04', '2'),
(NULL, '196509201995122005', 3, 3, '9', 'C', 0, '2015-07-05 02:06:04', '2'),
(NULL, '196509201995122005', 3, 3, '9', 'D', 0, '2015-07-05 02:06:05', '2'),
(NULL, '196509201995122005', 3, 3, '7', 'A', 0, '2015-07-05 02:06:19', '2'),
(NULL, '196804192008012004', 3, 3, '8', 'D', 0, '2015-07-05 02:07:15', '2'),
(NULL, '196804192008012004', 3, 3, '8', 'E', 0, '2015-07-05 02:07:16', '2'),
(NULL, '196804192008012004', 3, 3, '8', 'F', 0, '2015-07-05 02:07:16', '2'),
(NULL, '196804192008012004', 3, 3, '8', 'G', 0, '2015-07-05 02:07:16', '2'),
(NULL, '196804192008012004', 3, 3, '8', 'H', 0, '2015-07-05 02:07:18', '2'),
(NULL, '196804192008012004', 3, 3, '8', 'I', 0, '2015-07-05 02:07:18', '2'),
(NULL, '196812152008012007', 3, 3, '7', 'I', 0, '2015-07-05 02:07:40', '2'),
(NULL, '196812152008012007', 3, 3, '7', 'H', 0, '2015-07-05 02:07:54', '2'),
(NULL, '196812152008012007', 3, 3, '7', 'G', 0, '2015-07-05 02:07:54', '2'),
(NULL, '196812152008012007', 3, 3, '8', 'A', 0, '2015-07-05 02:08:32', '2'),
(NULL, '196812152008012007', 3, 3, '8', 'B', 0, '2015-07-05 02:08:33', '2'),
(NULL, '196812152008012007', 3, 3, '8', 'C', 0, '2015-07-05 02:08:33', '2'),
(NULL, '196906302005012007', 3, 3, '9', 'E', 0, '2015-07-05 02:09:10', '2'),
(NULL, '196906302005012007', 3, 3, '9', 'F', 0, '2015-07-05 02:09:11', '2'),
(NULL, '196906302005012007', 3, 3, '9', 'G', 0, '2015-07-05 02:09:11', '2'),
(NULL, '196906302005012007', 3, 3, '9', 'H', 0, '2015-07-05 02:09:12', '2'),
(NULL, '196906302005012007', 3, 3, '9', 'I', 0, '2015-07-05 02:09:12', '2'),
(NULL, '197612062007012010', 3, 3, '7', 'B', 0, '2015-07-05 02:09:32', '2'),
(NULL, '197612062007012010', 3, 3, '7', 'C', 0, '2015-07-05 02:09:32', '2'),
(NULL, '197612062007012010', 3, 3, '7', 'D', 0, '2015-07-05 02:09:33', '2'),
(NULL, '197612062007012010', 3, 3, '7', 'E', 0, '2015-07-05 02:09:33', '2'),
(NULL, '197612062007012010', 3, 3, '7', 'F', 0, '2015-07-05 02:09:34', '2'),
(NULL, '196112221986032010', 4, 4, '8', 'D', 0, '2015-07-05 02:10:36', '2'),
(NULL, '196112221986032010', 4, 4, '8', 'E', 0, '2015-07-05 02:10:37', '2'),
(NULL, '196112221986032010', 4, 4, '8', 'F', 0, '2015-07-05 02:10:37', '2'),
(NULL, '196112221986032010', 4, 4, '8', 'G', 0, '2015-07-05 02:10:38', '2'),
(NULL, '196112221986032010', 4, 4, '8', 'H', 0, '2015-07-05 02:10:38', '2'),
(NULL, '196112221986032010', 4, 4, '8', 'I', 0, '2015-07-05 02:10:38', '2'),
(NULL, '196301091986012004', 4, 4, '9', 'F', 0, '2015-07-05 02:10:55', '2'),
(NULL, '196301091986012004', 4, 4, '9', 'G', 0, '2015-07-05 02:10:55', '2'),
(NULL, '196301091986012004', 4, 4, '9', 'H', 0, '2015-07-05 02:10:55', '2'),
(NULL, '196301091986012004', 4, 4, '9', 'I', 0, '2015-07-05 02:10:56', '2'),
(NULL, '196301091986012004', 4, 4, '7', 'I', 0, '2015-07-05 02:11:00', '2'),
(NULL, '196405051998031004', 4, 4, '8', 'A', 0, '2015-07-05 02:11:24', '2'),
(NULL, '196405051998031004', 4, 4, '8', 'B', 0, '2015-07-05 02:11:24', '2'),
(NULL, '196405051998031004', 4, 4, '8', 'C', 0, '2015-07-05 02:11:24', '2'),
(NULL, '196405051998031004', 4, 4, '7', 'G', 0, '2015-07-05 02:11:28', '2'),
(NULL, '196507281989022001', 4, 4, '9', 'A', 0, '2015-07-05 02:12:44', '2'),
(NULL, '196507281989022001', 4, 4, '9', 'B', 0, '2015-07-05 02:12:45', '2'),
(NULL, '196507281989022001', 4, 4, '9', 'C', 0, '2015-07-05 02:12:45', '2'),
(NULL, '196507281989022001', 4, 4, '9', 'D', 0, '2015-07-05 02:12:45', '2'),
(NULL, '196507281989022001', 4, 4, '9', 'E', 0, '2015-07-05 02:12:46', '2'),
(NULL, '196308021986032013', 4, 4, '7', 'A', 0, '2015-07-05 02:13:56', '2'),
(NULL, '196308021986032013', 4, 4, '7', 'B', 0, '2015-07-05 02:13:57', '2'),
(NULL, '196308021986032013', 4, 4, '7', 'C', 0, '2015-07-05 02:13:57', '2'),
(NULL, '196308021986032013', 4, 4, '7', 'D', 0, '2015-07-05 02:13:57', '2'),
(NULL, '196308021986032013', 4, 4, '7', 'E', 0, '2015-07-05 02:13:57', '2'),
(NULL, '196405051998031004', 4, 4, '7', 'H', 0, '2015-07-05 02:15:39', '2'),
(NULL, '197702152008011008', 5, 5, '9', 'F', 0, '2015-07-05 02:16:43', '2'),
(NULL, '197702152008011008', 5, 5, '9', 'G', 0, '2015-07-05 02:16:43', '2'),
(NULL, '197702152008011008', 5, 5, '9', 'H', 0, '2015-07-05 02:16:44', '2'),
(NULL, '197702152008011008', 5, 5, '9', 'I', 0, '2015-07-05 02:16:44', '2'),
(NULL, '197702152008011008', 5, 5, '7', 'I', 0, '2015-07-05 02:16:52', '2'),
(NULL, '195610281982032005', 5, 5, '9', 'A', 0, '2015-07-05 02:17:09', '2'),
(NULL, '195610281982032005', 5, 5, '9', 'B', 0, '2015-07-05 02:17:11', '2'),
(NULL, '195610281982032005', 5, 5, '9', 'C', 0, '2015-07-05 02:17:11', '2'),
(NULL, '195610281982032005', 5, 5, '9', 'D', 0, '2015-07-05 02:17:11', '2'),
(NULL, '196704041998022003', 5, 5, '7', 'A', 0, '2015-07-05 02:17:29', '2'),
(NULL, '196704041998022003', 5, 5, '7', 'B', 0, '2015-07-05 02:17:29', '2'),
(NULL, '196704041998022003', 5, 5, '7', 'C', 0, '2015-07-05 02:17:30', '2'),
(NULL, '196704041998022003', 5, 5, '7', 'D', 0, '2015-07-05 02:17:30', '2'),
(NULL, '196704041998022003', 5, 5, '7', 'E', 0, '2015-07-05 02:17:30', '2'),
(NULL, '196704041998022003', 5, 5, '7', 'F', 0, '2015-07-05 02:17:31', '2'),
(NULL, '196308311989011001', 5, 5, '8', 'F', 0, '2015-07-05 02:17:43', '2'),
(NULL, '196308311989011001', 5, 5, '8', 'G', 0, '2015-07-05 02:17:47', '2'),
(NULL, '196308311989011001', 5, 5, '8', 'H', 0, '2015-07-05 02:17:48', '2'),
(NULL, '196308311989011001', 5, 5, '8', 'I', 0, '2015-07-05 02:17:48', '2'),
(NULL, '196308311989011001', 5, 5, '7', 'G', 0, '2015-07-05 02:17:49', '2'),
(NULL, '196308311989011001', 5, 5, '7', 'H', 0, '2015-07-05 02:17:49', '2'),
(NULL, '196210161985031006', 5, 5, '8', 'A', 0, '2015-07-05 02:18:03', '2'),
(NULL, '196210161985031006', 5, 5, '8', 'B', 0, '2015-07-05 02:18:04', '2'),
(NULL, '196210161985031006', 5, 5, '8', 'C', 0, '2015-07-05 02:18:04', '2'),
(NULL, '196210161985031006', 5, 5, '8', 'D', 0, '2015-07-05 02:18:05', '2'),
(NULL, '196210161985031006', 5, 5, '8', 'E', 0, '2015-07-05 02:18:05', '2'),
(NULL, '197004132008011009', 6, 6, '8', 'I', 0, '2015-07-05 02:18:29', '2'),
(NULL, '197004132008011009', 6, 6, '7', 'E', 0, '2015-07-05 02:18:33', '2'),
(NULL, '197004132008011009', 6, 6, '7', 'F', 0, '2015-07-05 02:18:34', '2'),
(NULL, '197004132008011009', 6, 6, '7', 'G', 0, '2015-07-05 02:18:34', '2'),
(NULL, '197004132008011009', 6, 6, '7', 'H', 0, '2015-07-05 02:18:34', '2'),
(NULL, '197004132008011009', 6, 6, '7', 'I', 0, '2015-07-05 02:18:35', '2'),
(NULL, '197008221998021002', 6, 6, '9', 'E', 0, '2015-07-05 02:19:21', '2'),
(NULL, '197008221998021002', 6, 6, '9', 'F', 0, '2015-07-05 02:19:21', '2'),
(NULL, '197008221998021002', 6, 6, '9', 'H', 0, '2015-07-05 02:19:22', '2'),
(NULL, '197008221998021002', 6, 6, '9', 'G', 0, '2015-07-05 02:19:23', '2'),
(NULL, '197008221998021002', 6, 6, '9', 'I', 0, '2015-07-05 02:19:23', '2'),
(NULL, '197105082007012011', 6, 6, '8', 'B', 0, '2015-07-05 02:19:38', '2'),
(NULL, '197105082007012011', 6, 6, '8', 'C', 0, '2015-07-05 02:19:42', '2'),
(NULL, '197105082007012011', 6, 6, '7', 'A', 0, '2015-07-05 02:19:45', '2'),
(NULL, '197105082007012011', 6, 6, '7', 'B', 0, '2015-07-05 02:19:45', '2'),
(NULL, '197105082007012011', 6, 6, '7', 'C', 0, '2015-07-05 02:19:46', '2'),
(NULL, '197105082007012011', 6, 6, '7', 'D', 0, '2015-07-05 02:19:46', '2'),
(NULL, '195607281983011001', 6, 6, '8', 'E', 0, '2015-07-05 02:20:14', '2'),
(NULL, '195607281983011001', 6, 6, '8', 'F', 0, '2015-07-05 02:20:15', '2'),
(NULL, '195607281983011001', 6, 6, '8', 'G', 0, '2015-07-05 02:20:15', '2'),
(NULL, '195704071979011001', 6, 6, '9', 'A', 0, '2015-07-05 02:20:27', '2'),
(NULL, '195704071979011001', 6, 6, '9', 'B', 0, '2015-07-05 02:20:27', '2'),
(NULL, '195704071979011001', 6, 6, '9', 'C', 0, '2015-07-05 02:20:28', '2'),
(NULL, '195704071979011001', 6, 6, '9', 'D', 0, '2015-07-05 02:20:28', '2'),
(NULL, '195704071979011001', 6, 6, '8', 'A', 0, '2015-07-05 02:20:32', '2'),
(NULL, '196511172007012012', 7, 7, '9', 'B', 0, '2015-07-05 02:21:02', '2'),
(NULL, '196511172007012012', 7, 7, '9', 'A', 0, '2015-07-05 02:21:02', '2'),
(NULL, '196511172007012012', 7, 7, '9', 'C', 0, '2015-07-05 02:21:03', '2'),
(NULL, '196511172007012012', 7, 7, '9', 'D', 0, '2015-07-05 02:21:03', '2'),
(NULL, '196511172007012012', 7, 7, '9', 'E', 0, '2015-07-05 02:21:03', '2'),
(NULL, '196511172007012012', 7, 7, '7', 'I', 0, '2015-07-05 02:21:08', '2'),
(NULL, '195804121995121001', 7, 7, '9', 'F', 0, '2015-07-05 02:21:25', '2'),
(NULL, '195804121995121001', 7, 7, '9', 'G', 0, '2015-07-05 02:21:26', '2'),
(NULL, '195804121995121001', 7, 7, '9', 'H', 0, '2015-07-05 02:21:26', '2'),
(NULL, '195804121995121001', 7, 7, '9', 'I', 0, '2015-07-05 02:21:26', '2'),
(NULL, '195804121995121001', 7, 7, '7', 'D', 0, '2015-07-05 02:21:32', '2'),
(NULL, '195804121995121001', 7, 7, '7', 'E', 0, '2015-07-05 02:21:32', '2'),
(NULL, '197612142008012007', 7, 7, '8', 'A', 0, '2015-07-05 02:21:45', '2'),
(NULL, '197612142008012007', 7, 7, '8', 'B', 0, '2015-07-05 02:21:45', '2'),
(NULL, '197612142008012007', 7, 7, '8', 'C', 0, '2015-07-05 02:21:46', '2'),
(NULL, '197612142008012007', 7, 7, '8', 'D', 0, '2015-07-05 02:21:46', '2'),
(NULL, '197612142008012007', 7, 7, '8', 'E', 0, '2015-07-05 02:21:47', '2'),
(NULL, '197612142008012007', 7, 7, '7', 'A', 0, '2015-07-05 02:21:50', '2'),
(NULL, '197004252005012011', 7, 7, '8', 'F', 0, '2015-07-05 02:22:02', '2'),
(NULL, '197004252005012011', 7, 7, '8', 'G', 0, '2015-07-05 02:22:02', '2'),
(NULL, '197004252005012011', 7, 7, '8', 'H', 0, '2015-07-05 02:22:03', '2'),
(NULL, '197004252005012011', 7, 7, '8', 'I', 0, '2015-07-05 02:22:03', '2'),
(NULL, '197004252005012011', 7, 7, '7', 'B', 0, '2015-07-05 02:22:08', '2'),
(NULL, '197004252005012011', 7, 7, '7', 'C', 0, '2015-07-05 02:22:09', '2'),
(NULL, '196701171998022004', 7, 7, '7', 'F', 0, '2015-07-05 02:22:20', '2'),
(NULL, '196701171998022004', 7, 7, '7', 'G', 0, '2015-07-05 02:22:21', '2'),
(NULL, '196701171998022004', 7, 7, '7', 'H', 0, '2015-07-05 02:22:22', '2'),
(NULL, '195910081983031013', 8, 8, '8', 'A', 0, '2015-07-05 02:22:33', '2'),
(NULL, '195910081983031013', 8, 8, '8', 'B', 0, '2015-07-05 02:22:34', '2'),
(NULL, '195910081983031013', 8, 8, '8', 'C', 0, '2015-07-05 02:22:34', '2'),
(NULL, '195910081983031013', 8, 8, '8', 'D', 0, '2015-07-05 02:22:34', '2'),
(NULL, '195910081983031013', 8, 8, '8', 'E', 0, '2015-07-05 02:22:35', '2'),
(NULL, '195910081983031013', 8, 8, '7', 'A', 0, '2015-07-05 02:22:52', '2'),
(NULL, '195910081983031013', 8, 8, '7', 'B', 0, '2015-07-05 02:22:52', '2'),
(NULL, '195910081983031013', 8, 8, '7', 'C', 0, '2015-07-05 02:22:53', '2'),
(NULL, '195910081983031013', 8, 8, '7', 'D', 0, '2015-07-05 02:22:53', '2'),
(NULL, '195910081983031013', 8, 8, '7', 'E', 0, '2015-07-05 02:22:53', '2'),
(NULL, '195910081983031013', 8, 8, '7', 'F', 0, '2015-07-05 02:22:54', '2'),
(NULL, '195910081983031013', 8, 8, '7', 'G', 0, '2015-07-05 02:22:54', '2'),
(NULL, '195910081983031013', 8, 8, '7', 'H', 0, '2015-07-05 02:22:54', '2'),
(NULL, '195910081983031013', 8, 8, '7', 'I', 0, '2015-07-05 02:22:55', '2'),
(NULL, '196103081983022003', 8, 8, '8', 'G', 0, '2015-07-05 02:22:59', '2'),
(NULL, '196103081983022003', 8, 8, '8', 'H', 0, '2015-07-05 02:23:00', '2'),
(NULL, '196103081983022003', 8, 8, '8', 'F', 0, '2015-07-05 02:23:01', '2'),
(NULL, '196103081983022003', 8, 8, '8', 'I', 0, '2015-07-05 02:23:02', '2'),
(NULL, '196103081983022003', 8, 8, '9', 'A', 0, '2015-07-05 02:23:02', '2'),
(NULL, '196103081983022003', 8, 8, '9', 'B', 0, '2015-07-05 02:23:03', '2'),
(NULL, '196103081983022003', 8, 8, '9', 'C', 0, '2015-07-05 02:23:03', '2'),
(NULL, '196103081983022003', 8, 8, '9', 'D', 0, '2015-07-05 02:23:04', '2'),
(NULL, '196103081983022003', 8, 8, '9', 'E', 0, '2015-07-05 02:23:04', '2'),
(NULL, '196103081983022003', 8, 8, '9', 'F', 0, '2015-07-05 02:23:04', '2'),
(NULL, '196103081983022003', 8, 8, '9', 'G', 0, '2015-07-05 02:23:05', '2'),
(NULL, '196103081983022003', 8, 8, '9', 'H', 0, '2015-07-05 02:23:05', '2'),
(NULL, '196103081983022003', 8, 8, '9', 'I', 0, '2015-07-05 02:23:05', '2'),
(NULL, '195909281983021004', 9, 9, '9', 'A', 0, '2015-07-05 02:23:20', '2'),
(NULL, '195909281983021004', 9, 9, '9', 'B', 0, '2015-07-05 02:23:21', '2'),
(NULL, '195909281983021004', 9, 9, '9', 'C', 0, '2015-07-05 02:23:21', '2'),
(NULL, '195909281983021004', 9, 9, '9', 'D', 0, '2015-07-05 02:23:21', '2'),
(NULL, '195909281983021004', 9, 9, '9', 'E', 0, '2015-07-05 02:23:22', '2'),
(NULL, '195909281983021004', 9, 9, '9', 'F', 0, '2015-07-05 02:23:22', '2'),
(NULL, '195909281983021004', 9, 9, '9', 'G', 0, '2015-07-05 02:23:22', '2'),
(NULL, '195909281983021004', 9, 9, '9', 'H', 0, '2015-07-05 02:23:23', '2'),
(NULL, '195909281983021004', 9, 9, '9', 'I', 0, '2015-07-05 02:23:23', '2'),
(NULL, '195909281983021004', 9, 9, '8', 'A', 0, '2015-07-05 02:23:49', '2'),
(NULL, '195909281983021004', 9, 9, '8', 'B', 0, '2015-07-05 02:23:50', '2'),
(NULL, '196407271987031027', 9, 9, '7', 'B', 0, '2015-07-05 02:24:11', '2'),
(NULL, '196407271987031027', 9, 9, '7', 'C', 0, '2015-07-05 02:24:12', '2'),
(NULL, '196407271987031027', 9, 9, '7', 'D', 0, '2015-07-05 02:24:12', '2'),
(NULL, '196407271987031027', 9, 9, '7', 'E', 0, '2015-07-05 02:24:12', '2'),
(NULL, '196407271987031027', 9, 9, '7', 'F', 0, '2015-07-05 02:24:13', '2'),
(NULL, '196407271987031027', 9, 9, '7', 'G', 0, '2015-07-05 02:24:13', '2'),
(NULL, '196407271987031027', 9, 9, '7', 'H', 0, '2015-07-05 02:24:13', '2'),
(NULL, '196407271987031027', 9, 9, '7', 'I', 0, '2015-07-05 02:24:14', '2'),
(NULL, '195907161981032006', 9, 9, '7', 'A', 0, '2015-07-05 02:24:25', '2'),
(NULL, '195907161981032006', 9, 9, '8', 'D', 0, '2015-07-05 02:24:26', '2'),
(NULL, '195907161981032006', 9, 9, '8', 'E', 0, '2015-07-05 02:24:27', '2'),
(NULL, '195907161981032006', 9, 9, '8', 'F', 0, '2015-07-05 02:24:27', '2'),
(NULL, '195907161981032006', 9, 9, '8', 'G', 0, '2015-07-05 02:24:28', '2'),
(NULL, '195907161981032006', 9, 9, '8', 'H', 0, '2015-07-05 02:24:28', '2'),
(NULL, '195907161981032006', 9, 9, '8', 'I', 0, '2015-07-05 02:24:29', '2'),
(NULL, '196106301983032016', 10, 10, '9', 'A', 0, '2015-07-05 02:25:09', '2'),
(NULL, '196106301983032016', 10, 10, '9', 'B', 0, '2015-07-05 02:25:09', '2'),
(NULL, '196106301983032016', 10, 10, '9', 'C', 0, '2015-07-05 02:25:09', '2'),
(NULL, '196106301983032016', 10, 10, '9', 'D', 0, '2015-07-05 02:25:09', '2'),
(NULL, '196106301983032016', 10, 10, '9', 'E', 0, '2015-07-05 02:25:09', '2'),
(NULL, '196106301983032016', 10, 10, '9', 'F', 0, '2015-07-05 02:25:09', '2'),
(NULL, '196106301983032016', 10, 10, '9', 'G', 0, '2015-07-05 02:25:10', '2'),
(NULL, '196106301983032016', 10, 10, '9', 'H', 0, '2015-07-05 02:25:10', '2'),
(NULL, '196106301983032016', 10, 10, '9', 'I', 0, '2015-07-05 02:25:10', '2'),
(NULL, '196106301983032016', 10, 10, '7', 'A', 0, '2015-07-05 02:25:24', '2'),
(NULL, '196106301983032016', 10, 10, '7', 'B', 0, '2015-07-05 02:25:24', '2'),
(NULL, '196106301983032016', 10, 10, '7', 'C', 0, '2015-07-05 02:25:24', '2'),
(NULL, '196106301983032016', 10, 10, '7', 'D', 0, '2015-07-05 02:25:25', '2'),
(NULL, '197411032009031003', 10, 10, '7', 'E', 0, '2015-07-05 02:25:34', '2'),
(NULL, '197411032009031003', 10, 10, '7', 'F', 0, '2015-07-05 02:25:34', '2'),
(NULL, '197411032009031003', 10, 10, '7', 'G', 0, '2015-07-05 02:25:35', '2'),
(NULL, '197411032009031003', 10, 10, '7', 'H', 0, '2015-07-05 02:25:35', '2'),
(NULL, '197411032009031003', 10, 10, '7', 'I', 0, '2015-07-05 02:25:35', '2'),
(NULL, '197411032009031003', 10, 10, '8', 'A', 0, '2015-07-05 02:25:37', '2'),
(NULL, '197411032009031003', 10, 10, '8', 'B', 0, '2015-07-05 02:25:37', '2'),
(NULL, '197411032009031003', 10, 10, '8', 'D', 0, '2015-07-05 02:25:38', '2'),
(NULL, '197411032009031003', 10, 10, '8', 'C', 0, '2015-07-05 02:25:38', '2'),
(NULL, '197411032009031003', 10, 10, '8', 'E', 0, '2015-07-05 02:25:38', '2'),
(NULL, '197411032009031003', 10, 10, '8', 'F', 0, '2015-07-05 02:25:39', '2'),
(NULL, '197411032009031003', 10, 10, '8', 'G', 0, '2015-07-05 02:25:39', '2'),
(NULL, '197411032009031003', 10, 10, '8', 'H', 0, '2015-07-05 02:25:40', '2'),
(NULL, '197411032009031003', 10, 10, '8', 'I', 0, '2015-07-05 02:25:40', '2'),
(NULL, '197605282000122003', 11, 11, '9', 'A', 0, '2015-07-05 02:26:04', '2'),
(NULL, '197605282000122003', 11, 11, '9', 'B', 0, '2015-07-05 02:26:05', '2'),
(NULL, '197605282000122003', 11, 11, '9', 'D', 0, '2015-07-05 02:26:07', '2'),
(NULL, '197605282000122003', 11, 11, '9', 'C', 0, '2015-07-05 02:26:07', '2'),
(NULL, '197605282000122003', 11, 11, '9', 'E', 0, '2015-07-05 02:26:07', '2'),
(NULL, '197605282000122003', 11, 11, '9', 'H', 0, '2015-07-05 02:26:07', '2'),
(NULL, '197605282000122003', 11, 11, '9', 'F', 0, '2015-07-05 02:26:07', '2'),
(NULL, '197605282000122003', 11, 11, '9', 'G', 0, '2015-07-05 02:26:07', '2'),
(NULL, '197605282000122003', 11, 11, '9', 'I', 0, '2015-07-05 02:26:07', '2'),
(NULL, '197605282000122003', 11, 11, '8', 'A', 0, '2015-07-05 02:26:13', '2'),
(NULL, '197605282000122003', 11, 11, '8', 'C', 0, '2015-07-05 02:26:14', '2'),
(NULL, '197605282000122003', 11, 11, '8', 'B', 0, '2015-07-05 02:26:15', '2'),
(NULL, '197605282000122003', 11, 11, '8', 'D', 0, '2015-07-05 02:26:15', '2'),
(NULL, '196007021987032003', 12, 12, '8', 'C', 0, '2015-07-05 02:26:51', '2'),
(NULL, '196007021987032003', 12, 12, '8', 'D', 0, '2015-07-05 02:26:51', '2'),
(NULL, '196007021987032003', 12, 12, '8', 'E', 0, '2015-07-05 02:26:51', '2'),
(NULL, '196007021987032003', 12, 12, '8', 'F', 0, '2015-07-05 02:26:52', '2'),
(NULL, '196007021987032003', 12, 12, '8', 'H', 0, '2015-07-05 02:26:52', '2'),
(NULL, '196007021987032003', 12, 12, '8', 'G', 0, '2015-07-05 02:26:53', '2'),
(NULL, '196007021987032003', 12, 12, '8', 'I', 0, '2015-07-05 02:26:53', '2'),
(NULL, '196612161990032009', 12, 12, '9', 'A', 0, '2015-07-05 02:27:04', '2'),
(NULL, '196612161990032009', 12, 12, '9', 'B', 0, '2015-07-05 02:27:05', '2'),
(NULL, '196612161990032009', 12, 12, '9', 'C', 0, '2015-07-05 02:27:05', '2'),
(NULL, '196612161990032009', 12, 12, '9', 'D', 0, '2015-07-05 02:27:06', '2'),
(NULL, '196612161990032009', 12, 12, '9', 'E', 0, '2015-07-05 02:27:06', '2'),
(NULL, '196612161990032009', 12, 12, '9', 'F', 0, '2015-07-05 02:27:06', '2'),
(NULL, '196612161990032009', 12, 12, '9', 'G', 0, '2015-07-05 02:27:07', '2'),
(NULL, '196612161990032009', 12, 12, '9', 'H', 0, '2015-07-05 02:27:07', '2'),
(NULL, '196612161990032009', 12, 12, '9', 'I', 0, '2015-07-05 02:27:08', '2'),
(NULL, '197803292009032004', 12, 12, '7', 'A', 0, '2015-07-05 02:27:45', '2'),
(NULL, '197803292009032004', 12, 12, '7', 'D', 0, '2015-07-05 02:27:45', '2'),
(NULL, '197803292009032004', 12, 12, '7', 'B', 0, '2015-07-05 02:27:45', '2'),
(NULL, '197803292009032004', 12, 12, '7', 'C', 0, '2015-07-05 02:27:45', '2'),
(NULL, '197803292009032004', 12, 12, '7', 'E', 0, '2015-07-05 02:27:45', '2'),
(NULL, '197803292009032004', 12, 12, '7', 'G', 0, '2015-07-05 02:27:46', '2'),
(NULL, '197803292009032004', 12, 12, '7', 'F', 0, '2015-07-05 02:27:46', '2'),
(NULL, '197803292009032004', 12, 12, '7', 'H', 0, '2015-07-05 02:27:47', '2'),
(NULL, '197803292009032004', 12, 12, '7', 'I', 0, '2015-07-05 02:27:47', '2'),
(NULL, 'zahra', 11, 11, '7', 'A', 0, '2015-07-27 05:16:44', '2'),
(NULL, 'zahra', 11, 11, '7', 'B', 0, '2015-07-27 05:16:44', '2'),
(NULL, 'zahra', 11, 11, '7', 'C', 0, '2015-07-27 05:16:44', '2'),
(NULL, 'zahra', 11, 11, '7', 'D', 0, '2015-07-27 05:16:45', '2'),
(NULL, 'zahra', 11, 11, '7', 'E', 0, '2015-07-27 05:16:46', '2'),
(NULL, 'zahra', 11, 11, '7', 'F', 0, '2015-07-27 05:16:46', '2'),
(NULL, 'zahra', 11, 11, '7', 'G', 0, '2015-07-27 05:16:46', '2'),
(NULL, 'zahra', 11, 11, '7', 'H', 0, '2015-07-27 05:16:47', '2'),
(NULL, 'zahra', 11, 11, '7', 'I', 0, '2015-07-27 05:16:47', '2'),
(NULL, 'zahra', 11, 11, '8', 'E', 0, '2015-07-27 05:16:49', '2'),
(NULL, 'zahra', 11, 11, '8', 'F', 0, '2015-07-27 05:16:49', '2'),
(NULL, 'zahra', 11, 11, '8', 'G', 0, '2015-07-27 05:16:50', '2'),
(NULL, 'zahra', 11, 11, '8', 'H', 0, '2015-07-27 05:16:51', '2'),
(NULL, 'zahra', 11, 11, '8', 'I', 0, '2015-07-27 05:16:51', '2'),
(NULL, '195607281983011001', 6, 6, '8', 'D', 0, '2015-10-17 09:51:53', '2'),
(NULL, '195610281982032005', 5, 5, '9', 'E', 0, '2015-10-27 07:42:06', '2'),
(NULL, '196405051998031004', 4, 4, '7', 'F', 0, '2015-10-29 00:16:48', '2'),
(NULL, '195607281983011001', 6, 6, '8', 'H', 0, '2015-11-01 23:16:56', '2'),
(NULL, '195907161981032006', 9, 9, '8', 'C', 0, '2015-11-02 01:14:08', '2'),
(NULL, '196007021987032003', 12, 12, '8', 'A', 0, '2015-12-15 06:23:53', '2'),
(NULL, '196007021987032003', 12, 12, '8', 'B', 0, '2015-12-15 06:23:55', '2');

-- --------------------------------------------------------

--
-- Table structure for table `guru_ekskul`
--

CREATE TABLE IF NOT EXISTS `guru_ekskul` (
  `id` int(11) NOT NULL AUTO_INCREMENT,
  `ekskul_id` int(11) NOT NULL,
  `nip` varchar(50) NOT NULL,
  `timestamp` timestamp NOT NULL DEFAULT CURRENT_TIMESTAMP,
  PRIMARY KEY (`id`),
  UNIQUE KEY `id_2` (`id`),
  KEY `id` (`id`),
  KEY `nip` (`nip`)
) ENGINE=InnoDB DEFAULT CHARSET=latin1 AUTO_INCREMENT=1 ;

-- --------------------------------------------------------

--
-- Table structure for table `guru_walikelas`
--

CREATE TABLE IF NOT EXISTS `guru_walikelas` (
  `id` int(11) NOT NULL AUTO_INCREMENT,
  `nip` varchar(50) NOT NULL,
  `kelas` varchar(5) NOT NULL,
  `subkelas` varchar(5) NOT NULL,
  `timestamp` timestamp NOT NULL DEFAULT CURRENT_TIMESTAMP,
  PRIMARY KEY (`id`),
  UNIQUE KEY `id_2` (`id`),
  KEY `id` (`id`),
  KEY `nip` (`nip`)
) ENGINE=InnoDB  DEFAULT CHARSET=latin1 AUTO_INCREMENT=29 ;

--
-- Dumping data for table `guru_walikelas`
--

INSERT INTO `guru_walikelas` (`id`, `nip`, `kelas`, `subkelas`, `timestamp`) VALUES
(1, '196704041998022003', '7', 'A', '2015-07-05 09:05:52'),
(2, '196308021986032013', '7', 'B', '2015-07-05 09:06:29'),
(3, '197105082007012011', '7', 'C', '2015-07-05 09:07:24'),
(4, '197612062007012010', '7', 'D', '2015-07-05 09:07:56'),
(6, '196701172006041005\n', '7', 'F', '2015-07-05 09:09:02'),
(7, '197004132008011009', '7', 'G', '2015-07-05 09:10:08'),
(8, '197204271992032001', '7', 'H', '2015-07-05 09:31:28'),
(9, '197702152008011008', '7', 'I', '2015-07-05 09:32:08'),
(10, '196507281989022001', '9', 'A', '2015-07-05 09:32:08'),
(11, '195610281982032005', '9', 'B', '2015-07-05 09:32:08'),
(12, '195704071979011001', '9', 'C', '2015-07-05 09:32:08'),
(13, '196511172007012012', '9', 'D', '2015-07-05 09:32:08'),
(14, '197605282000122003', '9', 'E', '2015-07-05 09:32:08'),
(15, '196301091986012004', '9', 'F', '2015-07-05 09:32:08'),
(16, '196106301983032016', '9', 'G', '2015-07-05 09:32:08'),
(17, '196906302005012007', '9', 'H', '2015-07-05 09:32:08'),
(18, '195804121995121001', '9', 'I', '2015-07-05 09:32:08'),
(19, '197612142008012007', '8', 'A', '2015-07-05 09:05:52'),
(20, '195707221986032006', '8', 'B', '2015-07-05 09:05:52'),
(21, '196405051998031004', '8', 'C', '2015-07-05 09:05:52'),
(22, '196210161985031006', '8', 'D', '2015-07-05 09:05:52'),
(23, '195910081983031013', '8', 'E', '2015-07-05 09:05:52'),
(24, '196308311989011001', '8', 'F', '2015-07-05 09:05:52'),
(25, '196103081983022003', '8', 'G', '2015-07-05 09:05:52'),
(26, '197004252005012011', '8', 'H', '2015-07-05 09:05:52'),
(27, '196804192008012004', '8', 'I', '2015-07-05 09:05:52'),
(28, '197105101993031005\r\n', '7', 'E', '2015-07-05 09:09:02');

-- --------------------------------------------------------

--
-- Table structure for table `info_ta`
--

CREATE TABLE IF NOT EXISTS `info_ta` (
  `kunci` varchar(50) NOT NULL,
  `nilai` varchar(50) NOT NULL,
  PRIMARY KEY (`kunci`)
) ENGINE=InnoDB DEFAULT CHARSET=latin1;

--
-- Dumping data for table `info_ta`
--

INSERT INTO `info_ta` (`kunci`, `nilai`) VALUES
('banyakrombelkelas7', '9'),
('banyakrombelkelas8', '9'),
('banyakrombelkelas9', '9'),
('editstatus_smt1', '0'),
('editstatus_smt2', '0'),
('kurikulumkelas7smt1', 'ktsp'),
('kurikulumkelas7smt2', 'ktsp'),
('kurikulumkelas8smt1', 'ktsp'),
('kurikulumkelas8smt2', 'ktsp'),
('kurikulumkelas9smt1', 'ktsp'),
('kurikulumkelas9smt2', 'ktsp'),
('status_semester', '2');

-- --------------------------------------------------------

--
-- Table structure for table `k13_akhirp`
--

CREATE TABLE IF NOT EXISTS `k13_akhirp` (
  `id` int(11) NOT NULL AUTO_INCREMENT,
  `nis` varchar(50) NOT NULL,
  `k13_mapel_id` int(11) NOT NULL,
  `semester` varchar(2) NOT NULL,
  `uts` varchar(5) NOT NULL,
  `uas` varchar(5) NOT NULL,
  PRIMARY KEY (`id`)
) ENGINE=InnoDB DEFAULT CHARSET=latin1 AUTO_INCREMENT=1 ;

-- --------------------------------------------------------

--
-- Table structure for table `k13_hariank`
--

CREATE TABLE IF NOT EXISTS `k13_hariank` (
  `id` int(11) NOT NULL AUTO_INCREMENT,
  `nis` varchar(50) NOT NULL,
  `k13_mapel_id` int(11) NOT NULL,
  `topik_id` int(11) NOT NULL,
  `semester` varchar(2) NOT NULL,
  `prj` varchar(5) NOT NULL,
  `prt` varchar(5) NOT NULL,
  `pr` varchar(5) NOT NULL,
  PRIMARY KEY (`id`),
  KEY `k13_mapel_id` (`k13_mapel_id`),
  KEY `nis` (`nis`),
  KEY `topik_id` (`topik_id`)
) ENGINE=InnoDB DEFAULT CHARSET=latin1 AUTO_INCREMENT=1 ;

-- --------------------------------------------------------

--
-- Table structure for table `k13_harianp`
--

CREATE TABLE IF NOT EXISTS `k13_harianp` (
  `id` int(11) NOT NULL AUTO_INCREMENT,
  `nis` varchar(50) NOT NULL,
  `k13_mapel_id` int(11) NOT NULL,
  `topik_id` int(11) NOT NULL,
  `semester` varchar(2) NOT NULL,
  `ut` varchar(5) NOT NULL,
  `ul` varchar(5) NOT NULL,
  `t` varchar(5) NOT NULL,
  PRIMARY KEY (`id`),
  KEY `nis` (`nis`),
  KEY `k13_mapel_id` (`k13_mapel_id`),
  KEY `topik_id` (`topik_id`)
) ENGINE=InnoDB DEFAULT CHARSET=latin1 AUTO_INCREMENT=1 ;

-- --------------------------------------------------------

--
-- Table structure for table `k13_harians`
--

CREATE TABLE IF NOT EXISTS `k13_harians` (
  `id` int(11) NOT NULL AUTO_INCREMENT,
  `nis` varchar(50) NOT NULL,
  `k13_mapel_id` int(11) NOT NULL,
  `topik_id` int(11) NOT NULL,
  `semester` varchar(2) NOT NULL,
  `pd` varchar(5) NOT NULL,
  `pat` varchar(5) NOT NULL,
  `j` varchar(5) NOT NULL,
  PRIMARY KEY (`id`)
) ENGINE=InnoDB DEFAULT CHARSET=latin1 AUTO_INCREMENT=1 ;

-- --------------------------------------------------------

--
-- Table structure for table `k13_mapel`
--

CREATE TABLE IF NOT EXISTS `k13_mapel` (
  `k13_mapel_id` int(11) NOT NULL AUTO_INCREMENT,
  `mapel_nama` varchar(50) NOT NULL,
  PRIMARY KEY (`k13_mapel_id`)
) ENGINE=InnoDB  DEFAULT CHARSET=latin1 AUTO_INCREMENT=16 ;

--
-- Dumping data for table `k13_mapel`
--

INSERT INTO `k13_mapel` (`k13_mapel_id`, `mapel_nama`) VALUES
(1, 'Bahasa Indonesia'),
(2, 'Bahasa Inggris'),
(3, 'Bahasa Jawa'),
(4, 'Bimbingan Konseling'),
(5, 'Ilmu Pengetahuan Alam'),
(6, 'Ilmu Pengetahuan Sosial'),
(7, 'Matematika'),
(8, 'Pendidikan Agama Hindu'),
(9, 'Pendidikan Agama Islam'),
(10, 'Pendidikan Agama Katolik'),
(11, 'Pendidikan Agama Kristen'),
(12, 'Pendidikan Jasmani, Olahraga, dan Kesehatan'),
(13, 'Pendidikan Pancasila dan Kewarganegaraan'),
(14, 'TIK'),
(15, 'Seni Budaya');

-- --------------------------------------------------------

--
-- Table structure for table `k13_topikk`
--

CREATE TABLE IF NOT EXISTS `k13_topikk` (
  `topik_id` int(11) NOT NULL AUTO_INCREMENT,
  `topik_nama` varchar(50) NOT NULL,
  `nip` varchar(50) NOT NULL,
  `kelas` varchar(5) NOT NULL,
  PRIMARY KEY (`topik_id`)
) ENGINE=InnoDB DEFAULT CHARSET=latin1 AUTO_INCREMENT=1 ;

-- --------------------------------------------------------

--
-- Table structure for table `k13_topikp`
--

CREATE TABLE IF NOT EXISTS `k13_topikp` (
  `topik_id` int(11) NOT NULL AUTO_INCREMENT,
  `topik_nama` varchar(50) NOT NULL,
  `nip` varchar(50) NOT NULL,
  `kelas` varchar(5) NOT NULL,
  PRIMARY KEY (`topik_id`)
) ENGINE=InnoDB DEFAULT CHARSET=latin1 AUTO_INCREMENT=1 ;

-- --------------------------------------------------------

--
-- Table structure for table `k13_topiks`
--

CREATE TABLE IF NOT EXISTS `k13_topiks` (
  `topik_id` int(11) NOT NULL AUTO_INCREMENT,
  `topik_nama` varchar(50) NOT NULL,
  `nip` varchar(50) NOT NULL,
  `kelas` varchar(5) NOT NULL,
  PRIMARY KEY (`topik_id`)
) ENGINE=InnoDB DEFAULT CHARSET=latin1 AUTO_INCREMENT=1 ;

-- --------------------------------------------------------

--
-- Table structure for table `k13_ujianp`
--

CREATE TABLE IF NOT EXISTS `k13_ujianp` (
  `id` int(11) NOT NULL AUTO_INCREMENT,
  `nis` varchar(50) NOT NULL,
  `k13_mapel_id` int(11) NOT NULL,
  `semester` varchar(2) NOT NULL,
  `uts` varchar(5) NOT NULL,
  `uas` varchar(5) NOT NULL,
  PRIMARY KEY (`id`)
) ENGINE=InnoDB DEFAULT CHARSET=latin1 AUTO_INCREMENT=1 ;

-- --------------------------------------------------------

--
-- Table structure for table `kehadiran`
--

CREATE TABLE IF NOT EXISTS `kehadiran` (
  `id` int(11) NOT NULL AUTO_INCREMENT,
  `nis` varchar(50) NOT NULL,
  `semester` varchar(2) NOT NULL,
  `sakit` varchar(5) NOT NULL,
  `izin` varchar(5) NOT NULL,
  `alpha` varchar(5) NOT NULL,
  PRIMARY KEY (`id`),
  KEY `nis` (`nis`)
) ENGINE=InnoDB  DEFAULT CHARSET=latin1 AUTO_INCREMENT=223 ;

--
-- Dumping data for table `kehadiran`
--

INSERT INTO `kehadiran` (`id`, `nis`, `semester`, `sakit`, `izin`, `alpha`) VALUES
(1, '18143', '1', '', '', ''),
(2, '17888', '1', '', '', ''),
(3, '17923', '1', '', '', ''),
(4, '18052', '1', '4', '', ''),
(5, '17925', '1', '', '', ''),
(6, '18024', '1', '', '', ''),
(7, '17960', '1', '1', '', ''),
(8, '18026', '1', '', '', ''),
(9, '17896', '1', '', '3', ''),
(10, '17897', '1', '', '3', ''),
(11, '18029', '1', '', '', ''),
(12, '17936', '1', '', '', ''),
(13, '18119', '1', '8', '', ''),
(14, '17901', '1', '2', '', ''),
(15, '17902', '1', '', '2', ''),
(16, '18060', '1', '1', '', ''),
(17, '18094', '1', '1', '1', ''),
(18, '18121', '1', '', '', ''),
(19, '17903', '1', '', '', ''),
(20, '17904', '1', '', '', ''),
(21, '18160', '1', '4', '', ''),
(22, '18068', '1', '2', '4', ''),
(23, '18465', '1', '7', '', ''),
(24, '18038', '1', '12', '', ''),
(25, '18126', '1', '2', '', ''),
(26, '18007', '1', '', '', ''),
(27, '17908', '1', '', '', ''),
(28, '17909', '1', '', '', ''),
(29, '18104', '1', '', '', ''),
(30, '17912', '1', '3', '', ''),
(31, '18014', '1', '', '', ''),
(32, '18107', '1', '', '', ''),
(33, '17915', '1', '1', '', ''),
(57, '18240', '1', '33', '', ''),
(58, '18208', '1', '0', '', ''),
(59, '18047', '1', '2', '', '3'),
(60, '17953', '1', '', '', ''),
(61, '18016', '1', '', '', '1'),
(62, '18084', '1', '9', '', ''),
(63, '18085', '1', '', '', ''),
(64, '18087', '1', '', '', '4'),
(65, '18150', '1', '', '', '1'),
(66, '17929', '1', '', '', ''),
(67, '17961', '1', '', '', ''),
(68, '18469', '1', '', '', ''),
(69, '18154', '1', '', '', '3'),
(70, '17934', '1', '', '', ''),
(71, '17900', '1', '', '', ''),
(72, '18120', '1', '2', '', ''),
(73, '18097', '1', '', '', ''),
(74, '18124', '1', '1', '', ''),
(75, '17940', '1', '2', '', ''),
(76, '18064', '1', '', '', '2'),
(77, '18067', '1', '', '', '3'),
(78, '17968', '1', '2', '', ''),
(79, '17970', '1', '', '', ''),
(80, '18070', '1', '1', '', ''),
(81, '18036', '1', '', '', '1'),
(82, '17942', '1', '', '', '1'),
(83, '17943', '1', '', '', '1'),
(84, '18168', '1', '', '', '1'),
(85, '18127', '1', '5', '', '3'),
(86, '18039', '1', '8', '', '2'),
(87, '17947', '1', '', '', ''),
(88, '18138', '1', '2', '', ''),
(89, '17949', '1', '', '', ''),
(90, '17950', '1', '', '', ''),
(91, '17918', '1', '', '', '1'),
(94, '18176', '1', '3', '', ''),
(95, '18080', '1', '', '', ''),
(96, '18144', '1', '', '', ''),
(97, '17889', '1', '', '', ''),
(98, '17893', '1', '', '1', ''),
(99, '18151', '1', '', '4', ''),
(100, '17928', '1', '', '', ''),
(101, '18088', '1', '', '', ''),
(102, '17987', '1', '', '', ''),
(103, '18464', '1', '', '', ''),
(104, '17933', '1', '', '', ''),
(105, '17963', '1', '', '3', ''),
(106, '17964', '1', '1', '1', ''),
(107, '18027', '1', '', '', ''),
(108, '17992', '1', '5', '1', ''),
(109, '18028', '1', '1', '1', ''),
(110, '18118', '1', '', '', ''),
(111, '18158', '1', '2', '1', ''),
(112, '18093', '1', '', '', ''),
(113, '18122', '1', '2', '1', ''),
(114, '18164', '1', '1', '', ''),
(115, '17974', '1', '', '', ''),
(116, '18128', '1', '1', '3', ''),
(117, '18008', '1', '', '', ''),
(118, '18040', '1', '9', '', ''),
(119, '18012', '1', '', '1', ''),
(120, '17946', '1', '1', '1', ''),
(121, '18046', '1', '', '', ''),
(122, '18139', '1', '', '', ''),
(123, '18108', '1', '2', '3', ''),
(124, '17917', '1', '1', '', ''),
(125, '17982', '1', '1', '', ''),
(126, '18141', '1', '', '', ''),
(127, '17919', '1', '1', '', ''),
(128, '18048', '1', '1', '1', ''),
(129, '18015', '1', '', '', ''),
(130, '18049', '1', '', '', ''),
(131, '17890', '1', '1', '1', ''),
(132, '18051', '1', '', '1', ''),
(133, '18112', '1', '', '', ''),
(134, '17927', '1', '', '1', ''),
(135, '17895', '1', '', '', ''),
(136, '17986', '1', '', '', ''),
(137, '18116', '1', '', '', ''),
(138, '18466', '1', '', '1', ''),
(139, '17959', '1', '', '', ''),
(140, '18025', '1', '', '', ''),
(141, '17990', '1', '', '', ''),
(142, '18155', '1', '', '1', ''),
(143, '17898', '1', '', '4', ''),
(144, '17996', '1', '', '', ''),
(145, '18156', '1', '', '2', ''),
(146, '18175', '1', '3', '1', ''),
(147, '18159', '1', '', '', ''),
(148, '17969', '1', '', '', ''),
(149, '18161', '1', '', '1', ''),
(150, '17971', '1', '', '', ''),
(151, '18004', '1', '', '', ''),
(152, '18073', '1', '2', '', ''),
(153, '17945', '1', '', '', ''),
(154, '18172', '1', '', '', ''),
(155, '18133', '1', '', '', ''),
(156, '18135', '1', '', '', ''),
(157, '18044', '1', '', '', ''),
(158, '18137', '1', '', '', ''),
(159, '18082', '1', '', '', ''),
(160, '17921', '1', '', '', ''),
(161, '17891', '1', '3', '', ''),
(162, '18050', '1', '', '', ''),
(163, '18017', '1', '', '', ''),
(164, '17955', '1', '', '', ''),
(165, '18019', '1', '1', '2', ''),
(166, '18149', '1', '', '', ''),
(167, '17932', '1', '', '', ''),
(168, '17967', '1', '', '', ''),
(169, '18157', '1', '2', '1', ''),
(170, '18030', '1', '', '', ''),
(171, '18059', '1', '1', '', ''),
(172, '17999', '1', '', '', ''),
(173, '18033', '1', '2', '1', ''),
(174, '17905', '1', '', '', ''),
(175, '18035', '1', '', '', ''),
(176, '18005', '1', '', '1', ''),
(177, '18167', '1', '2', '', ''),
(178, '17907', '1', '', '', ''),
(179, '18169', '1', '', '1', ''),
(180, '18009', '1', '', '', ''),
(181, '18011', '1', '4', '1', ''),
(182, '18173', '1', '', '', ''),
(183, '18106', '1', '1', '', ''),
(184, '18076', '1', '', '1', ''),
(185, '18077', '1', '', '', ''),
(186, '17978', '1', '', '3', ''),
(187, '17948', '1', '', '4', ''),
(188, '17980', '1', '', '', ''),
(189, '18078', '1', '', '', ''),
(190, '18109', '1', '', '1', ''),
(191, '18083', '1', '1', '1', ''),
(192, '17922', '1', '', '', ''),
(193, '17952', '1', '4', '', ''),
(194, '18086', '1', '', '', ''),
(195, '17894', '1', '3', '1', ''),
(196, '18020', '1', '', '', ''),
(197, '17926', '1', '', '', ''),
(198, '17965', '1', '', '', ''),
(199, '17993', '1', '1', '', ''),
(200, '18091', '1', '', '', ''),
(201, '17997', '1', '', '', ''),
(202, '17937', '1', '', '1', ''),
(203, '18062', '1', '', '', ''),
(204, '18063', '1', '', '', ''),
(205, '18123', '1', '', '', ''),
(206, '18001', '1', '', '1', ''),
(207, '18065', '1', '4', '', ''),
(208, '18066', '1', '2', '1', ''),
(209, '17972', '1', '1', '', ''),
(210, '17944', '1', '1', '', ''),
(211, '18071', '1', '', '', ''),
(212, '17975', '1', '2', '1', ''),
(213, '18129', '1', '1', '', ''),
(214, '18041', '1', '', '', ''),
(215, '18010', '1', '', '2', ''),
(216, '17910', '1', '2', '', ''),
(217, '18132', '1', '', '', ''),
(218, '18043', '1', '', '', ''),
(219, '18105', '1', '', '1', ''),
(220, '18131', '1', '', '1', '2'),
(221, '18136', '1', '', '1', ''),
(222, '18110', '1', '1', '', '');

-- --------------------------------------------------------

--
-- Table structure for table `ktsp_akhir`
--

CREATE TABLE IF NOT EXISTS `ktsp_akhir` (
  `id` int(11) NOT NULL AUTO_INCREMENT,
  `nis` varchar(50) NOT NULL,
  `ktsp_mapel_id` int(11) NOT NULL,
  `semester` varchar(2) NOT NULL,
  `uts` varchar(5) NOT NULL,
  `uas` varchar(5) NOT NULL,
  PRIMARY KEY (`id`),
  KEY `nis` (`nis`),
  KEY `ktsp_mapel_id` (`ktsp_mapel_id`)
) ENGINE=InnoDB DEFAULT CHARSET=latin1 AUTO_INCREMENT=1 ;

-- --------------------------------------------------------

--
-- Table structure for table `ktsp_akhir_backup`
--

CREATE TABLE IF NOT EXISTS `ktsp_akhir_backup` (
  `id` int(11) NOT NULL AUTO_INCREMENT,
  `nis` varchar(50) NOT NULL,
  `ktsp_mapel_id` int(11) NOT NULL,
  `semester` varchar(2) NOT NULL,
  `uts` varchar(5) NOT NULL,
  `uas` varchar(5) NOT NULL,
  PRIMARY KEY (`id`),
  KEY `nis` (`nis`),
  KEY `ktsp_mapel_id` (`ktsp_mapel_id`)
) ENGINE=InnoDB DEFAULT CHARSET=latin1 AUTO_INCREMENT=1 ;

-- --------------------------------------------------------

--
-- Table structure for table `ktsp_harian`
--

CREATE TABLE IF NOT EXISTS `ktsp_harian` (
  `id` int(11) NOT NULL AUTO_INCREMENT,
  `nis` varchar(50) NOT NULL,
  `ktsp_mapel_id` int(11) NOT NULL,
  `topik_id` int(11) NOT NULL,
  `semester` varchar(2) NOT NULL,
  `ut` varchar(5) NOT NULL,
  `ul` varchar(5) NOT NULL,
  `t` varchar(5) NOT NULL,
  `rata` varchar(10) NOT NULL,
  `username` varchar(50) NOT NULL,
  `timestamp` timestamp NOT NULL DEFAULT CURRENT_TIMESTAMP ON UPDATE CURRENT_TIMESTAMP,
  `nip` varchar(50) NOT NULL,
  PRIMARY KEY (`id`),
  KEY `ktsp_mapel_id` (`ktsp_mapel_id`),
  KEY `topik_id` (`topik_id`),
  KEY `nis` (`nis`)
) ENGINE=InnoDB DEFAULT CHARSET=latin1 AUTO_INCREMENT=1 ;

-- --------------------------------------------------------

--
-- Table structure for table `ktsp_harian_backup`
--

CREATE TABLE IF NOT EXISTS `ktsp_harian_backup` (
  `id` int(11) NOT NULL AUTO_INCREMENT,
  `nis` varchar(50) NOT NULL,
  `ktsp_mapel_id` int(11) NOT NULL,
  `topik_id` int(11) NOT NULL,
  `semester` varchar(2) NOT NULL,
  `ut` varchar(5) NOT NULL,
  `ul` varchar(5) NOT NULL,
  `t` varchar(5) NOT NULL,
  `rata` varchar(10) NOT NULL,
  `username` varchar(50) NOT NULL,
  `timestamp` timestamp NOT NULL DEFAULT '0000-00-00 00:00:00',
  `nip` varchar(50) NOT NULL,
  PRIMARY KEY (`id`),
  KEY `ktsp_mapel_id` (`ktsp_mapel_id`),
  KEY `topik_id` (`topik_id`),
  KEY `nis` (`nis`)
) ENGINE=InnoDB DEFAULT CHARSET=latin1 AUTO_INCREMENT=1 ;

-- --------------------------------------------------------

--
-- Table structure for table `ktsp_kkm`
--

CREATE TABLE IF NOT EXISTS `ktsp_kkm` (
  `ktsp_mapel_id` int(11) NOT NULL,
  `7` varchar(50) NOT NULL,
  `8` varchar(50) NOT NULL,
  `9` varchar(50) NOT NULL,
  PRIMARY KEY (`ktsp_mapel_id`)
) ENGINE=InnoDB DEFAULT CHARSET=latin1;

-- --------------------------------------------------------

--
-- Table structure for table `ktsp_ledger`
--

CREATE TABLE IF NOT EXISTS `ktsp_ledger` (
  `ledger_id` int(11) NOT NULL AUTO_INCREMENT,
  `nis` int(50) NOT NULL,
  `semester` varchar(10) NOT NULL,
  `jenis` varchar(10) NOT NULL,
  `tanggal` date NOT NULL,
  `1` varchar(10) NOT NULL,
  `2` varchar(10) NOT NULL,
  `3` varchar(10) NOT NULL,
  `4` varchar(10) NOT NULL,
  `5` varchar(10) NOT NULL,
  `6` varchar(10) NOT NULL,
  `7` varchar(10) NOT NULL,
  `8` varchar(10) NOT NULL,
  `9` varchar(10) NOT NULL,
  `10` varchar(10) NOT NULL,
  `11` varchar(10) NOT NULL,
  `12` varchar(10) NOT NULL,
  `13` varchar(10) NOT NULL,
  `14` varchar(10) NOT NULL,
  `15` varchar(10) NOT NULL,
  PRIMARY KEY (`ledger_id`),
  UNIQUE KEY `nis` (`nis`)
) ENGINE=MEMORY DEFAULT CHARSET=latin1 AUTO_INCREMENT=1 ;

-- --------------------------------------------------------

--
-- Table structure for table `ktsp_mapel`
--

CREATE TABLE IF NOT EXISTS `ktsp_mapel` (
  `ktsp_mapel_id` int(11) NOT NULL,
  `mapel_nama` varchar(50) NOT NULL,
  `kode_nama` varchar(50) NOT NULL,
  PRIMARY KEY (`ktsp_mapel_id`)
) ENGINE=InnoDB DEFAULT CHARSET=latin1;

--
-- Dumping data for table `ktsp_mapel`
--

INSERT INTO `ktsp_mapel` (`ktsp_mapel_id`, `mapel_nama`, `kode_nama`) VALUES
(2, 'Pendidikan Pancasila dan Kewarganegaraan', 'PKN'),
(3, 'Bahasa Indonesia', 'BINDO'),
(4, 'Bahasa Inggris', 'BING'),
(5, 'Matematika', 'MAT'),
(6, 'Ilmu Pengetahuan Alam', 'IPA'),
(7, 'Ilmu Pengetahuan Sosial', 'IPS'),
(8, 'Seni Budaya', 'SENI'),
(9, 'Pendidikan Jasmani, Olahraga, dan Kesehatan', 'JASMANI'),
(10, 'TIK', 'TIK'),
(11, 'Bahasa Jawa', 'BAJA'),
(12, 'Bimbingan Konseling', 'BK'),
(101, 'Pendidikan Agama Hindu', 'AGAMAHIN'),
(102, 'Pendidikan Agama Islam', 'AGAMAIS'),
(103, 'Pendidikan Agama Katolik', 'AGAMAKAT'),
(104, 'Pendidikan Agama Kristen', 'AGAMAKRIS');

-- --------------------------------------------------------

--
-- Table structure for table `ktsp_sikap`
--

CREATE TABLE IF NOT EXISTS `ktsp_sikap` (
  `id` int(11) NOT NULL AUTO_INCREMENT,
  `nis` varchar(50) NOT NULL,
  `semester` varchar(2) NOT NULL,
  `sakit` varchar(5) NOT NULL,
  `izin` varchar(5) NOT NULL,
  `alpha` varchar(5) NOT NULL,
  `username` varchar(50) NOT NULL,
  `timestamp` timestamp NOT NULL DEFAULT CURRENT_TIMESTAMP ON UPDATE CURRENT_TIMESTAMP,
  PRIMARY KEY (`id`),
  KEY `nis` (`nis`)
) ENGINE=InnoDB DEFAULT CHARSET=latin1 AUTO_INCREMENT=1 ;

-- --------------------------------------------------------

--
-- Table structure for table `ktsp_topik`
--

CREATE TABLE IF NOT EXISTS `ktsp_topik` (
  `topik_id` int(11) NOT NULL AUTO_INCREMENT,
  `active` tinyint(1) NOT NULL DEFAULT '1',
  `afterUTS` tinyint(1) NOT NULL,
  `topik_nama` varchar(50) NOT NULL,
  `nip` varchar(50) NOT NULL,
  `kelas` varchar(5) NOT NULL,
  `ktsp_mapel_id` int(11) NOT NULL,
  `semester` varchar(5) NOT NULL,
  `topik_nama_singkat` varchar(50) NOT NULL,
  `waktu` timestamp NOT NULL DEFAULT CURRENT_TIMESTAMP,
  PRIMARY KEY (`topik_id`),
  KEY `nip` (`nip`),
  KEY `ktsp_mapel_id` (`ktsp_mapel_id`)
) ENGINE=InnoDB  DEFAULT CHARSET=latin1 AUTO_INCREMENT=259 ;

--
-- Dumping data for table `ktsp_topik`
--

INSERT INTO `ktsp_topik` (`topik_id`, `active`, `afterUTS`, `topik_nama`, `nip`, `kelas`, `ktsp_mapel_id`, `semester`, `topik_nama_singkat`, `waktu`) VALUES
(1, 1, 0, 'Membaca', '196509201995122005', '7', 3, '1', 'Pengumuman', '2015-07-07 20:15:34'),
(2, 1, 1, 'berbicara', '196509201995122005', '7', 3, '1', 'wawancara', '2015-07-07 20:15:34'),
(4, 1, 1, 'helol', '196509201995122005', '7', 3, '1', 'hellol', '2015-07-07 20:15:34'),
(5, 1, 1, 'helol', '196509201995122005', '7', 3, '1', 'hellol', '2015-07-07 20:15:34'),
(12, 1, 0, 'Aas', '197105101993031005', '9', 102, '1', 'DDD', '2015-07-07 20:15:34'),
(20, 1, 0, 'Pengetahan Alam dan Ilmu Sosial', '197105101993031005', '7', 102, '1', 'Pengetahua', '2015-07-07 20:15:34'),
(39, 1, 0, 'IDEOLOGI PANCASILA', '195707221986032006', '8', 2, '1', 'PANCASILA', '2015-07-27 10:34:46'),
(45, 1, 0, 'Test', '196906302005012007', '9', 3, '1', 'test', '2015-08-03 05:17:02'),
(46, 1, 0, 'Greeting & Introducing', '196308021986032013', '7', 4, '1', 'Greeting &', '2015-08-04 00:46:39'),
(49, 1, 0, 'gaya', '195704071979011001', '8', 6, '1', 'gaya', '2015-08-12 06:53:14'),
(50, 1, 0, 'pertumbuhan dan perkembangan', '195704071979011001', '8', 6, '1', 'pertumb', '2015-08-12 06:53:57'),
(51, 1, 0, 'usaha dan energi', '195704071979011001', '8', 6, '1', 'usaha', '2015-08-12 06:54:35'),
(52, 1, 0, 'Elektrostatis', '195704071979011001', '9', 6, '1', 'elektrosta', '2015-08-12 07:03:33'),
(53, 1, 0, 'ekskresi', '195704071979011001', '9', 6, '1', 'ekskresi', '2015-08-12 07:04:10'),
(54, 1, 0, 'reproduksi', '195704071979011001', '9', 6, '1', 'reproduksi', '2015-08-12 07:05:15'),
(55, 1, 0, 'listrik dinamis', '195704071979011001', '9', 6, '1', 'l.dinamis', '2015-08-12 07:05:44'),
(56, 1, 1, 'sistem koordinasi', '195704071979011001', '9', 6, '1', 's.koordina', '2015-08-12 07:06:36'),
(57, 1, 1, 'alat indera', '195704071979011001', '9', 6, '1', 'alat inder', '2015-08-12 07:07:26'),
(58, 1, 1, 'energi dan daya listrik', '195704071979011001', '9', 6, '1', 'energi l', '2015-08-12 07:08:11'),
(59, 1, 0, 'Besaran dan Satuan', '197105082007012011', '7', 6, '1', 'Besaran', '2015-08-13 13:08:01'),
(60, 1, 0, 'Kinerja Ilmiah', '197105082007012011', '7', 6, '1', 'K. Ilmiah', '2015-08-13 13:19:32'),
(61, 1, 0, 'Unsur,Senyawa,Campuran', '197105082007012011', '7', 6, '1', 'Uns Seny', '2015-08-13 13:20:53'),
(62, 1, 0, 'Pengamatan Mikroskop', '197105082007012011', '7', 6, '1', 'Mikroskop', '2015-08-13 13:21:28'),
(63, 1, 0, 'Pertumb+Perkemb. MH', '197105082007012011', '8', 6, '1', 'Tmb+kmb MH', '2015-08-13 13:23:20'),
(64, 1, 0, 'Sistem Gerak pada Manusia', '197105082007012011', '8', 6, '1', 'Gerak Mns', '2015-08-13 13:24:10'),
(67, 1, 0, 'Sistem Pencernaan Manusia', '197105082007012011', '8', 6, '1', 'Pencernaan', '2015-08-13 13:26:43'),
(68, 1, 0, 'ekresi', '195704071979011001', '9', 6, '1', 'ekresi', '2015-08-14 04:13:18'),
(69, 1, 0, 'Dampak positif dan negatif penggunaan TIK', '197411032009031003', '7', 10, '1', 'Dampak TIK', '2015-08-18 03:06:41'),
(70, 1, 0, 'Tampilan MS.Word 2007', '197411032009031003', '8', 10, '1', 'Tamp word', '2015-08-18 03:19:43'),
(71, 1, 0, 'ENERGI', '195704071979011001', '8', 6, '1', 'ENERGI', '2015-08-24 04:39:43'),
(72, 1, 0, 'PERTUMBUHAN DAN PERKEMBANGAN', '197004132008011009', '8', 6, '1', 'PERTB TUMB', '2015-08-24 04:42:48'),
(73, 1, 0, 'SISTEM DALAM KEHIDUPAN MANUSIA', '197004132008011009', '8', 6, '1', 'S.GRK MAN', '2015-08-24 04:45:59'),
(74, 1, 0, 'Sejarah perkembangan Teknologi Informasi dan komun', '197411032009031003', '7', 10, '1', 'Sejarah TI', '2015-08-24 05:39:42'),
(75, 1, 0, 'KESEBANGUNAN', '197702152008011008', '9', 5, '1', 'KESEBANGUN', '2015-08-27 05:23:41'),
(77, 1, 0, 'Peranan Penggunaan Teknologi Informasi dan komunik', '197411032009031003', '7', 10, '1', 'Peran TIK', '2015-08-31 04:20:32'),
(78, 1, 0, 'Descriptive Text', '196405051998031004', '7', 4, '1', 'descriptiv', '2015-09-04 03:55:19'),
(79, 1, 0, 'Descriptive', '196405051998031004', '8', 4, '1', 'Descriptiv', '2015-09-04 03:58:52'),
(81, 1, 0, 'Musik Nusantara', '196103081983022003', '8', 8, '1', 'Nus. Anak', '2015-09-30 05:50:31'),
(82, 1, 0, 'Musik Populer', '196103081983022003', '8', 8, '1', 'Mus. Pop', '2015-09-30 06:23:30'),
(84, 1, 0, 'Musik Mancanegara', '196103081983022003', '9', 8, '1', 'Musik Asia', '2015-10-01 01:55:05'),
(85, 1, 0, 'GAYA DAN HUKUM NEWTON', '195607281983011001', '8', 6, '1', 'GAYA', '2015-10-12 01:39:54'),
(86, 1, 0, 'ENERGI DAN USAHA', '195607281983011001', '8', 6, '1', 'ENERGI', '2015-10-12 01:48:29'),
(87, 1, 0, 'PERTUMBUHAN DAN PERKEMBANGAN MAKHLUK HIDUP', '195607281983011001', '8', 6, '1', 'PERK MH', '2015-10-12 01:55:54'),
(89, 1, 0, 'Bangun Ruang Sisi Lengkung', '197702152008011008', '9', 5, '1', 'BRSL', '2015-10-21 06:09:12'),
(90, 1, 0, 'Bilangan Bulat', '197702152008011008', '7', 5, '1', 'Bil. Bulat', '2015-10-21 06:11:08'),
(91, 1, 0, 'Aljabar', '197702152008011008', '7', 5, '1', 'Aljabar', '2015-10-21 06:11:56'),
(93, 1, 0, 'Jenis karya seni rupa terapan daerah setempat', '195910081983031013', '7', 8, '1', 'SR Terapan', '2015-10-22 04:04:21'),
(94, 1, 0, 'Menggambar bentuk silindris dan kubistis', '195910081983031013', '7', 8, '1', 'Gb. bentuk', '2015-10-22 12:34:27'),
(95, 1, 0, 'Merancang dan Membuat karya seni kerajinan tangan ', '195910081983031013', '7', 8, '1', 'Seni Kriya', '2015-10-22 12:36:00'),
(97, 1, 0, 'Gambar Vignet', '196103081983022003', '9', 8, '1', 'Vignet', '2015-10-23 02:45:13'),
(98, 1, 0, 'ikat celup', '195910081983031013', '8', 8, '1', 'ikat celup', '2015-10-23 02:54:45'),
(99, 1, 0, 'Tenaga Pembentuk Muka Bumi', '197612142008012007', '7', 7, '1', 'Geo', '2015-10-26 00:48:47'),
(100, 1, 0, 'BILANGAN', '196704041998022003', '7', 5, '1', 'BILANGAN', '2015-10-26 23:53:49'),
(101, 1, 0, 'BENTUK ALJABAR', '196704041998022003', '7', 5, '1', 'B. ALJABAR', '2015-10-26 23:54:42'),
(102, 1, 0, 'IPS', '197004252005012011', '7', 7, '1', 'Praaksara', '2015-10-27 01:46:10'),
(103, 1, 0, 'Keragaman Bentuk Muka Bumi', '196511172007012012', '7', 7, '1', 'K. D. 1', '2015-10-27 02:03:32'),
(105, 1, 0, 'Seni Kriya', '196103081983022003', '8', 8, '1', 'Ikat Celup', '2015-10-27 02:51:49'),
(106, 1, 0, 'Seni Kriya', '196103081983022003', '8', 8, '1', 'Batik', '2015-10-27 02:52:37'),
(107, 1, 0, 'Menulis Pokok-Pokok Berita', '196812152008012007', '7', 3, '1', 'Pkk Berita', '2015-10-27 03:09:08'),
(108, 1, 0, 'Negara Maju dan Negara Berkembang', '196511172007012012', '9', 7, '1', 'GEOGRAFI', '2015-10-27 03:56:29'),
(109, 1, 0, 'Sist Ekskresi', '197008221998021002', '9', 6, '1', 'Sist Ekskr', '2015-10-29 09:31:08'),
(110, 1, 0, 'Listrik Statis', '197008221998021002', '9', 6, '1', 'List. Stat', '2015-10-29 09:31:40'),
(111, 1, 0, 'Sistem Reproduksi', '197008221998021002', '9', 6, '1', 'S. Repro', '2015-10-29 09:32:15'),
(113, 1, 0, 'dialog  interaktif', '196509201995122005', '9', 3, '1', 'dialog', '2015-10-30 04:05:29'),
(114, 1, 1, 'UTS1 PKn', '197306172008012011', '7', 2, '1', 'UTS 1 PKn', '2015-10-30 12:43:05'),
(115, 1, 1, 'Pesawat Sederhana', '197105082007012011', '8', 6, '1', 'pswt sdh', '2015-11-06 04:10:12'),
(116, 1, 1, 'Membuat brosur perlombaan', '197411032009031003', '8', 10, '1', 'Brosur', '2015-11-12 01:16:39'),
(117, 1, 1, 'Membuat surat Undangan', '197411032009031003', '8', 10, '1', 'Undangan', '2015-11-12 01:19:48'),
(118, 1, 1, 'Membuat brosur produk', '197411032009031003', '7', 10, '1', 'Brosur', '2015-11-12 01:22:00'),
(119, 1, 0, 'Praktik job sheet', '197411032009031003', '8', 10, '1', 'Job sheet', '2015-11-12 02:58:11'),
(120, 1, 0, 'List. Dinamis', '197008221998021002', '9', 6, '1', 'List.Dinam', '2015-11-27 01:27:23'),
(122, 1, 0, 'IPS', '197004252005012011', '7', 7, '1', 'Sejarah', '2015-12-06 01:05:42'),
(123, 1, 0, 'Letak Astronomis', '197004252005012011', '7', 7, '1', 'Geografi', '2015-12-06 01:13:22'),
(124, 1, 0, 'Org khdp', '197105082007012011', '7', 6, '1', 'org khdp', '2015-12-06 12:04:13'),
(126, 1, 0, 'NARRATIVE', '196112221986032010', '8', 4, '1', 'NARR', '2015-12-06 22:47:36'),
(127, 1, 0, 'IPS', '197004252005012011', '8', 7, '1', 'SEJARAH', '2015-12-07 01:03:09'),
(128, 1, 0, 'IPS', '197004252005012011', '8', 7, '1', 'GEOGRAFI', '2015-12-07 01:13:16'),
(129, 1, 0, 'IPS', '197004252005012011', '8', 7, '1', 'EKONOMI', '2015-12-07 01:13:16'),
(133, 1, 0, 'Hk. Newton dan Gaya', '197105082007012011', '8', 6, '1', 'Gaya', '2015-12-07 06:28:27'),
(134, 1, 1, 'Bercerita menggunakan alat peraga', '197612062007012010', '7', 3, '1', 'mendongeng', '2015-12-07 10:32:28'),
(135, 1, 0, 'SHORT TEXT', '196112221986032010', '8', 4, '1', 'INVITATION', '2015-12-07 14:54:12'),
(136, 1, 0, 'Qolqolah, Tafkhim, Tarqiq', '197204271992032001', '8', 102, '1', 'Tajwid', '2015-12-08 02:52:44'),
(137, 1, 0, 'Iman kepada Kitab2 Alloh SWT', '197204271992032001', '8', 102, '1', 'Keimanan', '2015-12-08 02:53:49'),
(138, 1, 0, 'Macam-macam Sujud', '197204271992032001', '8', 102, '1', 'Sujud', '2015-12-08 02:54:59'),
(139, 1, 0, 'Solat Sunah Rowatib', '197204271992032001', '8', 102, '1', 'Rowatib', '2015-12-08 02:55:46'),
(140, 1, 1, 'Ulangan Blok', '197612062007012010', '7', 3, '1', 'Blok 1', '2015-12-08 04:54:40'),
(141, 1, 1, 'Ulangan Blok', '197612062007012010', '7', 3, '1', 'Blok 2', '2015-12-08 05:03:04'),
(142, 1, 0, 'reading', '196301091986012004', '9', 4, '1', 'recount', '2015-12-08 05:27:15'),
(143, 1, 0, 'Tindakan,Motif dan Prinsip Ekonomi', '197612142008012007', '7', 7, '1', 'Eko', '2015-12-08 12:33:38'),
(144, 1, 0, 'Ulangan Harian 1', '197203132008012005', '7', 104, '1', 'UH 1', '2015-12-08 12:54:26'),
(145, 1, 0, 'Ulangan Harian 2', '197203132008012005', '7', 104, '1', 'UH 2', '2015-12-08 12:55:32'),
(147, 1, 0, 'Kehidupan pada masa Pra-aksara', '197612142008012007', '7', 7, '1', 'SEJ', '2015-12-08 13:10:39'),
(148, 1, 0, 'Kolonialisme', '197612142008012007', '8', 7, '1', 'SEJ', '2015-12-08 13:25:10'),
(149, 1, 0, 'Kondisi Geografis Indonesia', '197612142008012007', '8', 7, '1', 'GEO', '2015-12-08 13:26:11'),
(150, 1, 0, 'PASAR', '197612142008012007', '8', 7, '1', 'EKO', '2015-12-08 13:26:39'),
(151, 1, 0, 'Ulangan Harian 1', '197203132008012005', '8', 104, '1', 'UH 1', '2015-12-08 13:52:24'),
(152, 1, 0, 'Ulangan Harian 2', '197203132008012005', '8', 104, '1', 'UH 2', '2015-12-08 13:52:45'),
(153, 1, 0, 'Ulangan Harian 1', '197203132008012005', '9', 104, '1', 'UH 1', '2015-12-08 13:58:52'),
(154, 1, 0, 'Ulangan Harian 2', '197203132008012005', '9', 104, '1', 'UH 2', '2015-12-08 13:59:09'),
(156, 1, 0, 'Norma Dlm Khdpn Brmsyrkt', '196701172006041005', '7', 2, '1', 'Norma', '2015-12-08 23:02:49'),
(157, 1, 0, 'Penerapan Norma', '196701172006041005', '7', 2, '1', 'Pnrpn Norm', '2015-12-08 23:20:51'),
(158, 1, 1, 'Proklamasi Kemerdekaan dan Suasana Kebatinan', '196701172006041005', '7', 2, '1', 'Proklamasi', '2015-12-08 23:57:47'),
(159, 1, 0, 'SEJARAH', '196511172007012012', '7', 7, '1', 'K D 2 ', '2015-12-09 03:37:54'),
(160, 1, 1, 'PERBANDINGAN', '196704041998022003', '7', 5, '1', 'PERBANDGN', '2015-12-09 23:26:38'),
(161, 1, 0, 'Ulangan Harian 1', '197007122001122001', '7', 103, '1', 'UH1', '2015-12-10 02:29:18'),
(162, 1, 0, 'ulangan harian 2', '197007122001122001', '7', 103, '1', 'UH2', '2015-12-10 02:32:47'),
(163, 1, 0, 'Ulangan harian 3', '197007122001122001', '7', 103, '1', 'UH 3', '2015-12-10 02:34:44'),
(164, 1, 0, 'Ulangan Harian 1', '197007122001122001', '8', 103, '1', 'UH1', '2015-12-10 02:37:55'),
(165, 1, 0, 'ulangan harian 2', '197007122001122001', '8', 103, '1', 'UH2', '2015-12-10 02:39:15'),
(166, 1, 0, 'Ulangan harian 3', '197007122001122001', '8', 103, '1', 'UH 3', '2015-12-10 02:40:29'),
(167, 1, 0, 'Ulangan Harian 1', '197007122001122001', '9', 103, '1', 'UH1', '2015-12-10 02:44:47'),
(168, 1, 0, 'ulangan harian 2', '197007122001122001', '9', 103, '1', 'UH2', '2015-12-10 02:47:49'),
(169, 1, 0, 'Ulangan harian 3', '197007122001122001', '9', 103, '1', 'UH 3', '2015-12-10 02:50:31'),
(170, 1, 0, 'PENCERNAAN MAKANAN', '195607281983011001', '8', 6, '1', 'PENCER MK', '2015-12-10 04:34:12'),
(173, 1, 0, 'Pancasila Sbg. Dsr. Ngr.', '196701172006041005', '8', 2, '1', 'Pancasila', '2015-12-10 20:21:01'),
(174, 1, 0, 'Konstitusi Yg Brlku Di Ina', '196701172006041005', '8', 2, '1', 'Konstitusi', '2015-12-10 20:22:01'),
(175, 1, 1, 'Ketaatan Thd Per UU', '196701172006041005', '8', 2, '1', 'Per UU', '2015-12-10 20:23:00'),
(176, 1, 1, 'KD 3', '196511172007012012', '7', 7, '1', 'SOSIOLOGI', '2015-12-11 01:42:00'),
(177, 1, 0, 'KD 2', '196511172007012012', '9', 7, '1', 'SEJARAH', '2015-12-11 01:48:29'),
(178, 1, 1, 'Perbandingan', '197702152008011008', '7', 5, '1', 'Perbanding', '2015-12-11 02:14:38'),
(179, 1, 1, 'Statistik dan Peluang', '197702152008011008', '9', 5, '1', 'Stat & Plg', '2015-12-11 02:17:35'),
(180, 1, 1, 'Reading', '196405051998031004', '7', 4, '1', 'Reading', '2015-12-11 02:57:02'),
(181, 1, 1, 'Recount', '196405051998031004', '7', 4, '1', 'Recount', '2015-12-11 02:57:46'),
(182, 1, 0, 'KESEBANGUNAN', '195610281982032005', '9', 5, '1', 'KESEB', '2015-12-11 03:30:43'),
(183, 1, 0, 'BANGUN RUANG SISI LENGKUNG', '195610281982032005', '9', 5, '1', 'BRSL', '2015-12-11 03:31:22'),
(184, 1, 0, 'STATISTIKA', '195610281982032005', '9', 5, '1', 'STATISTIKA', '2015-12-11 03:31:45'),
(185, 1, 1, 'Recount', '196405051998031004', '8', 4, '1', 'Recount', '2015-12-11 03:47:04'),
(186, 1, 1, 'Letter', '196405051998031004', '8', 4, '1', 'Letter', '2015-12-11 03:48:12'),
(187, 1, 0, 'Alif Lam  Qomariyah dan Alif Lam Syamsiyah', '197204271992032001', '7', 102, '1', 'Tajwid', '2015-12-12 00:58:23'),
(188, 1, 0, 'Iman Kepada Alloh SWT dan Asmaul Husna', '197204271992032001', '7', 102, '1', 'Keimanan', '2015-12-12 00:59:23'),
(189, 1, 0, 'Toharoh', '197204271992032001', '7', 102, '1', 'Wudu', '2015-12-12 01:00:10'),
(190, 1, 0, 'Solat Fardlu', '197204271992032001', '7', 102, '1', 'Ibadah 1', '2015-12-12 01:01:05'),
(191, 1, 0, 'Solat Berjamaah', '197204271992032001', '7', 102, '1', 'Ibadah 2', '2015-12-12 01:01:43'),
(192, 1, 0, 'reading', '196301091986012004', '7', 4, '1', 'greeting', '2015-12-12 01:35:17'),
(193, 1, 0, 'KD 4', '196301091986012004', '7', 4, '1', 'pronoun', '2015-12-12 01:43:02'),
(194, 1, 1, 'Mendongeng', '196812152008012007', '7', 3, '1', 'Mendongeng', '2015-12-13 04:12:26'),
(195, 1, 0, 'Sistematika Penulisan Laporan', '196812152008012007', '8', 3, '1', 'SP Laporan', '2015-12-13 04:18:14'),
(196, 1, 0, 'Sistematika Surat Dinas', '196812152008012007', '8', 3, '1', 'S Sr Dinas', '2015-12-13 04:20:11'),
(197, 1, 0, 'KD 4', '196301091986012004', '7', 4, '1', 'Expression', '2015-12-13 04:22:56'),
(198, 1, 0, 'KD 4', '196301091986012004', '9', 4, '1', 'report', '2015-12-13 05:19:29'),
(199, 1, 0, 'ULANGAN 1', '197306172008012011', '7', 2, '1', 'ULANGAN 1', '2015-12-13 07:54:44'),
(200, 1, 0, 'Besaran dan Turunan', '197004132008011009', '7', 6, '1', 'Bsrn &trn', '2015-12-13 20:59:24'),
(201, 1, 0, 'Unsur,Senyawa,Campuran', '197004132008011009', '7', 6, '1', 'Unsr,sy,cp', '2015-12-13 21:13:10'),
(202, 1, 0, 'Metode ilmiah& Mik roskop', '197004132008011009', '7', 6, '1', 'Mtd ilm,mk', '2015-12-13 21:24:10'),
(203, 1, 0, 'gaya,usaha', '197004132008011009', '8', 6, '1', 'gaya&ush', '2015-12-13 22:58:36'),
(204, 1, 0, 'Faktorisasi suku aljabar', '196210161985031006', '8', 5, '1', 'Faktorisas', '2015-12-13 23:58:41'),
(205, 1, 0, 'Fungsi', '196210161985031006', '8', 5, '1', 'Fungsi', '2015-12-14 00:06:05'),
(206, 1, 0, 'Persamaan Garis Lurus', '196210161985031006', '8', 5, '1', 'Pers Grs L', '2015-12-14 00:10:56'),
(208, 1, 0, 'Persamaan linier dua variabel', '196210161985031006', '8', 5, '1', 'pers linie', '2015-12-14 00:17:43'),
(211, 1, 0, 'membaca', '196509201995122005', '7', 3, '1', 'pengumuman', '2015-12-14 00:34:55'),
(212, 1, 1, 'Desai Batik', '195910081983031013', '8', 8, '1', 'Batik', '2015-12-14 00:57:31'),
(215, 1, 0, 'TENAGA GEOLOGI', '195804121995121001', '7', 7, '1', 'GEO', '2015-12-14 01:51:06'),
(216, 1, 1, 'Command & Prohibition', '196308021986032013', '7', 4, '1', 'Command & ', '2015-12-14 01:52:06'),
(217, 1, 0, 'Praaksara', '195804121995121001', '7', 7, '1', 'Sej', '2015-12-14 01:54:09'),
(218, 1, 0, 'Homo sosius dan homo ekonomikus', '195804121995121001', '7', 7, '1', 'EKo', '2015-12-14 01:57:05'),
(219, 1, 1, 'Sket Gedung', '196103081983022003', '9', 8, '1', 'Sket Gedun', '2015-12-14 01:59:54'),
(220, 1, 1, 'PENCERNAAN MNS & HUB DG KESEHATAN', '197004132008011009', '8', 6, '1', 'Pencrn mns', '2015-12-14 02:23:08'),
(221, 1, 0, 'Negara Mmaju dan Berkembang', '195804121995121001', '9', 7, '1', 'Geo', '2015-12-14 02:29:27'),
(222, 1, 0, 'Upaya Mempertahankan Kemerdekaan', '195804121995121001', '9', 7, '1', 'SEJ', '2015-12-14 02:32:39'),
(223, 1, 0, 'Uang dan Lembaga Keuangan', '195804121995121001', '9', 7, '1', 'EKO', '2015-12-14 02:35:10'),
(225, 1, 0, 'procedure', '196507281989022001', '9', 4, '1', 'RecountNar', '2015-12-14 03:55:27'),
(226, 1, 0, 'desReport', '196507281989022001', '9', 4, '1', 'des Report', '2015-12-14 06:19:34'),
(227, 1, 0, 'TIK DALAM KEHID SEHARI-HARI', '196106301983032016', '7', 10, '1', 'TIK', '2015-12-15 00:40:18'),
(229, 1, 0, 'Dasar jaringan komp', '196106301983032016', '9', 10, '1', 'NIL TIK', '2015-12-15 00:42:33'),
(230, 1, 0, 'RATA-RATA ULANGAN', '197306172008012011', '9', 2, '1', 'RERATA UH', '2015-12-15 01:41:06'),
(231, 1, 0, 'sandiwara', '197605282000122003', '9', 11, '1', 'Sandiwara', '2015-12-15 02:17:07'),
(232, 1, 0, 'LATIHAN UAS', '196511172007012012', '9', 7, '1', 'SOSIOEKO', '2015-12-15 02:17:10'),
(233, 1, 0, 'berdialog', '197605282000122003', '9', 11, '1', 'Berdialog', '2015-12-15 02:17:48'),
(234, 1, 0, 'Dhandhanggula', '197605282000122003', '9', 11, '1', 'Dandangula', '2015-12-15 02:18:45'),
(235, 1, 0, 'Aksara', '197605282000122003', '9', 11, '1', 'AksaraJawa', '2015-12-15 02:20:10'),
(237, 1, 0, 'Legenda', '197605282000122003', '8', 11, '1', 'Legenda', '2015-12-15 02:24:47'),
(238, 1, 0, 'Aksara', '197605282000122003', '8', 11, '1', 'AksaraJawa', '2015-12-15 02:25:10'),
(239, 1, 0, 'Laporan Kunjungan ', '197605282000122003', '8', 11, '1', 'Laporan', '2015-12-15 02:26:07'),
(240, 1, 0, 'Bacaan sastra', '197605282000122003', '8', 11, '1', 'Sastra', '2015-12-15 02:27:11'),
(241, 1, 0, 'PENCERNAAN MNS & HUB DG KESEHATAN', '195704071979011001', '8', 6, '1', 'pncn mns', '2015-12-15 02:51:15'),
(242, 1, 1, 'membaca', '196509201995122005', '9', 3, '1', 'meresensi', '2015-12-15 02:55:31'),
(243, 1, 0, 'lempar cakram', '195907161981032006', '7', 9, '1', 'l  cakram', '2015-12-15 03:07:20'),
(244, 1, 1, 'membaca', '196509201995122005', '7', 3, '1', 'pengumuman', '2015-12-15 03:30:53'),
(245, 1, 1, ' l cakram', '195907161981032006', '8', 9, '1', 'l  cakram', '2015-12-15 03:31:49'),
(248, 1, 0, 'ULANGAN HARIAN', '196701171998022004', '7', 7, '1', 'GEOGRAFI', '2015-12-15 03:43:02'),
(249, 1, 0, 'Bahasa Indonesia', '196804192008012004', '8', 3, '1', 'Menulis ', '2015-12-15 03:44:07'),
(250, 1, 1, 'ULANGAN HARIAN', '196701171998022004', '7', 7, '1', 'SEJARAH', '2015-12-15 04:03:05'),
(251, 1, 1, 'Nouns', '196308021986032013', '7', 4, '1', 'Nouns', '2015-12-15 04:15:05'),
(252, 1, 0, 'KONSTITUSI', '195707221986032006', '8', 2, '1', 'KONSTITUSI', '2015-12-15 04:15:39'),
(253, 1, 0, 'PERUNDANG-UNDANGAN', '195707221986032006', '8', 2, '1', 'PER UU', '2015-12-15 04:15:57'),
(254, 1, 1, 'NILAI HARIAN', '196701171998022004', '7', 7, '1', 'SOSIOLOGI', '2015-12-15 04:18:46'),
(255, 1, 1, 'NILAI HARIAN', '196701171998022004', '7', 7, '1', 'EKONOMI', '2015-12-15 04:32:50'),
(256, 1, 0, 'Sraddha', '197409052005012002', '8', 101, '1', 'Nawa Dewat', '2015-12-15 07:01:22'),
(257, 1, 0, 'Alam Semesta', '197409052005012002', '8', 101, '1', 'B.Agung', '2015-12-15 07:06:58'),
(258, 1, 0, 'Sraddha', '197409052005012002', '8', 101, '1', 'Sejarah ', '2015-12-15 07:08:22');

-- --------------------------------------------------------

--
-- Table structure for table `ktsp_topik_backup`
--

CREATE TABLE IF NOT EXISTS `ktsp_topik_backup` (
  `topik_id` int(11) NOT NULL AUTO_INCREMENT,
  `active` tinyint(1) NOT NULL DEFAULT '1',
  `afterUTS` tinyint(1) NOT NULL,
  `topik_nama` varchar(50) NOT NULL,
  `nip` varchar(50) NOT NULL,
  `kelas` varchar(5) NOT NULL,
  `ktsp_mapel_id` int(11) NOT NULL,
  `semester` varchar(5) NOT NULL,
  `topik_nama_singkat` varchar(50) NOT NULL,
  PRIMARY KEY (`topik_id`),
  KEY `nip` (`nip`),
  KEY `ktsp_mapel_id` (`ktsp_mapel_id`)
) ENGINE=InnoDB  DEFAULT CHARSET=latin1 AUTO_INCREMENT=26 ;

--
-- Dumping data for table `ktsp_topik_backup`
--

INSERT INTO `ktsp_topik_backup` (`topik_id`, `active`, `afterUTS`, `topik_nama`, `nip`, `kelas`, `ktsp_mapel_id`, `semester`, `topik_nama_singkat`) VALUES
(1, 1, 0, 'Halo', '196509201995122005', '7', 3, '1', 'Halo'),
(2, 1, 1, 'helol', '196509201995122005', '7', 3, '1', 'hellol'),
(3, 1, 1, 'helol', '196509201995122005', '7', 3, '1', 'hellol'),
(4, 1, 1, 'helol', '196509201995122005', '7', 3, '1', 'hellol'),
(5, 1, 1, 'helol', '196509201995122005', '7', 3, '1', 'hellol'),
(6, 1, 1, 'helol', '196509201995122005', '7', 3, '1', 'hellol'),
(7, 0, 0, 'ddAAAA', '197105101993031005', '7', 102, '1', 'df'),
(8, 0, 0, 'AsaaFFF', '197105101993031005', '7', 102, '1', 'DDD'),
(9, 0, 0, 'Sayu', '197105101993031005', '7', 102, '1', 'sa'),
(10, 0, 0, 'Tralala', '197105101993031005', '7', 102, '1', 'Saaa'),
(11, 0, 1, 'FafafafaAAA', '197105101993031005', '7', 102, '1', 'Asasa'),
(12, 1, 0, 'Aas', '197105101993031005', '9', 102, '1', 'DDD'),
(13, 0, 0, '1234567', '197105101993031005', '7', 102, '1', '12345'),
(14, 0, 0, '9999', '197105101993031005', '7', 102, '1', '888'),
(15, 0, 1, 'adadad', '197105101993031005', '7', 102, '1', 'asasa'),
(16, 0, 0, 'aaaaaa', '197105101993031005', '7', 102, '1', 'asa'),
(17, 0, 0, 'sss', '197105101993031005', '7', 102, '1', 'dadad'),
(18, 0, 1, 'Aaa', '197105101993031005', '7', 102, '1', 'dddd'),
(19, 0, 1, 'Aaa', '197105101993031005', '7', 102, '1', 'dddd'),
(20, 1, 0, 'Pengetahan Alam dan Ilmu Sosial', '197105101993031005', '7', 102, '1', 'Pengetahua'),
(21, 0, 0, 'esfrew', '196701172006041005', '7', 2, '1', 'qwe'),
(22, 0, 0, 'mboh', '196701172006041005', '7', 2, '1', 'mb'),
(23, 0, 0, 'mboh2', '196701172006041005', '7', 2, '1', 'mb2'),
(24, 0, 1, 'mboh', '196701172006041005', '7', 2, '1', 'mb'),
(25, 1, 0, 'Walaupun', '196701172006041005', '7', 2, '1', 'Mati');

-- --------------------------------------------------------

--
-- Table structure for table `ktsp_ujian`
--

CREATE TABLE IF NOT EXISTS `ktsp_ujian` (
  `id` int(11) NOT NULL AUTO_INCREMENT,
  `nis` varchar(50) NOT NULL,
  `ktsp_mapel_id` int(11) NOT NULL,
  `semester` varchar(2) NOT NULL,
  `uts` varchar(5) NOT NULL,
  `uas` varchar(5) NOT NULL,
  `username` varchar(50) NOT NULL,
  `waktu` timestamp NOT NULL DEFAULT CURRENT_TIMESTAMP ON UPDATE CURRENT_TIMESTAMP,
  PRIMARY KEY (`id`),
  KEY `nis` (`nis`),
  KEY `ktsp_mapel_id` (`ktsp_mapel_id`)
) ENGINE=InnoDB DEFAULT CHARSET=latin1 AUTO_INCREMENT=1 ;

-- --------------------------------------------------------

--
-- Table structure for table `ktsp_ujian_backup`
--

CREATE TABLE IF NOT EXISTS `ktsp_ujian_backup` (
  `id` int(11) NOT NULL AUTO_INCREMENT,
  `nis` varchar(50) NOT NULL,
  `ktsp_mapel_id` int(11) NOT NULL,
  `semester` varchar(2) NOT NULL,
  `uts` varchar(5) NOT NULL,
  `uas` varchar(5) NOT NULL,
  `username` varchar(50) NOT NULL,
  `waktu` timestamp NOT NULL DEFAULT CURRENT_TIMESTAMP ON UPDATE CURRENT_TIMESTAMP,
  PRIMARY KEY (`id`),
  KEY `nis` (`nis`),
  KEY `ktsp_mapel_id` (`ktsp_mapel_id`)
) ENGINE=InnoDB DEFAULT CHARSET=latin1 AUTO_INCREMENT=1 ;

-- --------------------------------------------------------

--
-- Table structure for table `sikap`
--

CREATE TABLE IF NOT EXISTS `sikap` (
  `id` int(11) NOT NULL AUTO_INCREMENT,
  `nis` varchar(50) NOT NULL,
  `semester` varchar(2) NOT NULL,
  `kejujuran` varchar(5) NOT NULL,
  `kedisiplinan` varchar(5) NOT NULL,
  `tanggungjawab` varchar(5) NOT NULL,
  `deskripsi_kejujuran` varchar(200) NOT NULL,
  `deskripsi_kedisiplinan` varchar(200) NOT NULL,
  `deskripsi_tanggungjawab` varchar(200) NOT NULL,
  PRIMARY KEY (`id`),
  KEY `nis` (`nis`)
) ENGINE=InnoDB  DEFAULT CHARSET=latin1 AUTO_INCREMENT=8 ;

--
-- Dumping data for table `sikap`
--

INSERT INTO `sikap` (`id`, `nis`, `semester`, `kejujuran`, `kedisiplinan`, `tanggungjawab`, `deskripsi_kejujuran`, `deskripsi_kedisiplinan`, `deskripsi_tanggungjawab`) VALUES
(2, '18177', '1', '', '', '', '', '', ''),
(3, '18176', '1', '', '', '', '', '', ''),
(4, '18047', '1', '', '', '', '', '', ''),
(5, '17953', '1', '', '', '', '', '', ''),
(6, 'NIS', '1', '', '', '', '', '', ''),
(7, '   ', '1', '', '', '', '', '', '');

-- --------------------------------------------------------

--
-- Table structure for table `siswa_aktif`
--

CREATE TABLE IF NOT EXISTS `siswa_aktif` (
  `id` int(11) NOT NULL AUTO_INCREMENT,
  `nis` varchar(10) NOT NULL,
  `kelas` varchar(5) NOT NULL,
  `subkelas` varchar(5) NOT NULL,
  `status` tinyint(4) NOT NULL,
  `timestamp` timestamp NOT NULL DEFAULT CURRENT_TIMESTAMP,
  `semester` varchar(1) NOT NULL,
  PRIMARY KEY (`id`)
) ENGINE=InnoDB  DEFAULT CHARSET=latin1 AUTO_INCREMENT=1891 ;

--
-- Dumping data for table `siswa_aktif`
--

INSERT INTO `siswa_aktif` (`id`, `nis`, `kelas`, `subkelas`, `status`, `timestamp`, `semester`) VALUES
(1, '17595', '9', 'E', 0, '2015-07-07 12:46:28', '1'),
(2, '17596', '9', 'C', 0, '2015-07-07 12:37:24', '1'),
(3, '17597', '9', 'D', 0, '2015-07-07 12:41:17', '1'),
(4, '17598', '9', 'D', 0, '2015-07-07 12:41:21', '1'),
(5, '17599', '9', 'D', 0, '2015-07-07 12:41:26', '1'),
(6, '17600', '9', 'D', 0, '2015-07-07 12:41:30', '1'),
(7, '17601', '9', 'A', 0, '2015-07-07 12:25:34', '1'),
(8, '17602', '9', 'B', 0, '2015-07-07 12:32:08', '1'),
(9, '17603', '9', 'E', 0, '2015-07-07 12:47:26', '1'),
(10, '17604', '9', 'D', 0, '2015-07-07 12:41:55', '1'),
(11, '17605', '9', 'D', 0, '2015-07-07 12:42:06', '1'),
(12, '17606', '9', 'D', 0, '2015-07-07 12:42:15', '1'),
(13, '17607', '9', 'D', 0, '2015-07-07 12:42:22', '1'),
(14, '17608', '9', 'D', 0, '2015-07-07 12:42:27', '1'),
(15, '17609', '9', 'I', 0, '2015-07-07 13:03:25', '1'),
(16, '17610', '9', 'G', 0, '2015-07-07 12:55:38', '1'),
(17, '17611', '9', 'E', 0, '2015-07-07 12:47:54', '1'),
(18, '17612', '9', 'I', 0, '2015-07-07 13:04:11', '1'),
(19, '17613', '9', 'D', 0, '2015-07-07 12:42:43', '1'),
(20, '17614', '9', 'D', 0, '2015-07-07 12:42:52', '1'),
(21, '17615', '9', 'D', 0, '2015-07-07 12:43:04', '1'),
(22, '17616', '9', 'D', 0, '2015-07-07 12:43:14', '1'),
(23, '17617', '9', 'I', 0, '2015-07-07 13:05:14', '1'),
(24, '17618', '9', 'D', 0, '2015-07-07 12:43:25', '1'),
(25, '17619', '9', 'D', 0, '2015-07-07 12:43:29', '1'),
(26, '17620', '9', 'G', 0, '2015-07-07 12:57:06', '1'),
(27, '17621', '9', 'B', 0, '2015-07-07 12:35:00', '1'),
(28, '17622', '9', 'E', 0, '2015-07-07 12:49:26', '1'),
(29, '17623', '9', 'D', 0, '2015-07-07 12:44:27', '1'),
(30, '17624', '9', 'I', 0, '2015-07-07 13:06:20', '1'),
(31, '17625', '9', 'F', 0, '2015-07-07 12:53:55', '1'),
(32, '17626', '9', 'B', 0, '2015-07-27 08:33:53', '1'),
(33, '17627', '9', 'C', 0, '2015-07-07 12:37:32', '1'),
(34, '17628', '9', 'E', 0, '2015-07-07 12:47:21', '1'),
(35, '17629', '9', 'F', 0, '2015-07-07 12:51:00', '1'),
(36, '17630', '9', 'A', 0, '2015-07-07 12:26:11', '1'),
(37, '17631', '9', 'D', 0, '2015-07-07 12:41:49', '1'),
(38, '17632', '9', 'H', 0, '2015-07-07 12:59:03', '1'),
(39, '17633', '9', 'A', 0, '2015-07-07 12:26:36', '1'),
(40, '17634', '9', 'D', 0, '2015-07-07 12:42:00', '1'),
(41, '17635', '9', 'A', 0, '2015-07-07 12:26:51', '1'),
(42, '17636', '9', 'H', 0, '2015-07-07 12:59:12', '1'),
(43, '17637', '9', 'F', 0, '2015-07-07 12:51:33', '1'),
(44, '17638', '9', 'A', 0, '2015-07-07 12:26:59', '1'),
(45, '17639', '9', 'E', 0, '2015-07-07 12:47:44', '1'),
(46, '17640', '9', 'D', 0, '2015-07-07 12:42:34', '1'),
(47, '17641', '9', 'G', 0, '2015-07-07 12:55:52', '1'),
(48, '17642', '9', 'H', 0, '2015-07-07 12:59:27', '1'),
(49, '17643', '9', 'G', 0, '2015-07-07 12:56:03', '1'),
(50, '17644', '9', 'G', 0, '2015-07-07 12:56:10', '1'),
(51, '17645', '9', 'C', 0, '2015-07-07 12:38:54', '1'),
(52, '17646', '9', 'G', 0, '2015-07-07 12:56:39', '1'),
(53, '17647', '9', 'H', 0, '2015-07-07 13:00:14', '1'),
(54, '17648', '9', 'A', 0, '2015-07-07 12:28:23', '1'),
(55, '17649', '9', 'B', 0, '2015-07-07 12:34:10', '1'),
(56, '17651', '9', 'H', 0, '2015-07-27 08:48:19', '1'),
(57, '17652', '9', 'A', 0, '2015-07-07 12:28:34', '1'),
(58, '17653', '9', 'D', 0, '2015-07-07 12:43:59', '1'),
(59, '17654', '9', 'G', 0, '2015-07-07 12:57:21', '1'),
(60, '17655', '9', 'C', 0, '2015-07-07 12:39:49', '1'),
(61, '17656', '9', 'C', 0, '2015-07-07 12:40:25', '1'),
(62, '17657', '9', 'F', 0, '2015-07-07 12:53:50', '1'),
(63, '17658', '9', 'G', 0, '2015-07-07 12:58:00', '1'),
(64, '17659', '9', 'C', 0, '2015-07-07 12:37:15', '1'),
(65, '17660', '9', 'C', 0, '2015-07-07 12:37:20', '1'),
(66, '17661', '9', 'E', 0, '2015-07-07 12:47:08', '1'),
(67, '17662', '9', 'C', 0, '2015-07-27 08:37:02', '1'),
(68, '17663', '9', 'H', 0, '2015-07-07 12:58:43', '1'),
(69, '17664', '9', 'A', 0, '2015-07-07 12:26:32', '1'),
(70, '17665', '9', 'D', 0, '2015-07-07 12:42:10', '1'),
(71, '17666', '9', 'C', 0, '2015-07-07 12:38:12', '1'),
(72, '17667', '9', 'C', 0, '2015-07-07 12:38:30', '1'),
(73, '17668', '9', 'A', 0, '2015-07-07 12:27:28', '1'),
(74, '17669', '9', 'F', 0, '2015-07-07 12:51:39', '1'),
(75, '17670', '9', 'F', 0, '2015-07-07 12:51:51', '1'),
(76, '17671', '9', 'F', 0, '2015-07-07 12:52:20', '1'),
(77, '17672', '9', 'D', 0, '2015-07-07 12:43:09', '1'),
(78, '17673', '9', 'B', 0, '2015-07-07 12:34:04', '1'),
(79, '17674', '9', 'I', 0, '2015-07-07 13:05:29', '1'),
(80, '17675', '9', 'E', 0, '2015-07-07 12:48:31', '1'),
(81, '17676', '9', 'F', 0, '2015-07-07 12:52:58', '1'),
(82, '17677', '9', 'E', 0, '2015-07-07 12:48:38', '1'),
(83, '17678', '9', 'I', 0, '2015-07-07 13:05:40', '1'),
(84, '17679', '9', 'C', 0, '2015-07-07 12:39:40', '1'),
(85, '17680', '9', 'H', 0, '2015-07-07 13:01:06', '1'),
(86, '17681', '9', 'G', 0, '2015-07-07 12:57:41', '1'),
(87, '17682', '9', 'A', 0, '2015-07-07 12:28:41', '1'),
(88, '17683', '9', 'F', 0, '2015-07-07 12:53:31', '1'),
(89, '17684', '9', 'F', 0, '2015-07-07 12:53:37', '1'),
(90, '17685', '9', 'E', 0, '2015-07-07 12:49:31', '1'),
(91, '17686', '9', 'B', 0, '2015-07-07 12:35:59', '1'),
(92, '17687', '9', 'E', 0, '2015-07-07 12:49:56', '1'),
(93, '17688', '9', 'F', 0, '2015-07-07 12:54:01', '1'),
(94, '17689', '9', 'C', 0, '2015-07-07 12:40:54', '1'),
(95, '17690', '9', 'A', 0, '2015-07-07 12:30:18', '1'),
(96, '17691', '9', 'I', 0, '2015-07-07 13:02:28', '1'),
(97, '17692', '9', 'C', 0, '2015-07-07 12:37:37', '1'),
(98, '17693', '9', 'A', 0, '2015-07-07 12:25:42', '1'),
(99, '17695', '9', 'F', 0, '2015-07-07 12:51:11', '1'),
(100, '17696', '9', 'C', 0, '2015-07-07 12:37:49', '1'),
(101, '17697', '9', 'D', 0, '2015-07-27 08:39:18', '1'),
(102, '17698', '9', 'G', 0, '2015-07-07 12:55:34', '1'),
(103, '17699', '9', 'E', 0, '2015-07-07 12:48:01', '1'),
(104, '17700', '9', 'C', 0, '2015-07-07 12:38:37', '1'),
(105, '17701', '9', 'H', 0, '2015-07-07 12:59:33', '1'),
(106, '17702', '9', 'I', 0, '2015-07-07 13:04:49', '1'),
(107, '17703', '9', 'B', 0, '2015-07-07 12:33:36', '1'),
(108, '17704', '9', 'B', 0, '2015-07-07 12:33:48', '1'),
(109, '17705', '9', 'C', 0, '2015-07-07 12:38:58', '1'),
(110, '17706', '9', 'C', 0, '2015-07-07 12:39:03', '1'),
(111, '17707', '9', 'F', 0, '2015-07-07 12:52:25', '1'),
(112, '17708', '9', 'H', 0, '2015-07-07 13:00:09', '1'),
(113, '17709', '9', 'G', 0, '2015-07-07 12:56:34', '1'),
(114, '17710', '9', 'B', 0, '2015-07-07 12:33:58', '1'),
(115, '17711', '9', 'E', 0, '2015-07-07 12:48:25', '1'),
(116, '17712', '9', 'C', 0, '2015-07-07 12:39:15', '1'),
(117, '17713', '9', 'I', 0, '2015-07-07 13:05:33', '1'),
(118, '17714', '9', 'B', 0, '2015-07-07 12:34:13', '1'),
(119, '17715', '9', 'H', 0, '2015-07-07 13:00:35', '1'),
(120, '17716', '9', 'H', 0, '2015-07-07 13:01:00', '1'),
(121, '17717', '9', 'H', 0, '2015-07-07 13:01:32', '1'),
(122, '17718', '9', 'A', 0, '2015-07-07 12:29:29', '1'),
(123, '17719', '9', 'B', 0, '2015-07-07 12:35:43', '1'),
(124, '17720', '9', 'I', 0, '2015-07-07 13:06:34', '1'),
(125, '17721', '9', 'G', 0, '2015-07-07 12:58:05', '1'),
(126, '17722', '9', 'H', 0, '2015-07-07 13:01:38', '1'),
(127, '17723', '9', 'F', 0, '2015-07-07 12:50:32', '1'),
(128, '17724', '9', 'A', 0, '2015-07-07 12:25:19', '1'),
(129, '17725', '9', 'B', 0, '2015-07-07 12:31:41', '1'),
(130, '17726', '9', 'G', 0, '2015-07-07 12:54:34', '1'),
(131, '17727', '9', 'B', 0, '2015-07-07 12:31:49', '1'),
(132, '17728', '9', 'D', 0, '2015-07-07 12:41:34', '1'),
(133, '17729', '9', 'H', 0, '2015-07-07 12:58:54', '1'),
(134, '17730', '9', 'G', 0, '2015-07-07 12:54:50', '1'),
(135, '17731', '9', 'E', 0, '2015-07-07 12:47:33', '1'),
(136, '17732', '9', 'H', 0, '2015-07-07 12:59:07', '1'),
(137, '17733', '9', 'F', 0, '2015-07-07 12:51:17', '1'),
(138, '17734', '9', 'E', 0, '2015-07-07 12:47:39', '1'),
(139, '17735', '9', 'I', 0, '2015-07-07 13:03:20', '1'),
(140, '17736', '9', 'C', 0, '2015-07-07 12:38:21', '1'),
(141, '17737', '9', 'G', 0, '2015-07-07 12:55:45', '1'),
(142, '17738', '9', 'B', 0, '2015-07-07 12:32:46', '1'),
(143, '17739', '9', 'F', 0, '2015-07-07 12:51:43', '1'),
(144, '17740', '9', 'F', 0, '2015-07-07 12:52:05', '1'),
(145, '17741', '9', 'G', 0, '2015-07-07 12:56:23', '1'),
(146, '17742', '9', 'B', 0, '2015-07-07 12:33:54', '1'),
(147, '17743', '9', 'A', 0, '2015-07-07 12:28:04', '1'),
(148, '17744', '9', 'C', 0, '2015-07-07 12:39:10', '1'),
(149, '17745', '9', 'F', 0, '2015-07-07 12:53:03', '1'),
(150, '17746', '9', 'E', 0, '2015-07-07 12:48:52', '1'),
(151, '17747', '9', 'F', 0, '2015-07-07 12:53:13', '1'),
(152, '17748', '9', 'H', 0, '2015-07-07 13:00:53', '1'),
(153, '17749', '9', 'A', 0, '2015-07-07 12:28:52', '1'),
(154, '17750', '9', 'E', 0, '2015-07-07 12:49:38', '1'),
(155, '17751', '9', 'F', 0, '2015-07-07 12:54:08', '1'),
(156, '17752', '9', 'B', 0, '2015-07-07 12:36:22', '1'),
(157, '17753', '9', 'H', 0, '2015-07-07 13:01:42', '1'),
(158, '17754', '9', 'E', 0, '2015-07-07 12:50:09', '1'),
(159, '17755', '9', 'F', 0, '2015-07-07 12:50:23', '1'),
(160, '17756', '9', 'E', 0, '2015-07-07 12:46:34', '1'),
(161, '17757', '9', 'I', 0, '2015-07-07 13:02:10', '1'),
(162, '17758', '9', 'I', 0, '2015-07-07 13:02:31', '1'),
(163, '17759', '9', 'G', 0, '2015-07-07 12:54:44', '1'),
(164, '17760', '9', 'A', 0, '2015-07-07 12:26:19', '1'),
(165, '17761', '9', 'A', 0, '2015-07-07 12:26:43', '1'),
(166, '17762', '9', 'G', 0, '2015-07-07 12:55:24', '1'),
(167, '17763', '9', 'G', 0, '2015-07-07 12:56:18', '1'),
(168, '17764', '9', 'E', 0, '2015-07-07 12:48:06', '1'),
(169, '17765', '9', 'H', 0, '2015-07-07 12:59:45', '1'),
(170, '17766', '9', 'F', 0, '2015-07-07 12:52:14', '1'),
(171, '17767', '9', 'B', 0, '2015-07-07 12:33:14', '1'),
(172, '17768', '9', 'C', 0, '2015-07-07 12:38:49', '1'),
(173, '17769', '9', 'H', 0, '2015-07-07 12:59:55', '1'),
(174, '17770', '9', 'E', 0, '2015-07-07 12:48:18', '1'),
(175, '17771', '9', 'H', 0, '2015-07-07 13:00:24', '1'),
(176, '17772', '9', 'I', 0, '2015-07-07 13:05:23', '1'),
(177, '17773', '9', 'A', 0, '2015-07-07 12:28:14', '1'),
(178, '17774', '9', 'E', 0, '2015-07-07 12:48:57', '1'),
(179, '17775', '9', 'G', 0, '2015-07-07 12:57:10', '1'),
(180, '17776', '9', 'G', 0, '2015-07-07 12:57:16', '1'),
(181, '17777', '9', 'D', 0, '2015-07-07 12:43:50', '1'),
(182, '17778', '9', 'I', 0, '2015-07-07 13:06:06', '1'),
(183, '17779', '9', 'G', 0, '2015-07-07 12:57:45', '1'),
(184, '17780', '9', 'I', 0, '2015-07-07 13:06:17', '1'),
(185, '17781', '9', 'C', 0, '2015-07-07 12:40:30', '1'),
(186, '17782', '9', 'I', 0, '2015-07-07 13:06:28', '1'),
(187, '17783', '9', 'D', 0, '2015-07-07 12:45:56', '1'),
(188, '17784', '9', 'E', 0, '2015-07-07 12:49:45', '1'),
(189, '17785', '9', 'B', 0, '2015-07-07 12:36:30', '1'),
(190, '17786', '9', 'B', 0, '2015-07-07 12:36:39', '1'),
(191, '17787', '9', 'F', 0, '2015-07-07 12:50:28', '1'),
(192, '17788', '9', 'I', 0, '2015-07-07 13:02:21', '1'),
(193, '17789', '9', 'I', 0, '2015-07-07 13:02:58', '1'),
(194, '17790', '9', 'C', 0, '2015-07-07 12:37:45', '1'),
(195, '17791', '9', 'G', 0, '2015-07-07 12:54:39', '1'),
(196, '17792', '9', 'A', 0, '2015-07-07 12:26:04', '1'),
(197, '17793', '9', 'F', 0, '2015-07-07 12:51:05', '1'),
(198, '17794', '9', 'A', 0, '2015-07-07 12:26:27', '1'),
(199, '17795', '9', 'C', 0, '2015-07-07 12:37:55', '1'),
(200, '17796', '9', 'B', 0, '2015-07-07 12:32:29', '1'),
(201, '17797', '9', 'I', 0, '2015-07-07 13:03:15', '1'),
(202, '17798', '9', 'A', 0, '2015-07-07 12:27:04', '1'),
(203, '17799', '9', 'H', 0, '2015-07-07 12:59:22', '1'),
(204, '17800', '9', 'A', 0, '2015-07-07 12:27:38', '1'),
(205, '17801', '9', 'B', 0, '2015-07-07 12:32:56', '1'),
(206, '17802', '9', 'C', 0, '2015-07-07 12:38:43', '1'),
(207, '17803', '9', 'G', 0, '2015-07-07 12:56:48', '1'),
(208, '17804', '9', 'B', 0, '2015-07-07 12:34:30', '1'),
(209, '17805', '9', 'B', 0, '2015-07-07 12:34:40', '1'),
(210, '17806', '9', 'H', 0, '2015-07-07 13:01:12', '1'),
(211, '17807', '9', 'H', 0, '2015-07-07 13:01:25', '1'),
(212, '17808', '9', 'B', 0, '2015-07-07 12:35:04', '1'),
(213, '17809', '9', 'F', 0, '2015-07-07 12:53:42', '1'),
(214, '17810', '9', 'A', 0, '2015-07-07 12:29:37', '1'),
(215, '17811', '9', 'C', 0, '2015-07-07 12:40:13', '1'),
(216, '17812', '9', 'D', 0, '2015-07-07 12:45:33', '1'),
(217, '17813', '9', 'B', 0, '2015-07-07 12:35:54', '1'),
(218, '17814', '9', 'A', 0, '2015-07-07 12:30:00', '1'),
(219, '17815', '9', 'C', 0, '2015-07-07 12:40:44', '1'),
(220, '17816', '9', 'E', 0, '2015-07-07 12:49:49', '1'),
(221, '17817', '9', 'H', 0, '2015-07-07 13:01:46', '1'),
(222, '17818', '9', 'E', 0, '2015-07-07 12:46:24', '1'),
(223, '17819', '9', 'H', 0, '2015-07-07 12:58:22', '1'),
(224, '17820', '9', 'B', 0, '2015-07-07 12:31:33', '1'),
(225, '17821', '9', 'I', 0, '2015-07-07 13:02:40', '1'),
(226, '17822', '9', 'H', 0, '2015-07-07 12:58:35', '1'),
(227, '17824', '9', 'G', 0, '2015-07-07 12:54:58', '1'),
(228, '17825', '9', 'D', 0, '2015-07-07 12:41:42', '1'),
(229, '17826', '9', 'H', 0, '2015-07-07 12:58:59', '1'),
(230, '17827', '9', 'G', 0, '2015-07-07 12:55:03', '1'),
(231, '17828', '9', 'G', 0, '2015-07-07 12:55:28', '1'),
(232, '17829', '9', 'H', 0, '2015-07-07 12:59:17', '1'),
(233, '17830', '9', 'I', 0, '2015-07-07 13:04:24', '1'),
(234, '17831', '9', 'I', 0, '2015-07-07 13:04:42', '1'),
(235, '17832', '9', 'I', 0, '2015-07-07 13:05:02', '1'),
(236, '17833', '9', 'H', 0, '2015-07-07 12:59:50', '1'),
(237, '17834', '9', 'E', 0, '2015-07-07 12:48:13', '1'),
(238, '17835', '9', 'F', 0, '2015-07-07 12:52:48', '1'),
(239, '17836', '9', 'G', 0, '2015-07-07 12:56:55', '1'),
(240, '17837', '9', 'E', 0, '2015-07-07 12:48:44', '1'),
(241, '17838', '9', 'F', 0, '2015-07-07 12:53:09', '1'),
(242, '17839', '9', 'C', 0, '2015-07-07 12:39:25', '1'),
(243, '17840', '9', 'F', 0, '2015-07-07 12:53:21', '1'),
(244, '17841', '9', 'I', 0, '2015-07-07 13:06:12', '1'),
(245, '17842', '9', 'B', 0, '2015-07-07 12:34:53', '1'),
(246, '17843', '9', 'H', 0, '2015-07-07 13:01:19', '1'),
(247, '17844', '9', 'B', 0, '2015-07-07 12:35:23', '1'),
(248, '17845', '9', 'B', 0, '2015-07-07 12:35:34', '1'),
(249, '17846', '9', 'A', 0, '2015-07-07 12:29:54', '1'),
(250, '17847', '9', 'D', 0, '2015-07-07 12:45:50', '1'),
(251, '17848', '9', 'C', 0, '2015-07-07 12:40:35', '1'),
(252, '17849', '9', 'G', 0, '2015-07-07 12:57:50', '1'),
(253, '17850', '9', 'G', 0, '2015-07-07 12:54:29', '1'),
(254, '17851', '9', 'F', 0, '2015-07-07 12:50:42', '1'),
(255, '17852', '9', 'F', 0, '2015-07-07 12:50:48', '1'),
(256, '17853', '9', 'E', 0, '2015-07-07 12:46:54', '1'),
(257, '17854', '9', 'A', 0, '2015-07-07 12:25:04', '1'),
(258, '17855', '9', 'I', 0, '2015-07-07 13:03:05', '1'),
(259, '17856', '9', 'B', 0, '2015-07-07 12:32:16', '1'),
(260, '17857', '9', 'I', 0, '2015-07-07 13:03:11', '1'),
(261, '17858', '9', 'C', 0, '2015-07-07 12:38:01', '1'),
(262, '17859', '9', 'F', 0, '2015-07-07 12:51:23', '1'),
(263, '17860', '9', 'E', 0, '2015-07-07 12:47:49', '1'),
(264, '17861', '9', 'I', 0, '2015-07-07 13:03:54', '1'),
(265, '17862', '9', 'G', 0, '2015-07-07 12:55:58', '1'),
(266, '17863', '9', 'A', 0, '2015-07-07 12:27:11', '1'),
(267, '17864', '9', 'A', 0, '2015-07-07 12:27:44', '1'),
(268, '17865', '9', 'A', 0, '2015-07-07 12:27:54', '1'),
(269, '17866', '9', 'H', 0, '2015-07-07 13:00:01', '1'),
(270, '17867', '9', 'F', 0, '2015-07-07 12:52:54', '1'),
(271, '17868', '9', 'D', 0, '2015-07-07 12:43:41', '1'),
(272, '17869', '9', 'I', 0, '2015-07-07 13:05:52', '1'),
(273, '17870', '9', 'E', 0, '2015-07-07 12:49:14', '1'),
(274, '17871', '9', 'E', 0, '2015-07-07 12:49:21', '1'),
(275, '17872', '9', 'G', 0, '2015-07-07 12:57:27', '1'),
(276, '17873', '9', 'D', 0, '2015-07-07 12:44:14', '1'),
(277, '17874', '9', 'D', 0, '2015-07-07 12:44:22', '1'),
(278, '17875', '9', 'A', 0, '2015-07-07 12:30:14', '1'),
(279, '17876', '9', 'C', 0, '2015-07-07 12:40:49', '1'),
(280, '17877', '9', 'B', 0, '2015-07-07 12:36:11', '1'),
(281, '17878', '9', 'I', 0, '2015-07-07 13:06:39', '1'),
(282, '17879', '9', 'B', 0, '2015-07-07 12:36:17', '1'),
(283, '17880', '9', 'E', 0, '2015-07-07 12:50:01', '1'),
(284, '17881', '9', 'H', 0, '2015-07-07 13:01:51', '1'),
(285, '17884', '9', 'C', 0, '2015-07-07 12:39:59', '1'),
(286, '17885', '9', 'A', 0, '2015-07-07 12:27:18', '1'),
(287, '17887', '8', 'E', 0, '2015-07-07 11:39:18', '1'),
(288, '17888', '8', 'C', 0, '2015-07-07 08:31:40', '1'),
(289, '17889', '8', 'F', 0, '2015-07-07 11:48:27', '1'),
(290, '17890', '8', 'G', 0, '2015-07-07 12:00:02', '1'),
(291, '17891', '8', 'H', 0, '2015-07-07 12:06:53', '1'),
(292, '17892', '8', 'A', 0, '2015-07-07 03:57:10', '1'),
(293, '17893', '8', 'F', 0, '2015-07-07 11:48:51', '1'),
(294, '17894', '8', 'I', 0, '2015-07-07 12:15:06', '1'),
(295, '17895', '8', 'G', 0, '2015-07-07 12:00:52', '1'),
(296, '17896', '8', 'C', 0, '2015-07-07 08:32:58', '1'),
(297, '17897', '8', 'C', 0, '2015-07-07 08:33:14', '1'),
(298, '17898', '8', 'G', 0, '2015-07-07 12:02:28', '1'),
(299, '17899', '8', 'A', 0, '2015-07-07 04:00:44', '1'),
(300, '17900', '8', 'D', 0, '2015-07-07 11:34:15', '1'),
(301, '17901', '8', 'C', 0, '2015-07-07 08:33:54', '1'),
(302, '17902', '8', 'C', 0, '2015-07-07 08:34:05', '1'),
(303, '17903', '8', 'C', 0, '2015-07-07 09:30:44', '1'),
(304, '17904', '8', 'C', 0, '2015-07-07 09:30:53', '1'),
(305, '17905', '8', 'H', 0, '2015-07-07 12:09:54', '1'),
(306, '17906', '8', 'B', 0, '2015-07-07 04:20:45', '1'),
(307, '17907', '8', 'H', 0, '2015-07-07 12:10:49', '1'),
(308, '17908', '8', 'C', 0, '2015-07-07 09:32:16', '1'),
(309, '17909', '8', 'C', 0, '2015-07-07 09:32:24', '1'),
(310, '17910', '8', 'I', 0, '2015-07-07 12:22:06', '1'),
(311, '17911', '8', 'E', 0, '2015-07-07 11:44:45', '1'),
(312, '17912', '8', 'C', 0, '2015-07-07 09:32:51', '1'),
(313, '17913', '8', 'B', 0, '2015-07-07 04:26:51', '1'),
(314, '17914', '8', 'E', 0, '2015-07-07 11:44:51', '1'),
(315, '17915', '8', 'C', 0, '2015-07-07 09:33:18', '1'),
(316, '17916', '8', 'B', 0, '2015-07-07 04:27:12', '1'),
(317, '17917', '8', 'F', 0, '2015-07-07 11:58:17', '1'),
(318, '17918', '8', 'D', 0, '2015-07-07 11:38:26', '1'),
(319, '17919', '8', 'G', 0, '2015-07-07 11:59:26', '1'),
(320, '17920', '8', 'A', 0, '2015-12-15 17:56:08', '1'),
(321, '17921', '8', 'H', 0, '2015-07-07 12:06:44', '1'),
(322, '17922', '8', 'I', 0, '2015-07-07 12:14:24', '1'),
(323, '17923', '8', 'C', 0, '2015-07-07 08:31:48', '1'),
(324, '17924', '8', 'E', 0, '2015-07-07 11:39:51', '1'),
(325, '17925', '8', 'C', 0, '2015-07-07 08:32:11', '1'),
(326, '17926', '8', 'I', 0, '2015-07-07 12:15:35', '1'),
(327, '17927', '8', 'G', 0, '2015-07-07 12:00:39', '1'),
(328, '17928', '8', 'F', 0, '2015-07-07 11:49:08', '1'),
(329, '17929', '8', 'D', 0, '2015-07-07 11:33:39', '1'),
(330, '17930', '8', 'E', 0, '2015-07-07 11:40:29', '1'),
(331, '17931', '8', 'A', 0, '2015-07-07 04:00:14', '1'),
(332, '17932', '8', 'H', 0, '2015-07-07 12:07:53', '1'),
(333, '17933', '8', 'F', 0, '2015-07-07 11:54:16', '1'),
(334, '17934', '8', 'D', 0, '2015-07-07 11:34:05', '1'),
(335, '17935', '8', 'A', 0, '2015-07-07 04:00:27', '1'),
(336, '17936', '8', 'C', 0, '2015-07-07 08:33:37', '1'),
(337, '17937', '8', 'I', 0, '2015-07-07 12:16:22', '1'),
(338, '17938', '8', 'A', 0, '2015-07-07 04:01:43', '1'),
(339, '17939', '8', 'E', 0, '2015-07-07 11:42:18', '1'),
(340, '17940', '8', 'D', 0, '2015-07-07 11:35:02', '1'),
(341, '17941', '8', 'E', 0, '2015-07-07 11:43:17', '1'),
(342, '17942', '8', 'D', 0, '2015-07-07 11:36:16', '1'),
(343, '17943', '8', 'D', 0, '2015-07-07 11:36:26', '1'),
(344, '17944', '8', 'I', 0, '2015-07-07 12:18:05', '1'),
(345, '17945', '8', 'G', 0, '2015-07-07 12:04:39', '1'),
(346, '17946', '8', 'F', 0, '2015-07-07 11:57:36', '1'),
(347, '17947', '8', 'D', 0, '2015-07-07 11:37:37', '1'),
(348, '17948', '8', 'H', 0, '2015-07-07 12:12:53', '1'),
(349, '17949', '8', 'D', 0, '2015-07-07 11:38:01', '1'),
(350, '17950', '8', 'D', 0, '2015-07-07 11:38:14', '1'),
(351, '17951', '8', 'E', 0, '2015-07-07 11:39:09', '1'),
(352, '17952', '8', 'I', 0, '2015-07-07 12:14:32', '1'),
(353, '17953', '8', 'D', 0, '2015-07-07 11:32:26', '1'),
(354, '17954', '8', 'A', 0, '2015-07-07 03:57:31', '1'),
(355, '17955', '8', 'H', 0, '2015-07-07 12:07:25', '1'),
(356, '17956', '8', 'E', 0, '2015-07-07 11:40:12', '1'),
(357, '17957', '8', 'A', 0, '2015-07-07 03:59:28', '1'),
(358, '17958', '8', 'A', 0, '2015-07-07 03:59:37', '1'),
(359, '17959', '8', 'G', 0, '2015-07-07 12:01:23', '1'),
(360, '17960', '8', 'C', 0, '2015-07-07 08:32:36', '1'),
(361, '17961', '8', 'D', 0, '2015-07-07 11:33:48', '1'),
(362, '17962', '8', 'E', 0, '2015-07-07 11:40:55', '1'),
(363, '17963', '8', 'F', 0, '2015-07-07 11:54:27', '1'),
(364, '17964', '8', 'F', 0, '2015-07-07 11:54:35', '1'),
(365, '17965', '8', 'I', 0, '2015-07-07 12:15:44', '1'),
(366, '17966', '8', 'B', 0, '2015-07-07 04:18:56', '1'),
(367, '17967', '8', 'H', 0, '2015-07-07 12:08:12', '1'),
(368, '17968', '8', 'D', 0, '2015-07-07 11:34:35', '1'),
(369, '17969', '8', 'G', 0, '2015-07-07 12:03:28', '1'),
(370, '17970', '8', 'D', 0, '2015-07-07 11:35:29', '1'),
(371, '17971', '8', 'G', 0, '2015-07-07 12:04:02', '1'),
(372, '17972', '8', 'I', 0, '2015-07-07 12:17:53', '1'),
(373, '17973', '8', 'B', 0, '2015-07-07 04:20:23', '1'),
(374, '17974', '8', 'F', 0, '2015-07-07 11:56:13', '1'),
(375, '17975', '8', 'I', 0, '2015-07-07 12:21:24', '1'),
(376, '17976', '8', 'A', 0, '2015-07-07 04:03:40', '1'),
(377, '17977', '8', 'B', 0, '2015-07-07 04:24:08', '1'),
(378, '17978', '8', 'H', 0, '2015-07-07 12:12:38', '1'),
(379, '17979', '8', 'G', 0, '2015-07-07 12:05:48', '1'),
(380, '17980', '8', 'H', 0, '2015-07-07 12:13:10', '1'),
(381, '17981', '8', 'B', 0, '2015-07-07 04:27:00', '1'),
(382, '17982', '8', 'F', 0, '2015-07-07 11:58:26', '1'),
(383, '17983', '8', 'E', 0, '2015-07-07 11:39:25', '1'),
(384, '17984', '8', 'B', 0, '2015-07-07 04:06:45', '1'),
(385, '17985', '8', 'A', 0, '2015-07-07 03:58:23', '1'),
(386, '17986', '8', 'G', 0, '2015-07-07 12:01:01', '1'),
(387, '17987', '8', 'F', 0, '2015-07-07 11:49:22', '1'),
(388, '17988', '8', 'A', 0, '2015-07-07 04:00:00', '1'),
(389, '17989', '8', 'B', 0, '2015-07-07 04:18:37', '1'),
(390, '17990', '8', 'G', 0, '2015-07-07 12:01:38', '1'),
(391, '17991', '8', 'E', 0, '2015-07-07 11:41:04', '1'),
(392, '17992', '8', 'F', 0, '2015-07-07 11:55:03', '1'),
(393, '17993', '8', 'I', 0, '2015-07-07 12:16:00', '1'),
(394, '17994', '8', 'E', 0, '2015-07-07 11:41:20', '1'),
(395, '17995', '8', 'E', 0, '2015-07-07 11:41:29', '1'),
(396, '17996', '8', 'G', 0, '2015-07-07 12:02:39', '1'),
(397, '17997', '8', 'I', 0, '2015-07-07 12:16:11', '1'),
(398, '17998', '8', 'B', 0, '2015-07-07 04:19:21', '1'),
(399, '17999', '8', 'H', 0, '2015-07-07 12:09:26', '1'),
(400, '18000', '8', 'B', 0, '2015-07-07 04:19:45', '1'),
(401, '18001', '8', 'I', 0, '2015-07-07 12:17:13', '1'),
(402, '18002', '8', 'E', 0, '2015-07-07 11:43:05', '1'),
(403, '18003', '8', 'E', 0, '2015-07-07 11:43:45', '1'),
(404, '18004', '8', 'G', 0, '2015-07-07 12:04:14', '1'),
(405, '18005', '8', 'H', 0, '2015-07-07 12:10:23', '1'),
(406, '18006', '8', 'A', 0, '2015-07-07 04:03:01', '1'),
(407, '18007', '8', 'C', 0, '2015-07-07 09:32:08', '1'),
(408, '18008', '8', 'F', 0, '2015-07-07 11:57:03', '1'),
(409, '18009', '8', 'H', 0, '2015-07-07 12:11:15', '1'),
(410, '18010', '8', 'I', 0, '2015-07-07 12:21:55', '1'),
(411, '18011', '8', 'H', 0, '2015-07-07 12:11:33', '1'),
(412, '18012', '8', 'F', 0, '2015-07-07 11:57:25', '1'),
(413, '18013', '8', 'A', 0, '2015-07-07 04:03:54', '1'),
(414, '18014', '8', 'C', 0, '2015-07-07 09:33:01', '1'),
(415, '18015', '8', 'G', 0, '2015-07-07 11:59:47', '1'),
(416, '18016', '8', 'D', 0, '2015-07-07 11:32:35', '1'),
(417, '18017', '8', 'H', 0, '2015-07-07 12:07:14', '1'),
(418, '18018', '8', 'B', 0, '2015-07-07 04:17:46', '1'),
(419, '18019', '8', 'H', 0, '2015-07-26 15:30:37', '1'),
(420, '18020', '8', 'I', 0, '2015-07-07 12:15:22', '1'),
(421, '18021', '8', 'A', 0, '2015-07-07 03:58:43', '1'),
(422, '18022', '8', 'A', 0, '2015-07-07 03:59:16', '1'),
(423, '18023', '8', 'B', 0, '2015-07-07 04:18:26', '1'),
(424, '18024', '8', 'C', 0, '2015-07-07 08:32:22', '1'),
(425, '18025', '8', 'G', 0, '2015-07-07 12:01:30', '1'),
(426, '18026', '8', 'C', 0, '2015-07-07 08:32:48', '1'),
(427, '18027', '8', 'F', 0, '2015-07-07 11:54:49', '1'),
(428, '18028', '8', 'F', 0, '2015-07-07 11:55:14', '1'),
(429, '18029', '8', 'C', 0, '2015-07-07 08:33:28', '1'),
(430, '18030', '8', 'H', 0, '2015-07-07 12:09:06', '1'),
(431, '18032', '8', 'B', 0, '2015-07-07 04:19:59', '1'),
(432, '18033', '8', 'H', 0, '2015-07-07 12:09:39', '1'),
(433, '18034', '8', 'A', 0, '2015-07-07 04:02:04', '1'),
(434, '18035', '8', 'H', 0, '2015-07-07 12:10:10', '1'),
(435, '18036', '8', 'D', 0, '2015-07-07 11:36:08', '1'),
(436, '18037', '8', 'A', 0, '2015-07-07 04:03:12', '1'),
(437, '18038', '8', 'C', 0, '2015-07-07 09:31:40', '1'),
(438, '18039', '8', 'D', 0, '2015-07-07 11:37:19', '1'),
(439, '18040', '8', 'F', 0, '2015-07-07 11:57:13', '1'),
(440, '18041', '8', 'I', 0, '2015-07-07 12:21:41', '1'),
(441, '18042', '8', 'B', 0, '2015-07-07 04:23:58', '1'),
(442, '18043', '8', 'I', 0, '2015-07-07 12:22:42', '1'),
(443, '18044', '8', 'G', 0, '2015-07-07 12:05:30', '1'),
(444, '18045', '8', 'B', 0, '2015-07-07 04:24:33', '1'),
(445, '18046', '8', 'F', 0, '2015-07-07 11:57:44', '1'),
(446, '18047', '8', 'D', 0, '2015-07-07 11:32:15', '1'),
(447, '18048', '8', 'G', 0, '2015-07-07 11:59:35', '1'),
(448, '18049', '8', 'G', 0, '2015-07-07 11:59:54', '1'),
(449, '18050', '8', 'H', 0, '2015-07-07 12:07:01', '1'),
(450, '18051', '8', 'G', 0, '2015-07-07 12:00:18', '1'),
(451, '18052', '8', 'C', 0, '2015-07-07 08:31:58', '1'),
(452, '18053', '8', 'B', 0, '2015-07-07 04:18:19', '1'),
(453, '18054', '8', 'E', 0, '2015-07-07 11:40:18', '1'),
(454, '18055', '8', 'A', 0, '2015-07-07 03:59:48', '1'),
(455, '18056', '8', 'B', 0, '2015-07-07 04:19:10', '1'),
(456, '18057', '8', 'E', 0, '2015-07-07 11:41:57', '1'),
(457, '18058', '8', 'A', 0, '2015-07-07 04:00:58', '1'),
(458, '18059', '8', 'H', 0, '2015-07-07 12:09:16', '1'),
(459, '18060', '8', 'C', 0, '2015-07-07 08:34:13', '1'),
(460, '18061', '8', 'B', 0, '2015-07-07 04:19:29', '1'),
(461, '18062', '8', 'I', 0, '2015-07-07 12:16:32', '1'),
(462, '18063', '8', 'I', 0, '2015-07-07 12:16:44', '1'),
(463, '18064', '8', 'D', 0, '2015-07-07 11:35:10', '1'),
(464, '18065', '8', 'I', 0, '2015-07-07 12:17:24', '1'),
(465, '18066', '8', 'I', 0, '2015-07-07 12:17:39', '1'),
(466, '18067', '8', 'D', 0, '2015-07-07 11:35:43', '1'),
(467, '18068', '8', 'C', 0, '2015-07-07 09:31:23', '1'),
(468, '18069', '8', 'A', 0, '2015-07-07 04:02:39', '1'),
(469, '18070', '8', 'D', 0, '2015-07-07 11:36:00', '1'),
(470, '18071', '8', 'I', 0, '2015-07-07 12:21:16', '1'),
(471, '18072', '8', 'E', 0, '2015-07-07 11:44:08', '1'),
(472, '18073', '8', 'G', 0, '2015-07-07 12:04:29', '1'),
(473, '18074', '8', 'B', 0, '2015-07-07 04:23:23', '1'),
(474, '18075', '8', 'E', 0, '2015-07-07 11:44:28', '1'),
(475, '18076', '8', 'H', 0, '2015-07-07 12:12:15', '1'),
(476, '18077', '8', 'H', 0, '2015-07-07 12:12:25', '1'),
(477, '18078', '8', 'H', 0, '2015-07-07 12:13:21', '1'),
(478, '18079', '8', 'E', 0, '2015-07-07 11:39:00', '1'),
(479, '18080', '8', 'F', 0, '2015-07-07 11:45:28', '1'),
(480, '18081', '8', 'A', 0, '2015-07-07 03:57:00', '1'),
(481, '18082', '8', 'H', 0, '2015-07-07 12:06:37', '1'),
(482, '18083', '8', 'I', 0, '2015-07-07 12:14:09', '1'),
(483, '18084', '8', 'D', 0, '2015-07-07 11:32:44', '1'),
(484, '18085', '8', 'D', 0, '2015-07-07 11:32:52', '1'),
(485, '18086', '8', 'I', 0, '2015-07-07 12:14:44', '1'),
(486, '18087', '8', 'D', 0, '2015-07-07 11:33:03', '1'),
(487, '18088', '8', 'F', 0, '2015-07-07 11:49:14', '1'),
(488, '18089', '8', 'B', 0, '2015-07-07 04:18:02', '1'),
(489, '18090', '8', 'E', 0, '2015-07-07 11:41:12', '1'),
(490, '18091', '8', 'I', 0, '2015-07-26 15:32:35', '1'),
(491, '18092', '8', 'B', 0, '2015-07-07 04:18:45', '1'),
(492, '18093', '8', 'F', 0, '2015-07-07 11:55:41', '1'),
(493, '18094', '8', 'C', 0, '2015-07-07 11:31:36', '1'),
(494, '18095', '8', 'A', 0, '2015-07-07 04:01:35', '1'),
(495, '18096', '8', 'E', 0, '2015-07-07 11:42:05', '1'),
(496, '18097', '8', 'D', 0, '2015-07-07 11:34:42', '1'),
(497, '18098', '8', 'B', 0, '2015-07-07 04:20:11', '1'),
(498, '18099', '8', 'E', 0, '2015-07-07 11:43:53', '1'),
(499, '18100', '8', 'A', 0, '2015-07-07 04:02:50', '1'),
(500, '18101', '8', 'A', 0, '2015-07-07 04:03:29', '1'),
(501, '18103', '8', 'B', 0, '2015-07-07 04:23:50', '1'),
(502, '18104', '8', 'C', 0, '2015-07-07 09:32:42', '1'),
(503, '18105', '8', 'I', 0, '2015-07-07 12:22:54', '1'),
(504, '18106', '8', 'H', 0, '2015-07-07 12:12:03', '1'),
(505, '18107', '8', 'C', 0, '2015-07-07 09:33:10', '1'),
(506, '18108', '8', 'F', 0, '2015-07-07 11:58:08', '1'),
(507, '18109', '8', 'H', 0, '2015-07-07 12:13:29', '1'),
(508, '18110', '8', 'I', 0, '2015-07-07 12:23:23', '1'),
(509, '18111', '8', 'B', 0, '2015-07-07 04:17:12', '1'),
(510, '18112', '8', 'G', 0, '2015-07-07 12:00:28', '1'),
(511, '18113', '8', 'E', 0, '2015-07-07 11:40:04', '1'),
(512, '18114', '8', 'B', 0, '2015-07-07 04:17:54', '1'),
(513, '18115', '8', 'A', 0, '2015-07-07 03:58:55', '1'),
(514, '18116', '8', 'G', 0, '2015-07-07 12:01:12', '1'),
(515, '18117', '8', 'B', 0, '2015-07-07 04:18:10', '1'),
(516, '18118', '8', 'F', 0, '2015-07-07 11:55:23', '1'),
(517, '18119', '8', 'C', 0, '2015-07-07 08:33:47', '1'),
(518, '18120', '8', 'D', 0, '2015-07-07 11:34:24', '1'),
(519, '18121', '8', 'C', 0, '2015-07-07 09:30:13', '1'),
(520, '18122', '8', 'F', 0, '2015-07-07 11:55:52', '1'),
(521, '18123', '8', 'I', 0, '2015-07-07 12:17:02', '1'),
(522, '18124', '8', 'D', 0, '2015-07-07 11:34:52', '1'),
(523, '18125', '8', 'E', 0, '2015-07-07 11:42:41', '1'),
(524, '18126', '8', 'C', 0, '2015-07-07 09:31:55', '1'),
(525, '18127', '8', 'D', 0, '2015-07-07 11:36:45', '1'),
(526, '18128', '8', 'F', 0, '2015-07-07 11:56:42', '1'),
(527, '18129', '8', 'I', 0, '2015-07-07 12:21:33', '1'),
(528, '18130', '8', 'E', 0, '2015-07-07 11:44:36', '1'),
(529, '18131', '8', 'I', 0, '2015-07-07 12:23:02', '1'),
(530, '18132', '8', 'I', 0, '2015-07-07 12:22:33', '1'),
(531, '18133', '8', 'G', 0, '2015-07-07 12:04:59', '1'),
(532, '18134', '8', 'B', 0, '2015-07-07 04:24:20', '1'),
(533, '18135', '8', 'G', 0, '2015-07-07 12:05:10', '1'),
(534, '18136', '8', 'I', 0, '2015-07-07 12:23:10', '1'),
(535, '18137', '8', 'G', 0, '2015-07-07 12:05:39', '1'),
(536, '18138', '8', 'D', 0, '2015-07-07 11:37:50', '1'),
(537, '18139', '8', 'F', 0, '2015-07-07 11:57:55', '1'),
(538, '18140', '8', 'A', 0, '2015-07-07 04:04:16', '1'),
(539, '18141', '8', 'F', 0, '2015-07-07 11:58:45', '1'),
(540, '18142', '8', 'A', 0, '2015-07-07 04:04:24', '1'),
(541, '18143', '8', 'C', 0, '2015-07-07 08:31:30', '1'),
(542, '18144', '8', 'F', 0, '2015-07-07 11:46:24', '1'),
(543, '18145', '8', 'E', 0, '2015-07-07 11:39:38', '1'),
(544, '18146', '8', 'B', 0, '2015-07-07 04:17:28', '1'),
(545, '18147', '8', 'B', 0, '2015-07-07 04:17:38', '1'),
(546, '18148', '8', 'A', 0, '2015-07-07 03:57:49', '1'),
(547, '18149', '8', 'H', 0, '2015-07-07 12:07:42', '1'),
(548, '18150', '8', 'D', 0, '2015-07-07 11:33:13', '1'),
(549, '18151', '8', 'F', 0, '2015-07-07 11:48:59', '1'),
(550, '18152', '8', 'E', 0, '2015-07-07 11:40:38', '1'),
(551, '18153', '8', 'E', 0, '2015-07-07 11:40:47', '1'),
(552, '18154', '8', 'D', 0, '2015-07-07 11:33:56', '1'),
(553, '18155', '8', 'G', 0, '2015-07-07 12:01:58', '1'),
(554, '18156', '8', 'G', 0, '2015-07-07 12:02:46', '1'),
(555, '18157', '8', 'H', 0, '2015-07-07 12:08:21', '1'),
(556, '18158', '8', 'F', 0, '2015-07-07 11:55:33', '1'),
(557, '18159', '8', 'G', 0, '2015-07-07 12:03:03', '1'),
(558, '18160', '8', 'C', 0, '2015-07-07 09:31:10', '1'),
(559, '18161', '8', 'G', 0, '2015-07-07 12:03:49', '1'),
(560, '18162', '8', 'A', 0, '2015-07-07 04:02:28', '1'),
(561, '18163', '8', 'E', 0, '2015-07-07 11:43:27', '1'),
(562, '18164', '8', 'F', 0, '2015-07-07 11:56:03', '1'),
(563, '18165', '8', 'B', 0, '2015-07-07 04:20:33', '1'),
(564, '18166', '8', 'A', 0, '2015-07-07 04:03:20', '1'),
(565, '18167', '8', 'H', 0, '2015-07-07 12:10:36', '1'),
(566, '18168', '8', 'D', 0, '2015-07-07 11:36:36', '1'),
(567, '18169', '8', 'H', 0, '2015-07-07 12:11:03', '1'),
(568, '18170', '8', 'E', 0, '2015-07-07 11:44:16', '1'),
(569, '18171', '8', 'B', 0, '2015-07-07 04:23:41', '1'),
(570, '18172', '8', 'G', 0, '2015-07-07 12:04:47', '1'),
(571, '18173', '8', 'H', 0, '2015-07-07 12:11:46', '1'),
(572, '18174', '8', 'A', 0, '2015-07-07 04:04:05', '1'),
(573, '18175', '8', 'G', 0, '2015-07-07 12:02:53', '1'),
(574, '18176', '7', 'A', 0, '2015-11-17 08:52:24', '1'),
(575, '18177', '7', 'A', 1, '0000-00-00 00:00:00', '1'),
(576, '18178', '7', 'A', 1, '0000-00-00 00:00:00', '1'),
(577, '18179', '7', 'A', 1, '0000-00-00 00:00:00', '1'),
(578, '18180', '7', 'A', 1, '0000-00-00 00:00:00', '1'),
(579, '18181', '7', 'A', 1, '0000-00-00 00:00:00', '1'),
(580, '18182', '7', 'A', 1, '0000-00-00 00:00:00', '1'),
(581, '18183', '7', 'A', 1, '0000-00-00 00:00:00', '1'),
(582, '18184', '7', 'A', 1, '0000-00-00 00:00:00', '1'),
(583, '18185', '7', 'A', 1, '0000-00-00 00:00:00', '1'),
(584, '18186', '7', 'A', 1, '0000-00-00 00:00:00', '1'),
(585, '18187', '7', 'A', 1, '0000-00-00 00:00:00', '1'),
(586, '18188', '7', 'A', 1, '0000-00-00 00:00:00', '1'),
(587, '18189', '7', 'A', 1, '0000-00-00 00:00:00', '1'),
(588, '18190', '7', 'A', 1, '0000-00-00 00:00:00', '1'),
(589, '18191', '7', 'A', 1, '0000-00-00 00:00:00', '1'),
(590, '18192', '7', 'A', 1, '0000-00-00 00:00:00', '1'),
(591, '18193', '7', 'A', 1, '0000-00-00 00:00:00', '1'),
(592, '18194', '7', 'A', 1, '0000-00-00 00:00:00', '1'),
(593, '18195', '7', 'A', 1, '0000-00-00 00:00:00', '1'),
(594, '18196', '7', 'A', 1, '0000-00-00 00:00:00', '1'),
(595, '18197', '7', 'A', 1, '0000-00-00 00:00:00', '1'),
(596, '18198', '7', 'A', 1, '0000-00-00 00:00:00', '1'),
(597, '18199', '7', 'A', 1, '0000-00-00 00:00:00', '1'),
(598, '18200', '7', 'A', 1, '0000-00-00 00:00:00', '1'),
(599, '18201', '7', 'A', 1, '0000-00-00 00:00:00', '1'),
(600, '18202', '7', 'A', 1, '0000-00-00 00:00:00', '1'),
(601, '18203', '7', 'A', 1, '0000-00-00 00:00:00', '1'),
(602, '18204', '7', 'A', 1, '0000-00-00 00:00:00', '1'),
(603, '18205', '7', 'A', 0, '2015-07-28 08:43:11', '1'),
(604, '18206', '7', 'A', 0, '2015-07-28 08:43:52', '1'),
(605, '18207', '7', 'A', 0, '2015-07-28 08:44:45', '1'),
(606, '18208', '7', 'B', 1, '0000-00-00 00:00:00', '1'),
(607, '18209', '7', 'B', 1, '0000-00-00 00:00:00', '1'),
(608, '18210', '7', 'B', 1, '0000-00-00 00:00:00', '1'),
(609, '18211', '7', 'B', 1, '0000-00-00 00:00:00', '1'),
(610, '18212', '7', 'B', 1, '0000-00-00 00:00:00', '1'),
(611, '18213', '7', 'B', 1, '0000-00-00 00:00:00', '1'),
(612, '18214', '7', 'B', 1, '0000-00-00 00:00:00', '1'),
(613, '18215', '7', 'B', 1, '0000-00-00 00:00:00', '1'),
(614, '18216', '7', 'B', 1, '0000-00-00 00:00:00', '1'),
(615, '18217', '7', 'B', 1, '0000-00-00 00:00:00', '1'),
(616, '18218', '7', 'B', 1, '0000-00-00 00:00:00', '1'),
(617, '18219', '7', 'B', 1, '0000-00-00 00:00:00', '1'),
(618, '18220', '7', 'B', 1, '0000-00-00 00:00:00', '1'),
(619, '18221', '7', 'B', 1, '0000-00-00 00:00:00', '1'),
(620, '18222', '7', 'B', 1, '0000-00-00 00:00:00', '1'),
(621, '18223', '7', 'B', 1, '0000-00-00 00:00:00', '1'),
(622, '18224', '7', 'B', 1, '0000-00-00 00:00:00', '1'),
(623, '18225', '7', 'B', 1, '0000-00-00 00:00:00', '1'),
(624, '18226', '7', 'B', 1, '0000-00-00 00:00:00', '1'),
(625, '18227', '7', 'B', 1, '0000-00-00 00:00:00', '1'),
(626, '18228', '7', 'B', 1, '0000-00-00 00:00:00', '1'),
(627, '18229', '7', 'B', 1, '0000-00-00 00:00:00', '1'),
(628, '18230', '7', 'B', 1, '0000-00-00 00:00:00', '1'),
(629, '18231', '7', 'B', 1, '0000-00-00 00:00:00', '1'),
(630, '18232', '7', 'B', 1, '0000-00-00 00:00:00', '1'),
(631, '18233', '7', 'B', 1, '0000-00-00 00:00:00', '1'),
(632, '18234', '7', 'B', 1, '0000-00-00 00:00:00', '1'),
(633, '18235', '7', 'B', 1, '0000-00-00 00:00:00', '1'),
(634, '18236', '7', 'B', 1, '0000-00-00 00:00:00', '1'),
(635, '18237', '7', 'B', 1, '0000-00-00 00:00:00', '1'),
(636, '18238', '7', 'B', 0, '2015-07-28 08:39:36', '1'),
(637, '18239', '7', 'B', 0, '2015-07-28 08:42:23', '1'),
(638, '18240', '7', 'C', 1, '0000-00-00 00:00:00', '1'),
(639, '18241', '7', 'C', 1, '0000-00-00 00:00:00', '1'),
(640, '18242', '7', 'C', 1, '0000-00-00 00:00:00', '1'),
(641, '18243', '7', 'C', 1, '0000-00-00 00:00:00', '1'),
(642, '18244', '7', 'C', 1, '0000-00-00 00:00:00', '1'),
(643, '18245', '7', 'C', 1, '0000-00-00 00:00:00', '1'),
(644, '18246', '7', 'C', 1, '0000-00-00 00:00:00', '1'),
(645, '18247', '7', 'C', 1, '0000-00-00 00:00:00', '1'),
(646, '18248', '7', 'C', 1, '0000-00-00 00:00:00', '1'),
(647, '18249', '7', 'C', 1, '0000-00-00 00:00:00', '1'),
(648, '18250', '7', 'C', 1, '0000-00-00 00:00:00', '1'),
(649, '18251', '7', 'C', 1, '0000-00-00 00:00:00', '1'),
(650, '18252', '7', 'C', 1, '0000-00-00 00:00:00', '1'),
(651, '18253', '7', 'C', 1, '0000-00-00 00:00:00', '1'),
(652, '18254', '7', 'C', 1, '0000-00-00 00:00:00', '1'),
(653, '18255', '7', 'C', 1, '0000-00-00 00:00:00', '1'),
(654, '18256', '7', 'C', 1, '0000-00-00 00:00:00', '1'),
(655, '18257', '7', 'C', 1, '0000-00-00 00:00:00', '1'),
(656, '18258', '7', 'C', 1, '0000-00-00 00:00:00', '1'),
(657, '18259', '7', 'C', 1, '0000-00-00 00:00:00', '1'),
(658, '18260', '7', 'C', 1, '0000-00-00 00:00:00', '1'),
(659, '18261', '7', 'C', 1, '0000-00-00 00:00:00', '1'),
(660, '18262', '7', 'C', 1, '0000-00-00 00:00:00', '1'),
(661, '18263', '7', 'C', 1, '0000-00-00 00:00:00', '1'),
(662, '18264', '7', 'C', 1, '0000-00-00 00:00:00', '1'),
(663, '18265', '7', 'C', 1, '0000-00-00 00:00:00', '1'),
(664, '18266', '7', 'C', 1, '0000-00-00 00:00:00', '1'),
(665, '18267', '7', 'C', 1, '0000-00-00 00:00:00', '1'),
(666, '18268', '7', 'C', 1, '0000-00-00 00:00:00', '1'),
(667, '18269', '7', 'C', 1, '0000-00-00 00:00:00', '1'),
(668, '18270', '7', 'C', 1, '0000-00-00 00:00:00', '1'),
(669, '18271', '7', 'C', 1, '0000-00-00 00:00:00', '1'),
(670, '18272', '7', 'D', 1, '0000-00-00 00:00:00', '1'),
(671, '18273', '7', 'D', 1, '0000-00-00 00:00:00', '1'),
(672, '18274', '7', 'D', 1, '0000-00-00 00:00:00', '1'),
(673, '18275', '7', 'D', 1, '0000-00-00 00:00:00', '1'),
(674, '18276', '7', 'D', 1, '0000-00-00 00:00:00', '1'),
(675, '18277', '7', 'D', 1, '0000-00-00 00:00:00', '1'),
(676, '18278', '7', 'D', 1, '0000-00-00 00:00:00', '1'),
(677, '18279', '7', 'D', 1, '0000-00-00 00:00:00', '1'),
(678, '18280', '7', 'D', 1, '0000-00-00 00:00:00', '1'),
(679, '18281', '7', 'D', 1, '0000-00-00 00:00:00', '1'),
(680, '18282', '7', 'D', 1, '0000-00-00 00:00:00', '1'),
(681, '18283', '7', 'D', 1, '0000-00-00 00:00:00', '1'),
(682, '18284', '7', 'D', 1, '0000-00-00 00:00:00', '1'),
(683, '18285', '7', 'D', 1, '0000-00-00 00:00:00', '1'),
(684, '18286', '7', 'D', 1, '0000-00-00 00:00:00', '1'),
(685, '18287', '7', 'D', 1, '0000-00-00 00:00:00', '1'),
(686, '18288', '7', 'D', 1, '0000-00-00 00:00:00', '1'),
(687, '18289', '7', 'D', 1, '0000-00-00 00:00:00', '1'),
(688, '18290', '7', 'D', 1, '0000-00-00 00:00:00', '1'),
(689, '18291', '7', 'D', 1, '0000-00-00 00:00:00', '1'),
(690, '18292', '7', 'D', 1, '0000-00-00 00:00:00', '1'),
(691, '18293', '7', 'D', 1, '0000-00-00 00:00:00', '1'),
(692, '18294', '7', 'D', 1, '0000-00-00 00:00:00', '1'),
(693, '18295', '7', 'D', 1, '0000-00-00 00:00:00', '1'),
(694, '18296', '7', 'D', 1, '0000-00-00 00:00:00', '1'),
(695, '18297', '7', 'D', 1, '0000-00-00 00:00:00', '1'),
(696, '18298', '7', 'D', 1, '0000-00-00 00:00:00', '1'),
(697, '18299', '7', 'D', 1, '0000-00-00 00:00:00', '1'),
(698, '18300', '7', 'D', 1, '0000-00-00 00:00:00', '1'),
(699, '18301', '7', 'D', 1, '0000-00-00 00:00:00', '1'),
(700, '18302', '7', 'D', 0, '2015-07-28 08:31:59', '1'),
(701, '18303', '7', 'D', 0, '2015-07-28 08:32:13', '1'),
(702, '18304', '7', 'E', 0, '2015-07-28 08:31:24', '1'),
(703, '18305', '7', 'E', 0, '2015-07-28 08:31:40', '1'),
(704, '18306', '7', 'E', 1, '0000-00-00 00:00:00', '1'),
(705, '18307', '7', 'E', 1, '0000-00-00 00:00:00', '1'),
(706, '18308', '7', 'E', 1, '0000-00-00 00:00:00', '1'),
(707, '18309', '7', 'E', 1, '0000-00-00 00:00:00', '1'),
(708, '18310', '7', 'E', 1, '0000-00-00 00:00:00', '1'),
(709, '18311', '7', 'E', 1, '0000-00-00 00:00:00', '1'),
(710, '18312', '7', 'E', 1, '0000-00-00 00:00:00', '1'),
(711, '18313', '7', 'E', 1, '0000-00-00 00:00:00', '1'),
(712, '18314', '7', 'E', 1, '0000-00-00 00:00:00', '1'),
(713, '18315', '7', 'E', 1, '0000-00-00 00:00:00', '1'),
(714, '18316', '7', 'E', 1, '0000-00-00 00:00:00', '1'),
(715, '18317', '7', 'E', 1, '0000-00-00 00:00:00', '1'),
(716, '18318', '7', 'E', 1, '0000-00-00 00:00:00', '1'),
(717, '18319', '7', 'E', 1, '0000-00-00 00:00:00', '1'),
(718, '18320', '7', 'E', 1, '0000-00-00 00:00:00', '1'),
(719, '18321', '7', 'E', 1, '0000-00-00 00:00:00', '1'),
(720, '18322', '7', 'E', 1, '0000-00-00 00:00:00', '1'),
(721, '18323', '7', 'E', 1, '0000-00-00 00:00:00', '1'),
(722, '18324', '7', 'E', 1, '0000-00-00 00:00:00', '1'),
(723, '18325', '7', 'E', 1, '0000-00-00 00:00:00', '1'),
(724, '18326', '7', 'E', 1, '0000-00-00 00:00:00', '1'),
(725, '18327', '7', 'E', 1, '0000-00-00 00:00:00', '1'),
(726, '18328', '7', 'E', 1, '0000-00-00 00:00:00', '1'),
(727, '18329', '7', 'E', 1, '0000-00-00 00:00:00', '1'),
(728, '18330', '7', 'E', 1, '0000-00-00 00:00:00', '1'),
(729, '18331', '7', 'E', 1, '0000-00-00 00:00:00', '1'),
(730, '18332', '7', 'E', 1, '0000-00-00 00:00:00', '1'),
(731, '18333', '7', 'E', 1, '0000-00-00 00:00:00', '1'),
(732, '18334', '7', 'E', 1, '0000-00-00 00:00:00', '1'),
(733, '18335', '7', 'E', 1, '0000-00-00 00:00:00', '1'),
(734, '18336', '7', 'F', 0, '2015-07-28 08:31:08', '1'),
(735, '18337', '7', 'F', 1, '0000-00-00 00:00:00', '1'),
(736, '18338', '7', 'F', 1, '0000-00-00 00:00:00', '1'),
(737, '18339', '7', 'F', 1, '0000-00-00 00:00:00', '1'),
(738, '18340', '7', 'F', 1, '0000-00-00 00:00:00', '1'),
(739, '18341', '7', 'F', 1, '0000-00-00 00:00:00', '1'),
(740, '18342', '7', 'F', 1, '0000-00-00 00:00:00', '1'),
(741, '18343', '7', 'F', 1, '0000-00-00 00:00:00', '1'),
(742, '18344', '7', 'F', 1, '0000-00-00 00:00:00', '1'),
(743, '18345', '7', 'F', 1, '0000-00-00 00:00:00', '1'),
(744, '18346', '7', 'F', 1, '0000-00-00 00:00:00', '1'),
(745, '18347', '7', 'F', 1, '0000-00-00 00:00:00', '1'),
(746, '18348', '7', 'F', 1, '0000-00-00 00:00:00', '1'),
(747, '18349', '7', 'F', 1, '0000-00-00 00:00:00', '1'),
(748, '18350', '7', 'F', 1, '0000-00-00 00:00:00', '1'),
(749, '18351', '7', 'F', 1, '0000-00-00 00:00:00', '1'),
(750, '18352', '7', 'F', 1, '0000-00-00 00:00:00', '1'),
(751, '18353', '7', 'F', 1, '0000-00-00 00:00:00', '1'),
(752, '18354', '7', 'F', 1, '0000-00-00 00:00:00', '1'),
(753, '18355', '7', 'F', 1, '0000-00-00 00:00:00', '1'),
(754, '18356', '7', 'F', 1, '0000-00-00 00:00:00', '1'),
(755, '18357', '7', 'F', 1, '0000-00-00 00:00:00', '1'),
(756, '18358', '7', 'F', 1, '0000-00-00 00:00:00', '1'),
(757, '18359', '7', 'F', 1, '0000-00-00 00:00:00', '1'),
(758, '18360', '7', 'F', 1, '0000-00-00 00:00:00', '1'),
(759, '18361', '7', 'F', 1, '0000-00-00 00:00:00', '1'),
(760, '18362', '7', 'F', 1, '0000-00-00 00:00:00', '1'),
(761, '18363', '7', 'F', 1, '0000-00-00 00:00:00', '1'),
(762, '18364', '7', 'F', 1, '0000-00-00 00:00:00', '1'),
(763, '18365', '7', 'F', 1, '0000-00-00 00:00:00', '1'),
(764, '18366', '7', 'F', 1, '0000-00-00 00:00:00', '1'),
(765, '18367', '7', 'F', 1, '0000-00-00 00:00:00', '1'),
(766, '18368', '7', 'G', 1, '0000-00-00 00:00:00', '1'),
(767, '18369', '7', 'G', 1, '0000-00-00 00:00:00', '1'),
(768, '18370', '7', 'G', 1, '0000-00-00 00:00:00', '1'),
(769, '18371', '7', 'G', 1, '0000-00-00 00:00:00', '1'),
(770, '18372', '7', 'G', 1, '0000-00-00 00:00:00', '1'),
(771, '18373', '7', 'G', 1, '0000-00-00 00:00:00', '1'),
(772, '18374', '7', 'G', 1, '0000-00-00 00:00:00', '1'),
(773, '18376', '7', 'G', 1, '0000-00-00 00:00:00', '1'),
(774, '18377', '7', 'G', 1, '0000-00-00 00:00:00', '1'),
(775, '18378', '7', 'G', 1, '0000-00-00 00:00:00', '1'),
(776, '18379', '7', 'G', 1, '0000-00-00 00:00:00', '1'),
(777, '18380', '7', 'G', 1, '0000-00-00 00:00:00', '1'),
(778, '18381', '7', 'G', 1, '0000-00-00 00:00:00', '1'),
(779, '18382', '7', 'G', 1, '0000-00-00 00:00:00', '1'),
(780, '18383', '7', 'G', 1, '0000-00-00 00:00:00', '1'),
(781, '18384', '7', 'G', 1, '0000-00-00 00:00:00', '1'),
(782, '18385', '7', 'G', 1, '0000-00-00 00:00:00', '1'),
(783, '18386', '7', 'G', 1, '0000-00-00 00:00:00', '1'),
(784, '18387', '7', 'G', 1, '0000-00-00 00:00:00', '1'),
(785, '18388', '7', 'G', 1, '0000-00-00 00:00:00', '1'),
(786, '18389', '7', 'G', 1, '0000-00-00 00:00:00', '1'),
(787, '18390', '7', 'G', 1, '0000-00-00 00:00:00', '1'),
(788, '18391', '7', 'G', 1, '0000-00-00 00:00:00', '1'),
(789, '18392', '7', 'G', 1, '0000-00-00 00:00:00', '1'),
(790, '18393', '7', 'G', 1, '0000-00-00 00:00:00', '1'),
(791, '18394', '7', 'G', 1, '0000-00-00 00:00:00', '1'),
(792, '18395', '7', 'G', 1, '0000-00-00 00:00:00', '1'),
(793, '18396', '7', 'G', 1, '0000-00-00 00:00:00', '1'),
(794, '18397', '7', 'G', 1, '0000-00-00 00:00:00', '1'),
(795, '18398', '7', 'G', 1, '0000-00-00 00:00:00', '1'),
(796, '18399', '7', 'G', 1, '0000-00-00 00:00:00', '1'),
(797, '18400', '7', 'H', 0, '2015-07-28 08:29:08', '1'),
(798, '18401', '7', 'H', 0, '2015-07-28 08:29:20', '1'),
(799, '18402', '7', 'H', 1, '0000-00-00 00:00:00', '1'),
(800, '18403', '7', 'H', 1, '0000-00-00 00:00:00', '1'),
(801, '18404', '7', 'H', 1, '0000-00-00 00:00:00', '1'),
(802, '18405', '7', 'H', 1, '0000-00-00 00:00:00', '1'),
(803, '18406', '7', 'H', 1, '0000-00-00 00:00:00', '1'),
(804, '18407', '7', 'H', 1, '0000-00-00 00:00:00', '1'),
(805, '18408', '7', 'H', 1, '0000-00-00 00:00:00', '1'),
(806, '18409', '7', 'H', 1, '0000-00-00 00:00:00', '1'),
(807, '18410', '7', 'H', 1, '0000-00-00 00:00:00', '1'),
(808, '18411', '7', 'H', 1, '0000-00-00 00:00:00', '1'),
(809, '18412', '7', 'H', 1, '0000-00-00 00:00:00', '1'),
(810, '18413', '7', 'H', 1, '0000-00-00 00:00:00', '1'),
(811, '18414', '7', 'H', 1, '0000-00-00 00:00:00', '1'),
(812, '18415', '7', 'H', 1, '0000-00-00 00:00:00', '1'),
(813, '18416', '7', 'H', 1, '0000-00-00 00:00:00', '1'),
(814, '18417', '7', 'H', 1, '0000-00-00 00:00:00', '1'),
(815, '18418', '7', 'H', 1, '0000-00-00 00:00:00', '1'),
(816, '18419', '7', 'H', 1, '0000-00-00 00:00:00', '1'),
(817, '18420', '7', 'H', 1, '0000-00-00 00:00:00', '1'),
(818, '18421', '7', 'H', 1, '0000-00-00 00:00:00', '1'),
(819, '18422', '7', 'H', 1, '0000-00-00 00:00:00', '1'),
(820, '18423', '7', 'H', 1, '0000-00-00 00:00:00', '1'),
(821, '18424', '7', 'H', 1, '0000-00-00 00:00:00', '1'),
(822, '18425', '7', 'H', 1, '0000-00-00 00:00:00', '1'),
(823, '18426', '7', 'H', 1, '0000-00-00 00:00:00', '1'),
(824, '18427', '7', 'H', 1, '0000-00-00 00:00:00', '1'),
(825, '18428', '7', 'H', 1, '0000-00-00 00:00:00', '1'),
(826, '18429', '7', 'H', 1, '0000-00-00 00:00:00', '1'),
(827, '18430', '7', 'H', 1, '0000-00-00 00:00:00', '1'),
(828, '18431', '7', 'H', 1, '0000-00-00 00:00:00', '1'),
(829, '18432', '7', 'I', 0, '2015-07-28 08:28:30', '1'),
(830, '18433', '7', 'I', 0, '2015-07-28 08:28:50', '1'),
(831, '18434', '7', 'I', 1, '0000-00-00 00:00:00', '1'),
(832, '18435', '7', 'I', 1, '0000-00-00 00:00:00', '1'),
(833, '18436', '7', 'I', 1, '0000-00-00 00:00:00', '1'),
(834, '18437', '7', 'I', 1, '0000-00-00 00:00:00', '1'),
(835, '18438', '7', 'I', 1, '0000-00-00 00:00:00', '1'),
(836, '18439', '7', 'I', 1, '0000-00-00 00:00:00', '1'),
(837, '18440', '7', 'I', 1, '0000-00-00 00:00:00', '1'),
(838, '18441', '7', 'I', 1, '0000-00-00 00:00:00', '1'),
(839, '18442', '7', 'I', 1, '0000-00-00 00:00:00', '1'),
(840, '18443', '7', 'I', 1, '0000-00-00 00:00:00', '1'),
(841, '18444', '7', 'I', 1, '0000-00-00 00:00:00', '1'),
(842, '18445', '7', 'I', 1, '0000-00-00 00:00:00', '1'),
(843, '18446', '7', 'I', 1, '0000-00-00 00:00:00', '1'),
(844, '18447', '7', 'I', 1, '0000-00-00 00:00:00', '1'),
(845, '18448', '7', 'I', 1, '0000-00-00 00:00:00', '1'),
(846, '18449', '7', 'I', 1, '0000-00-00 00:00:00', '1'),
(847, '18450', '7', 'I', 1, '0000-00-00 00:00:00', '1'),
(848, '18451', '7', 'I', 1, '0000-00-00 00:00:00', '1'),
(849, '18452', '7', 'I', 1, '0000-00-00 00:00:00', '1'),
(850, '18453', '7', 'I', 1, '0000-00-00 00:00:00', '1'),
(851, '18454', '7', 'I', 1, '0000-00-00 00:00:00', '1'),
(852, '18455', '7', 'I', 1, '0000-00-00 00:00:00', '1'),
(853, '18456', '7', 'I', 1, '0000-00-00 00:00:00', '1'),
(854, '18457', '7', 'I', 1, '0000-00-00 00:00:00', '1'),
(855, '18458', '7', 'I', 1, '0000-00-00 00:00:00', '1'),
(856, '18459', '7', 'I', 1, '0000-00-00 00:00:00', '1'),
(857, '18460', '7', 'I', 1, '0000-00-00 00:00:00', '1'),
(858, '18461', '7', 'I', 1, '0000-00-00 00:00:00', '1'),
(859, '18462', '7', 'I', 1, '0000-00-00 00:00:00', '1'),
(860, '18463', '7', 'I', 1, '0000-00-00 00:00:00', '1'),
(861, '18464', '8', 'F', 0, '2015-07-27 05:09:29', '1'),
(862, '18465', '8', 'C', 0, '2015-07-29 04:58:01', '1'),
(863, '18466', '8', 'G', 0, '2015-08-03 05:23:13', '1'),
(864, '18467', '7', 'G', 0, '2015-08-22 01:04:24', '1'),
(865, '18468', '9', 'I', 0, '2015-09-03 06:08:04', '1'),
(866, '18469', '8', 'D', 0, '2015-11-26 08:57:55', '1'),
(867, '17595', '9', 'E', 0, '2015-07-07 12:46:28', '2'),
(868, '17596', '9', 'C', 0, '2015-07-07 12:37:24', '2'),
(869, '17597', '9', 'D', 0, '2015-07-07 12:41:17', '2'),
(870, '17598', '9', 'D', 0, '2015-07-07 12:41:21', '2'),
(871, '17599', '9', 'D', 0, '2015-07-07 12:41:26', '2'),
(872, '17600', '9', 'D', 0, '2015-07-07 12:41:30', '2'),
(873, '17601', '9', 'A', 0, '2015-07-07 12:25:34', '2'),
(874, '17602', '9', 'B', 0, '2015-07-07 12:32:08', '2'),
(875, '17603', '9', 'E', 0, '2015-07-07 12:47:26', '2'),
(876, '17604', '9', 'D', 0, '2015-07-07 12:41:55', '2'),
(877, '17605', '9', 'D', 0, '2015-07-07 12:42:06', '2'),
(878, '17606', '9', 'D', 0, '2015-07-07 12:42:15', '2'),
(879, '17607', '9', 'D', 0, '2015-07-07 12:42:22', '2'),
(880, '17608', '9', 'D', 0, '2015-07-07 12:42:27', '2'),
(881, '17609', '9', 'I', 0, '2015-07-07 13:03:25', '2'),
(882, '17610', '9', 'G', 0, '2015-07-07 12:55:38', '2'),
(883, '17611', '9', 'E', 0, '2015-07-07 12:47:54', '2'),
(884, '17612', '9', 'I', 0, '2015-07-07 13:04:11', '2'),
(885, '17613', '9', 'D', 0, '2015-07-07 12:42:43', '2'),
(886, '17614', '9', 'D', 0, '2015-07-07 12:42:52', '2'),
(887, '17615', '9', 'D', 0, '2015-07-07 12:43:04', '2'),
(888, '17616', '9', 'D', 0, '2015-07-07 12:43:14', '2'),
(889, '17617', '9', 'I', 0, '2015-07-07 13:05:14', '2'),
(890, '17618', '9', 'D', 0, '2015-07-07 12:43:25', '2'),
(891, '17619', '9', 'D', 0, '2015-07-07 12:43:29', '2'),
(892, '17620', '9', 'G', 0, '2015-07-07 12:57:06', '2'),
(893, '17621', '9', 'B', 0, '2015-07-07 12:35:00', '2'),
(894, '17622', '9', 'E', 0, '2015-07-07 12:49:26', '2'),
(895, '17623', '9', 'D', 0, '2015-07-07 12:44:27', '2'),
(896, '17624', '9', 'I', 0, '2015-07-07 13:06:20', '2'),
(897, '17625', '9', 'F', 0, '2015-07-07 12:53:55', '2'),
(898, '17626', '9', 'B', 0, '2015-07-27 08:33:53', '2'),
(899, '17627', '9', 'C', 0, '2015-07-07 12:37:32', '2'),
(900, '17628', '9', 'E', 0, '2015-07-07 12:47:21', '2'),
(901, '17629', '9', 'F', 0, '2015-07-07 12:51:00', '2'),
(902, '17630', '9', 'A', 0, '2015-07-07 12:26:11', '2'),
(903, '17631', '9', 'D', 0, '2015-07-07 12:41:49', '2'),
(904, '17632', '9', 'H', 0, '2015-07-07 12:59:03', '2'),
(905, '17633', '9', 'A', 0, '2015-07-07 12:26:36', '2'),
(906, '17634', '9', 'D', 0, '2015-07-07 12:42:00', '2'),
(907, '17635', '9', 'A', 0, '2015-07-07 12:26:51', '2'),
(908, '17636', '9', 'H', 0, '2015-07-07 12:59:12', '2'),
(909, '17637', '9', 'F', 0, '2015-07-07 12:51:33', '2');
INSERT INTO `siswa_aktif` (`id`, `nis`, `kelas`, `subkelas`, `status`, `timestamp`, `semester`) VALUES
(910, '17638', '9', 'A', 0, '2015-07-07 12:26:59', '2'),
(911, '17639', '9', 'E', 0, '2015-07-07 12:47:44', '2'),
(912, '17640', '9', 'D', 0, '2015-07-07 12:42:34', '2'),
(913, '17641', '9', 'G', 0, '2015-07-07 12:55:52', '2'),
(914, '17642', '9', 'H', 0, '2015-07-07 12:59:27', '2'),
(915, '17643', '9', 'G', 0, '2015-07-07 12:56:03', '2'),
(916, '17644', '9', 'G', 0, '2015-07-07 12:56:10', '2'),
(917, '17645', '9', 'C', 0, '2015-07-07 12:38:54', '2'),
(918, '17646', '9', 'G', 0, '2015-07-07 12:56:39', '2'),
(919, '17647', '9', 'H', 0, '2015-07-07 13:00:14', '2'),
(920, '17648', '9', 'A', 0, '2015-07-07 12:28:23', '2'),
(921, '17649', '9', 'B', 0, '2015-07-07 12:34:10', '2'),
(922, '17651', '9', 'H', 0, '2015-07-27 08:48:19', '2'),
(923, '17652', '9', 'A', 0, '2015-07-07 12:28:34', '2'),
(924, '17653', '9', 'D', 0, '2015-07-07 12:43:59', '2'),
(925, '17654', '9', 'G', 0, '2015-07-07 12:57:21', '2'),
(926, '17655', '9', 'C', 0, '2015-07-07 12:39:49', '2'),
(927, '17656', '9', 'C', 0, '2015-07-07 12:40:25', '2'),
(928, '17657', '9', 'F', 0, '2015-07-07 12:53:50', '2'),
(929, '17658', '9', 'G', 0, '2015-07-07 12:58:00', '2'),
(930, '17659', '9', 'C', 0, '2015-07-07 12:37:15', '2'),
(931, '17660', '9', 'C', 0, '2015-07-07 12:37:20', '2'),
(932, '17661', '9', 'E', 0, '2015-07-07 12:47:08', '2'),
(933, '17662', '9', 'C', 0, '2015-07-27 08:37:02', '2'),
(934, '17663', '9', 'H', 0, '2015-07-07 12:58:43', '2'),
(935, '17664', '9', 'A', 0, '2015-07-07 12:26:32', '2'),
(936, '17665', '9', 'D', 0, '2015-07-07 12:42:10', '2'),
(937, '17666', '9', 'C', 0, '2015-07-07 12:38:12', '2'),
(938, '17667', '9', 'C', 0, '2015-07-07 12:38:30', '2'),
(939, '17668', '9', 'A', 0, '2015-07-07 12:27:28', '2'),
(940, '17669', '9', 'F', 0, '2015-07-07 12:51:39', '2'),
(941, '17670', '9', 'F', 0, '2015-07-07 12:51:51', '2'),
(942, '17671', '9', 'F', 0, '2015-07-07 12:52:20', '2'),
(943, '17672', '9', 'D', 0, '2015-07-07 12:43:09', '2'),
(944, '17673', '9', 'B', 0, '2015-07-07 12:34:04', '2'),
(945, '17674', '9', 'I', 0, '2015-07-07 13:05:29', '2'),
(946, '17675', '9', 'E', 0, '2015-07-07 12:48:31', '2'),
(947, '17676', '9', 'F', 0, '2015-07-07 12:52:58', '2'),
(948, '17677', '9', 'E', 0, '2015-07-07 12:48:38', '2'),
(949, '17678', '9', 'I', 0, '2015-07-07 13:05:40', '2'),
(950, '17679', '9', 'C', 0, '2015-07-07 12:39:40', '2'),
(951, '17680', '9', 'H', 0, '2015-07-07 13:01:06', '2'),
(952, '17681', '9', 'G', 0, '2015-07-07 12:57:41', '2'),
(953, '17682', '9', 'A', 0, '2015-07-07 12:28:41', '2'),
(954, '17683', '9', 'F', 0, '2015-07-07 12:53:31', '2'),
(955, '17684', '9', 'F', 0, '2015-07-07 12:53:37', '2'),
(956, '17685', '9', 'E', 0, '2015-07-07 12:49:31', '2'),
(957, '17686', '9', 'B', 0, '2015-07-07 12:35:59', '2'),
(958, '17687', '9', 'E', 0, '2015-07-07 12:49:56', '2'),
(959, '17688', '9', 'F', 0, '2015-07-07 12:54:01', '2'),
(960, '17689', '9', 'C', 0, '2015-07-07 12:40:54', '2'),
(961, '17690', '9', 'A', 0, '2015-07-07 12:30:18', '2'),
(962, '17691', '9', 'I', 0, '2015-07-07 13:02:28', '2'),
(963, '17692', '9', 'C', 0, '2015-07-07 12:37:37', '2'),
(964, '17693', '9', 'A', 0, '2015-07-07 12:25:42', '2'),
(965, '17695', '9', 'F', 0, '2015-07-07 12:51:11', '2'),
(966, '17696', '9', 'C', 0, '2015-07-07 12:37:49', '2'),
(967, '17697', '9', 'D', 0, '2015-07-27 08:39:18', '2'),
(968, '17698', '9', 'G', 0, '2015-07-07 12:55:34', '2'),
(969, '17699', '9', 'E', 0, '2015-07-07 12:48:01', '2'),
(970, '17700', '9', 'C', 0, '2015-07-07 12:38:37', '2'),
(971, '17701', '9', 'H', 0, '2015-07-07 12:59:33', '2'),
(972, '17702', '9', 'I', 0, '2015-07-07 13:04:49', '2'),
(973, '17703', '9', 'B', 0, '2015-07-07 12:33:36', '2'),
(974, '17704', '9', 'B', 0, '2015-07-07 12:33:48', '2'),
(975, '17705', '9', 'C', 0, '2015-07-07 12:38:58', '2'),
(976, '17706', '9', 'C', 0, '2015-07-07 12:39:03', '2'),
(977, '17707', '9', 'F', 0, '2015-07-07 12:52:25', '2'),
(978, '17708', '9', 'H', 0, '2015-07-07 13:00:09', '2'),
(979, '17709', '9', 'G', 0, '2015-07-07 12:56:34', '2'),
(980, '17710', '9', 'B', 0, '2015-07-07 12:33:58', '2'),
(981, '17711', '9', 'E', 0, '2015-07-07 12:48:25', '2'),
(982, '17712', '9', 'C', 0, '2015-07-07 12:39:15', '2'),
(983, '17713', '9', 'I', 0, '2015-07-07 13:05:33', '2'),
(984, '17714', '9', 'B', 0, '2015-07-07 12:34:13', '2'),
(985, '17715', '9', 'H', 0, '2015-07-07 13:00:35', '2'),
(986, '17716', '9', 'H', 0, '2015-07-07 13:01:00', '2'),
(987, '17717', '9', 'H', 0, '2015-07-07 13:01:32', '2'),
(988, '17718', '9', 'A', 0, '2015-07-07 12:29:29', '2'),
(989, '17719', '9', 'B', 0, '2015-07-07 12:35:43', '2'),
(990, '17720', '9', 'I', 0, '2015-07-07 13:06:34', '2'),
(991, '17721', '9', 'G', 0, '2015-07-07 12:58:05', '2'),
(992, '17722', '9', 'H', 0, '2015-07-07 13:01:38', '2'),
(993, '17723', '9', 'F', 0, '2015-07-07 12:50:32', '2'),
(994, '17724', '9', 'A', 0, '2015-07-07 12:25:19', '2'),
(995, '17725', '9', 'B', 0, '2015-07-07 12:31:41', '2'),
(996, '17726', '9', 'G', 0, '2015-07-07 12:54:34', '2'),
(997, '17727', '9', 'B', 0, '2015-07-07 12:31:49', '2'),
(998, '17728', '9', 'D', 0, '2015-07-07 12:41:34', '2'),
(999, '17729', '9', 'H', 0, '2015-07-07 12:58:54', '2'),
(1000, '17730', '9', 'G', 0, '2015-07-07 12:54:50', '2'),
(1001, '17731', '9', 'E', 0, '2015-07-07 12:47:33', '2'),
(1002, '17732', '9', 'H', 0, '2015-07-07 12:59:07', '2'),
(1003, '17733', '9', 'F', 0, '2015-07-07 12:51:17', '2'),
(1004, '17734', '9', 'E', 0, '2015-07-07 12:47:39', '2'),
(1005, '17735', '9', 'I', 0, '2015-07-07 13:03:20', '2'),
(1006, '17736', '9', 'C', 0, '2015-07-07 12:38:21', '2'),
(1007, '17737', '9', 'G', 0, '2015-07-07 12:55:45', '2'),
(1008, '17738', '9', 'B', 0, '2015-07-07 12:32:46', '2'),
(1009, '17739', '9', 'F', 0, '2015-07-07 12:51:43', '2'),
(1010, '17740', '9', 'F', 0, '2015-07-07 12:52:05', '2'),
(1011, '17741', '9', 'G', 0, '2015-07-07 12:56:23', '2'),
(1012, '17742', '9', 'B', 0, '2015-07-07 12:33:54', '2'),
(1013, '17743', '9', 'A', 0, '2015-07-07 12:28:04', '2'),
(1014, '17744', '9', 'C', 0, '2015-07-07 12:39:10', '2'),
(1015, '17745', '9', 'F', 0, '2015-07-07 12:53:03', '2'),
(1016, '17746', '9', 'E', 0, '2015-07-07 12:48:52', '2'),
(1017, '17747', '9', 'F', 0, '2015-07-07 12:53:13', '2'),
(1018, '17748', '9', 'H', 0, '2015-07-07 13:00:53', '2'),
(1019, '17749', '9', 'A', 0, '2015-07-07 12:28:52', '2'),
(1020, '17750', '9', 'E', 0, '2015-07-07 12:49:38', '2'),
(1021, '17751', '9', 'F', 0, '2015-07-07 12:54:08', '2'),
(1022, '17752', '9', 'B', 0, '2015-07-07 12:36:22', '2'),
(1023, '17753', '9', 'H', 0, '2015-07-07 13:01:42', '2'),
(1024, '17754', '9', 'E', 0, '2015-07-07 12:50:09', '2'),
(1025, '17755', '9', 'F', 0, '2015-07-07 12:50:23', '2'),
(1026, '17756', '9', 'E', 0, '2015-07-07 12:46:34', '2'),
(1027, '17757', '9', 'I', 0, '2015-07-07 13:02:10', '2'),
(1028, '17758', '9', 'I', 0, '2015-07-07 13:02:31', '2'),
(1029, '17759', '9', 'G', 0, '2015-07-07 12:54:44', '2'),
(1030, '17760', '9', 'A', 0, '2015-07-07 12:26:19', '2'),
(1031, '17761', '9', 'A', 0, '2015-07-07 12:26:43', '2'),
(1032, '17762', '9', 'G', 0, '2015-07-07 12:55:24', '2'),
(1033, '17763', '9', 'G', 0, '2015-07-07 12:56:18', '2'),
(1034, '17764', '9', 'E', 0, '2015-07-07 12:48:06', '2'),
(1035, '17765', '9', 'H', 0, '2015-07-07 12:59:45', '2'),
(1036, '17766', '9', 'F', 0, '2015-07-07 12:52:14', '2'),
(1037, '17767', '9', 'B', 0, '2015-07-07 12:33:14', '2'),
(1038, '17768', '9', 'C', 0, '2015-07-07 12:38:49', '2'),
(1039, '17769', '9', 'H', 0, '2015-07-07 12:59:55', '2'),
(1040, '17770', '9', 'E', 0, '2015-07-07 12:48:18', '2'),
(1041, '17771', '9', 'H', 0, '2015-07-07 13:00:24', '2'),
(1042, '17772', '9', 'I', 0, '2015-07-07 13:05:23', '2'),
(1043, '17773', '9', 'A', 0, '2015-07-07 12:28:14', '2'),
(1044, '17774', '9', 'E', 0, '2015-07-07 12:48:57', '2'),
(1045, '17775', '9', 'G', 0, '2015-07-07 12:57:10', '2'),
(1046, '17776', '9', 'G', 0, '2015-07-07 12:57:16', '2'),
(1047, '17777', '9', 'D', 0, '2015-07-07 12:43:50', '2'),
(1048, '17778', '9', 'I', 0, '2015-07-07 13:06:06', '2'),
(1049, '17779', '9', 'G', 0, '2015-07-07 12:57:45', '2'),
(1050, '17780', '9', 'I', 0, '2015-07-07 13:06:17', '2'),
(1051, '17781', '9', 'C', 0, '2015-07-07 12:40:30', '2'),
(1052, '17782', '9', 'I', 0, '2015-07-07 13:06:28', '2'),
(1053, '17783', '9', 'D', 0, '2015-07-07 12:45:56', '2'),
(1054, '17784', '9', 'E', 0, '2015-07-07 12:49:45', '2'),
(1055, '17785', '9', 'B', 0, '2015-07-07 12:36:30', '2'),
(1056, '17786', '9', 'B', 0, '2015-07-07 12:36:39', '2'),
(1057, '17787', '9', 'F', 0, '2015-07-07 12:50:28', '2'),
(1058, '17788', '9', 'I', 0, '2015-07-07 13:02:21', '2'),
(1059, '17789', '9', 'I', 0, '2015-07-07 13:02:58', '2'),
(1060, '17790', '9', 'C', 0, '2015-07-07 12:37:45', '2'),
(1061, '17791', '9', 'G', 0, '2015-07-07 12:54:39', '2'),
(1062, '17792', '9', 'A', 0, '2015-07-07 12:26:04', '2'),
(1063, '17793', '9', 'F', 0, '2015-07-07 12:51:05', '2'),
(1064, '17794', '9', 'A', 0, '2015-07-07 12:26:27', '2'),
(1065, '17795', '9', 'C', 0, '2015-07-07 12:37:55', '2'),
(1066, '17796', '9', 'B', 0, '2015-07-07 12:32:29', '2'),
(1067, '17797', '9', 'I', 0, '2015-07-07 13:03:15', '2'),
(1068, '17798', '9', 'A', 0, '2015-07-07 12:27:04', '2'),
(1069, '17799', '9', 'H', 0, '2015-07-07 12:59:22', '2'),
(1070, '17800', '9', 'A', 0, '2015-07-07 12:27:38', '2'),
(1071, '17801', '9', 'B', 0, '2015-07-07 12:32:56', '2'),
(1072, '17802', '9', 'C', 0, '2015-07-07 12:38:43', '2'),
(1073, '17803', '9', 'G', 0, '2015-07-07 12:56:48', '2'),
(1074, '17804', '9', 'B', 0, '2015-07-07 12:34:30', '2'),
(1075, '17805', '9', 'B', 0, '2015-07-07 12:34:40', '2'),
(1076, '17806', '9', 'H', 0, '2015-07-07 13:01:12', '2'),
(1077, '17807', '9', 'H', 0, '2015-07-07 13:01:25', '2'),
(1078, '17808', '9', 'B', 0, '2015-07-07 12:35:04', '2'),
(1079, '17809', '9', 'F', 0, '2015-07-07 12:53:42', '2'),
(1080, '17810', '9', 'A', 0, '2015-07-07 12:29:37', '2'),
(1081, '17811', '9', 'C', 0, '2015-07-07 12:40:13', '2'),
(1082, '17812', '9', 'D', 0, '2015-07-07 12:45:33', '2'),
(1083, '17813', '9', 'B', 0, '2015-07-07 12:35:54', '2'),
(1084, '17814', '9', 'A', 0, '2015-07-07 12:30:00', '2'),
(1085, '17815', '9', 'C', 0, '2015-07-07 12:40:44', '2'),
(1086, '17816', '9', 'E', 0, '2015-07-07 12:49:49', '2'),
(1087, '17817', '9', 'H', 0, '2015-07-07 13:01:46', '2'),
(1088, '17818', '9', 'E', 0, '2015-07-07 12:46:24', '2'),
(1089, '17819', '9', 'H', 0, '2015-07-07 12:58:22', '2'),
(1090, '17820', '9', 'B', 0, '2015-07-07 12:31:33', '2'),
(1091, '17821', '9', 'I', 0, '2015-07-07 13:02:40', '2'),
(1092, '17822', '9', 'H', 0, '2015-07-07 12:58:35', '2'),
(1093, '17824', '9', 'G', 0, '2015-07-07 12:54:58', '2'),
(1094, '17825', '9', 'D', 0, '2015-07-07 12:41:42', '2'),
(1095, '17826', '9', 'H', 0, '2015-07-07 12:58:59', '2'),
(1096, '17827', '9', 'G', 0, '2015-07-07 12:55:03', '2'),
(1097, '17828', '9', 'G', 0, '2015-07-07 12:55:28', '2'),
(1098, '17829', '9', 'H', 0, '2015-07-07 12:59:17', '2'),
(1099, '17830', '9', 'I', 0, '2015-07-07 13:04:24', '2'),
(1100, '17831', '9', 'I', 0, '2015-07-07 13:04:42', '2'),
(1101, '17832', '9', 'I', 0, '2015-07-07 13:05:02', '2'),
(1102, '17833', '9', 'H', 0, '2015-07-07 12:59:50', '2'),
(1103, '17834', '9', 'E', 0, '2015-07-07 12:48:13', '2'),
(1104, '17835', '9', 'F', 0, '2015-07-07 12:52:48', '2'),
(1105, '17836', '9', 'G', 0, '2015-07-07 12:56:55', '2'),
(1106, '17837', '9', 'E', 0, '2015-07-07 12:48:44', '2'),
(1107, '17838', '9', 'F', 0, '2015-07-07 12:53:09', '2'),
(1108, '17839', '9', 'C', 0, '2015-07-07 12:39:25', '2'),
(1109, '17840', '9', 'F', 0, '2015-07-07 12:53:21', '2'),
(1110, '17841', '9', 'I', 0, '2015-07-07 13:06:12', '2'),
(1111, '17842', '9', 'B', 0, '2015-07-07 12:34:53', '2'),
(1112, '17843', '9', 'H', 0, '2015-07-07 13:01:19', '2'),
(1113, '17844', '9', 'B', 0, '2015-07-07 12:35:23', '2'),
(1114, '17845', '9', 'B', 0, '2015-07-07 12:35:34', '2'),
(1115, '17846', '9', 'A', 0, '2015-07-07 12:29:54', '2'),
(1116, '17847', '9', 'D', 0, '2015-07-07 12:45:50', '2'),
(1117, '17848', '9', 'C', 0, '2015-07-07 12:40:35', '2'),
(1118, '17849', '9', 'G', 0, '2015-07-07 12:57:50', '2'),
(1119, '17850', '9', 'G', 0, '2015-07-07 12:54:29', '2'),
(1120, '17851', '9', 'F', 0, '2015-07-07 12:50:42', '2'),
(1121, '17852', '9', 'F', 0, '2015-07-07 12:50:48', '2'),
(1122, '17853', '9', 'E', 0, '2015-07-07 12:46:54', '2'),
(1123, '17854', '9', 'A', 0, '2015-07-07 12:25:04', '2'),
(1124, '17855', '9', 'I', 0, '2015-07-07 13:03:05', '2'),
(1125, '17856', '9', 'B', 0, '2015-07-07 12:32:16', '2'),
(1126, '17857', '9', 'I', 0, '2015-07-07 13:03:11', '2'),
(1127, '17858', '9', 'C', 0, '2015-07-07 12:38:01', '2'),
(1128, '17859', '9', 'F', 0, '2015-07-07 12:51:23', '2'),
(1129, '17860', '9', 'E', 0, '2015-07-07 12:47:49', '2'),
(1130, '17861', '9', 'I', 0, '2015-07-07 13:03:54', '2'),
(1131, '17862', '9', 'G', 0, '2015-07-07 12:55:58', '2'),
(1132, '17863', '9', 'A', 0, '2015-07-07 12:27:11', '2'),
(1133, '17864', '9', 'A', 0, '2015-07-07 12:27:44', '2'),
(1134, '17865', '9', 'A', 0, '2015-07-07 12:27:54', '2'),
(1135, '17866', '9', 'H', 0, '2015-07-07 13:00:01', '2'),
(1136, '17867', '9', 'F', 0, '2015-07-07 12:52:54', '2'),
(1137, '17868', '9', 'D', 0, '2015-07-07 12:43:41', '2'),
(1138, '17869', '9', 'I', 0, '2015-07-07 13:05:52', '2'),
(1139, '17870', '9', 'E', 0, '2015-07-07 12:49:14', '2'),
(1140, '17871', '9', 'E', 0, '2015-07-07 12:49:21', '2'),
(1141, '17872', '9', 'G', 0, '2015-07-07 12:57:27', '2'),
(1142, '17873', '9', 'D', 0, '2015-07-07 12:44:14', '2'),
(1143, '17874', '9', 'D', 0, '2015-07-07 12:44:22', '2'),
(1144, '17875', '9', 'A', 0, '2015-07-07 12:30:14', '2'),
(1145, '17876', '9', 'C', 0, '2015-07-07 12:40:49', '2'),
(1146, '17877', '9', 'B', 0, '2015-07-07 12:36:11', '2'),
(1147, '17878', '9', 'I', 0, '2015-07-07 13:06:39', '2'),
(1148, '17879', '9', 'B', 0, '2015-07-07 12:36:17', '2'),
(1149, '17880', '9', 'E', 0, '2015-07-07 12:50:01', '2'),
(1150, '17881', '9', 'H', 0, '2015-07-07 13:01:51', '2'),
(1151, '17884', '9', 'C', 0, '2015-07-07 12:39:59', '2'),
(1152, '17885', '9', 'A', 0, '2015-07-07 12:27:18', '2'),
(1153, '17887', '8', 'E', 0, '2015-07-07 11:39:18', '2'),
(1154, '17888', '8', 'C', 0, '2015-07-07 08:31:40', '2'),
(1155, '17889', '8', 'F', 0, '2015-07-07 11:48:27', '2'),
(1156, '17890', '8', 'G', 0, '2015-07-07 12:00:02', '2'),
(1157, '17891', '8', 'H', 0, '2015-07-07 12:06:53', '2'),
(1158, '17892', '8', 'A', 0, '2015-07-07 03:57:10', '2'),
(1159, '17893', '8', 'F', 0, '2015-07-07 11:48:51', '2'),
(1160, '17894', '8', 'I', 0, '2015-07-07 12:15:06', '2'),
(1161, '17895', '8', 'G', 0, '2015-07-07 12:00:52', '2'),
(1162, '17896', '8', 'C', 0, '2015-07-07 08:32:58', '2'),
(1163, '17897', '8', 'C', 0, '2015-07-07 08:33:14', '2'),
(1164, '17898', '8', 'G', 0, '2015-07-07 12:02:28', '2'),
(1165, '17899', '8', 'A', 0, '2015-07-07 04:00:44', '2'),
(1166, '17900', '8', 'D', 0, '2015-07-07 11:34:15', '2'),
(1167, '17901', '8', 'C', 0, '2015-07-07 08:33:54', '2'),
(1168, '17902', '8', 'C', 0, '2015-07-07 08:34:05', '2'),
(1169, '17903', '8', 'C', 0, '2015-07-07 09:30:44', '2'),
(1170, '17904', '8', 'C', 0, '2015-07-07 09:30:53', '2'),
(1171, '17905', '8', 'H', 0, '2015-07-07 12:09:54', '2'),
(1172, '17906', '8', 'B', 0, '2015-07-07 04:20:45', '2'),
(1173, '17907', '8', 'H', 0, '2015-07-07 12:10:49', '2'),
(1174, '17908', '8', 'C', 0, '2015-07-07 09:32:16', '2'),
(1175, '17909', '8', 'C', 0, '2015-07-07 09:32:24', '2'),
(1176, '17910', '8', 'I', 0, '2015-07-07 12:22:06', '2'),
(1177, '17911', '8', 'E', 0, '2015-07-07 11:44:45', '2'),
(1178, '17912', '8', 'C', 0, '2015-07-07 09:32:51', '2'),
(1179, '17913', '8', 'B', 0, '2015-07-07 04:26:51', '2'),
(1180, '17914', '8', 'E', 0, '2015-07-07 11:44:51', '2'),
(1181, '17915', '8', 'C', 0, '2015-07-07 09:33:18', '2'),
(1182, '17916', '8', 'B', 0, '2015-07-07 04:27:12', '2'),
(1183, '17917', '8', 'F', 0, '2015-07-07 11:58:17', '2'),
(1184, '17918', '8', 'D', 0, '2015-07-07 11:38:26', '2'),
(1185, '17919', '8', 'G', 0, '2015-07-07 11:59:26', '2'),
(1186, '17920', '8', 'A', 0, '2015-12-15 17:56:08', '2'),
(1187, '17921', '8', 'H', 0, '2015-07-07 12:06:44', '2'),
(1188, '17922', '8', 'I', 0, '2015-07-07 12:14:24', '2'),
(1189, '17923', '8', 'C', 0, '2015-07-07 08:31:48', '2'),
(1190, '17924', '8', 'E', 0, '2015-07-07 11:39:51', '2'),
(1191, '17925', '8', 'C', 0, '2015-07-07 08:32:11', '2'),
(1192, '17926', '8', 'I', 0, '2015-07-07 12:15:35', '2'),
(1193, '17927', '8', 'G', 0, '2015-07-07 12:00:39', '2'),
(1194, '17928', '8', 'F', 0, '2015-07-07 11:49:08', '2'),
(1195, '17929', '8', 'D', 0, '2015-07-07 11:33:39', '2'),
(1196, '17930', '8', 'E', 0, '2015-07-07 11:40:29', '2'),
(1197, '17931', '8', 'A', 0, '2015-07-07 04:00:14', '2'),
(1198, '17932', '8', 'H', 0, '2015-07-07 12:07:53', '2'),
(1199, '17933', '8', 'F', 0, '2015-07-07 11:54:16', '2'),
(1200, '17934', '8', 'D', 0, '2015-07-07 11:34:05', '2'),
(1201, '17935', '8', 'A', 0, '2015-07-07 04:00:27', '2'),
(1202, '17936', '8', 'C', 0, '2015-07-07 08:33:37', '2'),
(1203, '17937', '8', 'I', 0, '2015-07-07 12:16:22', '2'),
(1204, '17938', '8', 'A', 0, '2015-07-07 04:01:43', '2'),
(1205, '17939', '8', 'E', 0, '2015-07-07 11:42:18', '2'),
(1206, '17940', '8', 'D', 0, '2015-07-07 11:35:02', '2'),
(1207, '17941', '8', 'E', 0, '2015-07-07 11:43:17', '2'),
(1208, '17942', '8', 'D', 0, '2015-07-07 11:36:16', '2'),
(1209, '17943', '8', 'D', 0, '2015-07-07 11:36:26', '2'),
(1210, '17944', '8', 'I', 0, '2015-07-07 12:18:05', '2'),
(1211, '17945', '8', 'G', 0, '2015-07-07 12:04:39', '2'),
(1212, '17946', '8', 'F', 0, '2015-07-07 11:57:36', '2'),
(1213, '17947', '8', 'D', 0, '2015-07-07 11:37:37', '2'),
(1214, '17948', '8', 'H', 0, '2015-07-07 12:12:53', '2'),
(1215, '17949', '8', 'D', 0, '2015-07-07 11:38:01', '2'),
(1216, '17950', '8', 'D', 0, '2015-07-07 11:38:14', '2'),
(1217, '17951', '8', 'E', 0, '2015-07-07 11:39:09', '2'),
(1218, '17952', '8', 'I', 0, '2015-07-07 12:14:32', '2'),
(1219, '17953', '8', 'D', 0, '2015-07-07 11:32:26', '2'),
(1220, '17954', '8', 'A', 0, '2015-07-07 03:57:31', '2'),
(1221, '17955', '8', 'H', 0, '2015-07-07 12:07:25', '2'),
(1222, '17956', '8', 'E', 0, '2015-07-07 11:40:12', '2'),
(1223, '17957', '8', 'A', 0, '2015-07-07 03:59:28', '2'),
(1224, '17958', '8', 'A', 0, '2015-07-07 03:59:37', '2'),
(1225, '17959', '8', 'G', 0, '2015-07-07 12:01:23', '2'),
(1226, '17960', '8', 'C', 0, '2015-07-07 08:32:36', '2'),
(1227, '17961', '8', 'D', 0, '2015-07-07 11:33:48', '2'),
(1228, '17962', '8', 'E', 0, '2015-07-07 11:40:55', '2'),
(1229, '17963', '8', 'F', 0, '2015-07-07 11:54:27', '2'),
(1230, '17964', '8', 'F', 0, '2015-07-07 11:54:35', '2'),
(1231, '17965', '8', 'I', 0, '2015-07-07 12:15:44', '2'),
(1232, '17966', '8', 'B', 0, '2015-07-07 04:18:56', '2'),
(1233, '17967', '8', 'H', 0, '2015-07-07 12:08:12', '2'),
(1234, '17968', '8', 'D', 0, '2015-07-07 11:34:35', '2'),
(1235, '17969', '8', 'G', 0, '2015-07-07 12:03:28', '2'),
(1236, '17970', '8', 'D', 0, '2015-07-07 11:35:29', '2'),
(1237, '17971', '8', 'G', 0, '2015-07-07 12:04:02', '2'),
(1238, '17972', '8', 'I', 0, '2015-07-07 12:17:53', '2'),
(1239, '17973', '8', 'B', 0, '2015-07-07 04:20:23', '2'),
(1240, '17974', '8', 'F', 0, '2015-07-07 11:56:13', '2'),
(1241, '17975', '8', 'I', 0, '2015-07-07 12:21:24', '2'),
(1242, '17976', '8', 'A', 0, '2015-07-07 04:03:40', '2'),
(1243, '17977', '8', 'B', 0, '2015-07-07 04:24:08', '2'),
(1244, '17978', '8', 'H', 0, '2015-07-07 12:12:38', '2'),
(1245, '17979', '8', 'G', 0, '2015-07-07 12:05:48', '2'),
(1246, '17980', '8', 'H', 0, '2015-07-07 12:13:10', '2'),
(1247, '17981', '8', 'B', 0, '2015-07-07 04:27:00', '2'),
(1248, '17982', '8', 'F', 0, '2015-07-07 11:58:26', '2'),
(1249, '17983', '8', 'E', 0, '2015-07-07 11:39:25', '2'),
(1250, '17984', '8', 'B', 0, '2015-07-07 04:06:45', '2'),
(1251, '17985', '8', 'A', 0, '2015-07-07 03:58:23', '2'),
(1252, '17986', '8', 'G', 0, '2015-07-07 12:01:01', '2'),
(1253, '17987', '8', 'F', 0, '2015-07-07 11:49:22', '2'),
(1254, '17988', '8', 'A', 0, '2015-07-07 04:00:00', '2'),
(1255, '17989', '8', 'B', 0, '2015-07-07 04:18:37', '2'),
(1256, '17990', '8', 'G', 0, '2015-07-07 12:01:38', '2'),
(1257, '17991', '8', 'E', 0, '2015-07-07 11:41:04', '2'),
(1258, '17992', '8', 'F', 0, '2015-07-07 11:55:03', '2'),
(1259, '17993', '8', 'I', 0, '2015-07-07 12:16:00', '2'),
(1260, '17994', '8', 'E', 0, '2015-07-07 11:41:20', '2'),
(1261, '17995', '8', 'E', 0, '2015-07-07 11:41:29', '2'),
(1262, '17996', '8', 'G', 0, '2015-07-07 12:02:39', '2'),
(1263, '17997', '8', 'I', 0, '2015-07-07 12:16:11', '2'),
(1264, '17998', '8', 'B', 0, '2015-07-07 04:19:21', '2'),
(1265, '17999', '8', 'H', 0, '2015-07-07 12:09:26', '2'),
(1266, '18000', '8', 'B', 0, '2015-07-07 04:19:45', '2'),
(1267, '18001', '8', 'I', 0, '2015-07-07 12:17:13', '2'),
(1268, '18002', '8', 'E', 0, '2015-07-07 11:43:05', '2'),
(1269, '18003', '8', 'E', 0, '2015-07-07 11:43:45', '2'),
(1270, '18004', '8', 'G', 0, '2015-07-07 12:04:14', '2'),
(1271, '18005', '8', 'H', 0, '2015-07-07 12:10:23', '2'),
(1272, '18006', '8', 'A', 0, '2015-07-07 04:03:01', '2'),
(1273, '18007', '8', 'C', 0, '2015-07-07 09:32:08', '2'),
(1274, '18008', '8', 'F', 0, '2015-07-07 11:57:03', '2'),
(1275, '18009', '8', 'H', 0, '2015-07-07 12:11:15', '2'),
(1276, '18010', '8', 'I', 0, '2015-07-07 12:21:55', '2'),
(1277, '18011', '8', 'H', 0, '2015-07-07 12:11:33', '2'),
(1278, '18012', '8', 'F', 0, '2015-07-07 11:57:25', '2'),
(1279, '18013', '8', 'A', 0, '2015-07-07 04:03:54', '2'),
(1280, '18014', '8', 'C', 0, '2015-07-07 09:33:01', '2'),
(1281, '18015', '8', 'G', 0, '2015-07-07 11:59:47', '2'),
(1282, '18016', '8', 'D', 0, '2015-07-07 11:32:35', '2'),
(1283, '18017', '8', 'H', 0, '2015-07-07 12:07:14', '2'),
(1284, '18018', '8', 'B', 0, '2015-07-07 04:17:46', '2'),
(1285, '18019', '8', 'H', 0, '2015-07-26 15:30:37', '2'),
(1286, '18020', '8', 'I', 0, '2015-07-07 12:15:22', '2'),
(1287, '18021', '8', 'A', 0, '2015-07-07 03:58:43', '2'),
(1288, '18022', '8', 'A', 0, '2015-07-07 03:59:16', '2'),
(1289, '18023', '8', 'B', 0, '2015-07-07 04:18:26', '2'),
(1290, '18024', '8', 'C', 0, '2015-07-07 08:32:22', '2'),
(1291, '18025', '8', 'G', 0, '2015-07-07 12:01:30', '2'),
(1292, '18026', '8', 'C', 0, '2015-07-07 08:32:48', '2'),
(1293, '18027', '8', 'F', 0, '2015-07-07 11:54:49', '2'),
(1294, '18028', '8', 'F', 0, '2015-07-07 11:55:14', '2'),
(1295, '18029', '8', 'C', 0, '2015-07-07 08:33:28', '2'),
(1296, '18030', '8', 'H', 0, '2015-07-07 12:09:06', '2'),
(1297, '18032', '8', 'B', 0, '2015-07-07 04:19:59', '2'),
(1298, '18033', '8', 'H', 0, '2015-07-07 12:09:39', '2'),
(1299, '18034', '8', 'A', 0, '2015-07-07 04:02:04', '2'),
(1300, '18035', '8', 'H', 0, '2015-07-07 12:10:10', '2'),
(1301, '18036', '8', 'D', 0, '2015-07-07 11:36:08', '2'),
(1302, '18037', '8', 'A', 0, '2015-07-07 04:03:12', '2'),
(1303, '18038', '8', 'C', 0, '2015-07-07 09:31:40', '2'),
(1304, '18039', '8', 'D', 0, '2015-07-07 11:37:19', '2'),
(1305, '18040', '8', 'F', 0, '2015-07-07 11:57:13', '2'),
(1306, '18041', '8', 'I', 0, '2015-07-07 12:21:41', '2'),
(1307, '18042', '8', 'B', 0, '2015-07-07 04:23:58', '2'),
(1308, '18043', '8', 'I', 0, '2015-07-07 12:22:42', '2'),
(1309, '18044', '8', 'G', 0, '2015-07-07 12:05:30', '2'),
(1310, '18045', '8', 'B', 0, '2015-07-07 04:24:33', '2'),
(1311, '18046', '8', 'F', 0, '2015-07-07 11:57:44', '2'),
(1312, '18047', '8', 'D', 0, '2015-07-07 11:32:15', '2'),
(1313, '18048', '8', 'G', 0, '2015-07-07 11:59:35', '2'),
(1314, '18049', '8', 'G', 0, '2015-07-07 11:59:54', '2'),
(1315, '18050', '8', 'H', 0, '2015-07-07 12:07:01', '2'),
(1316, '18051', '8', 'G', 0, '2015-07-07 12:00:18', '2'),
(1317, '18052', '8', 'C', 0, '2015-07-07 08:31:58', '2'),
(1318, '18053', '8', 'B', 0, '2015-07-07 04:18:19', '2'),
(1319, '18054', '8', 'E', 0, '2015-07-07 11:40:18', '2'),
(1320, '18055', '8', 'A', 0, '2015-07-07 03:59:48', '2'),
(1321, '18056', '8', 'B', 0, '2015-07-07 04:19:10', '2'),
(1322, '18057', '8', 'E', 0, '2015-07-07 11:41:57', '2'),
(1323, '18058', '8', 'A', 0, '2015-07-07 04:00:58', '2'),
(1324, '18059', '8', 'H', 0, '2015-07-07 12:09:16', '2'),
(1325, '18060', '8', 'C', 0, '2015-07-07 08:34:13', '2'),
(1326, '18061', '8', 'B', 0, '2015-07-07 04:19:29', '2'),
(1327, '18062', '8', 'I', 0, '2015-07-07 12:16:32', '2'),
(1328, '18063', '8', 'I', 0, '2015-07-07 12:16:44', '2'),
(1329, '18064', '8', 'D', 0, '2015-07-07 11:35:10', '2'),
(1330, '18065', '8', 'I', 0, '2015-07-07 12:17:24', '2'),
(1331, '18066', '8', 'I', 0, '2015-07-07 12:17:39', '2'),
(1332, '18067', '8', 'D', 0, '2015-07-07 11:35:43', '2'),
(1333, '18068', '8', 'C', 0, '2015-07-07 09:31:23', '2'),
(1334, '18069', '8', 'A', 0, '2015-07-07 04:02:39', '2'),
(1335, '18070', '8', 'D', 0, '2015-07-07 11:36:00', '2'),
(1336, '18071', '8', 'I', 0, '2015-07-07 12:21:16', '2'),
(1337, '18072', '8', 'E', 0, '2015-07-07 11:44:08', '2'),
(1338, '18073', '8', 'G', 0, '2015-07-07 12:04:29', '2'),
(1339, '18074', '8', 'B', 0, '2015-07-07 04:23:23', '2'),
(1340, '18075', '8', 'E', 0, '2015-07-07 11:44:28', '2'),
(1341, '18076', '8', 'H', 0, '2015-07-07 12:12:15', '2'),
(1342, '18077', '8', 'H', 0, '2015-07-07 12:12:25', '2'),
(1343, '18078', '8', 'H', 0, '2015-07-07 12:13:21', '2'),
(1344, '18079', '8', 'E', 0, '2015-07-07 11:39:00', '2'),
(1345, '18080', '8', 'F', 0, '2015-07-07 11:45:28', '2'),
(1346, '18081', '8', 'A', 0, '2015-07-07 03:57:00', '2'),
(1347, '18082', '8', 'H', 0, '2015-07-07 12:06:37', '2'),
(1348, '18083', '8', 'I', 0, '2015-07-07 12:14:09', '2'),
(1349, '18084', '8', 'D', 0, '2015-07-07 11:32:44', '2'),
(1350, '18085', '8', 'D', 0, '2015-07-07 11:32:52', '2'),
(1351, '18086', '8', 'I', 0, '2015-07-07 12:14:44', '2'),
(1352, '18087', '8', 'D', 0, '2015-07-07 11:33:03', '2'),
(1353, '18088', '8', 'F', 0, '2015-07-07 11:49:14', '2'),
(1354, '18089', '8', 'B', 0, '2015-07-07 04:18:02', '2'),
(1355, '18090', '8', 'E', 0, '2015-07-07 11:41:12', '2'),
(1356, '18091', '8', 'I', 0, '2015-07-26 15:32:35', '2'),
(1357, '18092', '8', 'B', 0, '2015-07-07 04:18:45', '2'),
(1358, '18093', '8', 'F', 0, '2015-07-07 11:55:41', '2'),
(1359, '18094', '8', 'C', 0, '2015-07-07 11:31:36', '2'),
(1360, '18095', '8', 'A', 0, '2015-07-07 04:01:35', '2'),
(1361, '18096', '8', 'E', 0, '2015-07-07 11:42:05', '2'),
(1362, '18097', '8', 'D', 0, '2015-07-07 11:34:42', '2'),
(1363, '18098', '8', 'B', 0, '2015-07-07 04:20:11', '2'),
(1364, '18099', '8', 'E', 0, '2015-07-07 11:43:53', '2'),
(1365, '18100', '8', 'A', 0, '2015-07-07 04:02:50', '2'),
(1366, '18101', '8', 'A', 0, '2015-07-07 04:03:29', '2'),
(1367, '18103', '8', 'B', 0, '2015-07-07 04:23:50', '2'),
(1368, '18104', '8', 'C', 0, '2015-07-07 09:32:42', '2'),
(1369, '18105', '8', 'I', 0, '2015-07-07 12:22:54', '2'),
(1370, '18106', '8', 'H', 0, '2015-07-07 12:12:03', '2'),
(1371, '18107', '8', 'C', 0, '2015-07-07 09:33:10', '2'),
(1372, '18108', '8', 'F', 0, '2015-07-07 11:58:08', '2'),
(1373, '18109', '8', 'H', 0, '2015-07-07 12:13:29', '2'),
(1374, '18110', '8', 'I', 0, '2015-07-07 12:23:23', '2'),
(1375, '18111', '8', 'B', 0, '2015-07-07 04:17:12', '2'),
(1376, '18112', '8', 'G', 0, '2015-07-07 12:00:28', '2'),
(1377, '18113', '8', 'E', 0, '2015-07-07 11:40:04', '2'),
(1378, '18114', '8', 'B', 0, '2015-07-07 04:17:54', '2'),
(1379, '18115', '8', 'A', 0, '2015-07-07 03:58:55', '2'),
(1380, '18116', '8', 'G', 0, '2015-07-07 12:01:12', '2'),
(1381, '18117', '8', 'B', 0, '2015-07-07 04:18:10', '2'),
(1382, '18118', '8', 'F', 0, '2015-07-07 11:55:23', '2'),
(1383, '18119', '8', 'C', 0, '2015-07-07 08:33:47', '2'),
(1384, '18120', '8', 'D', 0, '2015-07-07 11:34:24', '2'),
(1385, '18121', '8', 'C', 0, '2015-07-07 09:30:13', '2'),
(1386, '18122', '8', 'F', 0, '2015-07-07 11:55:52', '2'),
(1387, '18123', '8', 'I', 0, '2015-07-07 12:17:02', '2'),
(1388, '18124', '8', 'D', 0, '2015-07-07 11:34:52', '2'),
(1389, '18125', '8', 'E', 0, '2015-07-07 11:42:41', '2'),
(1390, '18126', '8', 'C', 0, '2015-07-07 09:31:55', '2'),
(1391, '18127', '8', 'D', 0, '2015-07-07 11:36:45', '2'),
(1392, '18128', '8', 'F', 0, '2015-07-07 11:56:42', '2'),
(1393, '18129', '8', 'I', 0, '2015-07-07 12:21:33', '2'),
(1394, '18130', '8', 'E', 0, '2015-07-07 11:44:36', '2'),
(1395, '18131', '8', 'I', 0, '2015-07-07 12:23:02', '2'),
(1396, '18132', '8', 'I', 0, '2015-07-07 12:22:33', '2'),
(1397, '18133', '8', 'G', 0, '2015-07-07 12:04:59', '2'),
(1398, '18134', '8', 'B', 0, '2015-07-07 04:24:20', '2'),
(1399, '18135', '8', 'G', 0, '2015-07-07 12:05:10', '2'),
(1400, '18136', '8', 'I', 0, '2015-07-07 12:23:10', '2'),
(1401, '18137', '8', 'G', 0, '2015-07-07 12:05:39', '2'),
(1402, '18138', '8', 'D', 0, '2015-07-07 11:37:50', '2'),
(1403, '18139', '8', 'F', 0, '2015-07-07 11:57:55', '2'),
(1404, '18140', '8', 'A', 0, '2015-07-07 04:04:16', '2'),
(1405, '18141', '8', 'F', 0, '2015-07-07 11:58:45', '2'),
(1406, '18142', '8', 'A', 0, '2015-07-07 04:04:24', '2'),
(1407, '18143', '8', 'C', 0, '2015-07-07 08:31:30', '2'),
(1408, '18144', '8', 'F', 0, '2015-07-07 11:46:24', '2'),
(1409, '18145', '8', 'E', 0, '2015-07-07 11:39:38', '2'),
(1410, '18146', '8', 'B', 0, '2015-07-07 04:17:28', '2'),
(1411, '18147', '8', 'B', 0, '2015-07-07 04:17:38', '2'),
(1412, '18148', '8', 'A', 0, '2015-07-07 03:57:49', '2'),
(1413, '18149', '8', 'H', 0, '2015-07-07 12:07:42', '2'),
(1414, '18150', '8', 'D', 0, '2015-07-07 11:33:13', '2'),
(1415, '18151', '8', 'F', 0, '2015-07-07 11:48:59', '2'),
(1416, '18152', '8', 'E', 0, '2015-07-07 11:40:38', '2'),
(1417, '18153', '8', 'E', 0, '2015-07-07 11:40:47', '2'),
(1418, '18154', '8', 'D', 0, '2015-07-07 11:33:56', '2'),
(1419, '18155', '8', 'G', 0, '2015-07-07 12:01:58', '2'),
(1420, '18156', '8', 'G', 0, '2015-07-07 12:02:46', '2'),
(1421, '18157', '8', 'H', 0, '2015-07-07 12:08:21', '2'),
(1422, '18158', '8', 'F', 0, '2015-07-07 11:55:33', '2'),
(1423, '18159', '8', 'G', 0, '2015-07-07 12:03:03', '2'),
(1424, '18160', '8', 'C', 0, '2015-07-07 09:31:10', '2'),
(1425, '18161', '8', 'G', 0, '2015-07-07 12:03:49', '2'),
(1426, '18162', '8', 'A', 0, '2015-07-07 04:02:28', '2'),
(1427, '18163', '8', 'E', 0, '2015-07-07 11:43:27', '2'),
(1428, '18164', '8', 'F', 0, '2015-07-07 11:56:03', '2'),
(1429, '18165', '8', 'B', 0, '2015-07-07 04:20:33', '2'),
(1430, '18166', '8', 'A', 0, '2015-07-07 04:03:20', '2'),
(1431, '18167', '8', 'H', 0, '2015-07-07 12:10:36', '2'),
(1432, '18168', '8', 'D', 0, '2015-07-07 11:36:36', '2'),
(1433, '18169', '8', 'H', 0, '2015-07-07 12:11:03', '2'),
(1434, '18170', '8', 'E', 0, '2015-07-07 11:44:16', '2'),
(1435, '18171', '8', 'B', 0, '2015-07-07 04:23:41', '2'),
(1436, '18172', '8', 'G', 0, '2015-07-07 12:04:47', '2'),
(1437, '18173', '8', 'H', 0, '2015-07-07 12:11:46', '2'),
(1438, '18174', '8', 'A', 0, '2015-07-07 04:04:05', '2'),
(1439, '18175', '8', 'G', 0, '2015-07-07 12:02:53', '2'),
(1441, '18177', '7', 'A', 1, '0000-00-00 00:00:00', '2'),
(1442, '18178', '7', 'A', 1, '0000-00-00 00:00:00', '2'),
(1443, '18179', '7', 'A', 1, '0000-00-00 00:00:00', '2'),
(1444, '18180', '7', 'A', 1, '0000-00-00 00:00:00', '2'),
(1445, '18181', '7', 'A', 1, '0000-00-00 00:00:00', '2'),
(1446, '18182', '7', 'A', 1, '0000-00-00 00:00:00', '2'),
(1447, '18183', '7', 'A', 1, '0000-00-00 00:00:00', '2'),
(1448, '18184', '7', 'A', 1, '0000-00-00 00:00:00', '2'),
(1449, '18185', '7', 'A', 1, '0000-00-00 00:00:00', '2'),
(1450, '18186', '7', 'A', 1, '0000-00-00 00:00:00', '2'),
(1451, '18187', '7', 'A', 1, '0000-00-00 00:00:00', '2'),
(1452, '18188', '7', 'A', 1, '0000-00-00 00:00:00', '2'),
(1453, '18189', '7', 'A', 1, '0000-00-00 00:00:00', '2'),
(1454, '18190', '7', 'A', 1, '0000-00-00 00:00:00', '2'),
(1455, '18191', '7', 'A', 1, '0000-00-00 00:00:00', '2'),
(1456, '18192', '7', 'A', 1, '0000-00-00 00:00:00', '2'),
(1457, '18193', '7', 'A', 1, '0000-00-00 00:00:00', '2'),
(1458, '18194', '7', 'A', 1, '0000-00-00 00:00:00', '2'),
(1459, '18195', '7', 'A', 1, '0000-00-00 00:00:00', '2'),
(1460, '18196', '7', 'A', 1, '0000-00-00 00:00:00', '2'),
(1461, '18197', '7', 'A', 1, '0000-00-00 00:00:00', '2'),
(1462, '18198', '7', 'A', 1, '0000-00-00 00:00:00', '2'),
(1463, '18199', '7', 'A', 1, '0000-00-00 00:00:00', '2'),
(1464, '18200', '7', 'A', 1, '0000-00-00 00:00:00', '2'),
(1465, '18201', '7', 'A', 1, '0000-00-00 00:00:00', '2'),
(1466, '18202', '7', 'A', 1, '0000-00-00 00:00:00', '2'),
(1467, '18203', '7', 'A', 1, '0000-00-00 00:00:00', '2'),
(1468, '18204', '7', 'A', 1, '0000-00-00 00:00:00', '2'),
(1469, '18205', '7', 'A', 0, '2015-07-28 08:43:11', '2'),
(1470, '18206', '7', 'A', 0, '2015-07-28 08:43:52', '2'),
(1471, '18207', '7', 'A', 0, '2015-07-28 08:44:45', '2'),
(1472, '18208', '7', 'B', 1, '0000-00-00 00:00:00', '2'),
(1473, '18209', '7', 'B', 1, '0000-00-00 00:00:00', '2'),
(1474, '18210', '7', 'B', 1, '0000-00-00 00:00:00', '2'),
(1475, '18211', '7', 'B', 1, '0000-00-00 00:00:00', '2'),
(1476, '18212', '7', 'B', 1, '0000-00-00 00:00:00', '2'),
(1477, '18213', '7', 'B', 1, '0000-00-00 00:00:00', '2'),
(1478, '18214', '7', 'B', 1, '0000-00-00 00:00:00', '2'),
(1479, '18215', '7', 'B', 1, '0000-00-00 00:00:00', '2'),
(1480, '18216', '7', 'B', 1, '0000-00-00 00:00:00', '2'),
(1481, '18217', '7', 'B', 1, '0000-00-00 00:00:00', '2'),
(1482, '18218', '7', 'B', 1, '0000-00-00 00:00:00', '2'),
(1483, '18219', '7', 'B', 1, '0000-00-00 00:00:00', '2'),
(1484, '18220', '7', 'B', 1, '0000-00-00 00:00:00', '2'),
(1485, '18221', '7', 'B', 1, '0000-00-00 00:00:00', '2'),
(1486, '18222', '7', 'B', 1, '0000-00-00 00:00:00', '2'),
(1487, '18223', '7', 'B', 1, '0000-00-00 00:00:00', '2'),
(1488, '18224', '7', 'B', 1, '0000-00-00 00:00:00', '2'),
(1489, '18225', '7', 'B', 1, '0000-00-00 00:00:00', '2'),
(1490, '18226', '7', 'B', 1, '0000-00-00 00:00:00', '2'),
(1491, '18227', '7', 'B', 1, '0000-00-00 00:00:00', '2'),
(1492, '18228', '7', 'B', 1, '0000-00-00 00:00:00', '2'),
(1493, '18229', '7', 'B', 1, '0000-00-00 00:00:00', '2'),
(1494, '18230', '7', 'B', 1, '0000-00-00 00:00:00', '2'),
(1495, '18231', '7', 'B', 1, '0000-00-00 00:00:00', '2'),
(1496, '18232', '7', 'B', 1, '0000-00-00 00:00:00', '2'),
(1497, '18233', '7', 'B', 1, '0000-00-00 00:00:00', '2'),
(1498, '18234', '7', 'B', 1, '0000-00-00 00:00:00', '2'),
(1499, '18235', '7', 'B', 1, '0000-00-00 00:00:00', '2'),
(1500, '18236', '7', 'B', 1, '0000-00-00 00:00:00', '2'),
(1501, '18237', '7', 'B', 1, '0000-00-00 00:00:00', '2'),
(1502, '18238', '7', 'B', 0, '2015-07-28 08:39:36', '2'),
(1503, '18239', '7', 'B', 0, '2015-07-28 08:42:23', '2'),
(1504, '18240', '7', 'C', 1, '0000-00-00 00:00:00', '2'),
(1505, '18241', '7', 'C', 1, '0000-00-00 00:00:00', '2'),
(1506, '18242', '7', 'C', 1, '0000-00-00 00:00:00', '2'),
(1507, '18243', '7', 'C', 1, '0000-00-00 00:00:00', '2'),
(1508, '18244', '7', 'C', 1, '0000-00-00 00:00:00', '2'),
(1509, '18245', '7', 'C', 1, '0000-00-00 00:00:00', '2'),
(1510, '18246', '7', 'C', 1, '0000-00-00 00:00:00', '2'),
(1511, '18247', '7', 'C', 1, '0000-00-00 00:00:00', '2'),
(1512, '18248', '7', 'C', 1, '0000-00-00 00:00:00', '2'),
(1513, '18249', '7', 'C', 1, '0000-00-00 00:00:00', '2'),
(1514, '18250', '7', 'C', 1, '0000-00-00 00:00:00', '2'),
(1515, '18251', '7', 'C', 1, '0000-00-00 00:00:00', '2'),
(1516, '18252', '7', 'C', 1, '0000-00-00 00:00:00', '2'),
(1517, '18253', '7', 'C', 1, '0000-00-00 00:00:00', '2'),
(1518, '18254', '7', 'C', 1, '0000-00-00 00:00:00', '2'),
(1519, '18255', '7', 'C', 1, '0000-00-00 00:00:00', '2'),
(1520, '18256', '7', 'C', 1, '0000-00-00 00:00:00', '2'),
(1521, '18257', '7', 'C', 1, '0000-00-00 00:00:00', '2'),
(1522, '18258', '7', 'C', 1, '0000-00-00 00:00:00', '2'),
(1523, '18259', '7', 'C', 1, '0000-00-00 00:00:00', '2'),
(1524, '18260', '7', 'C', 1, '0000-00-00 00:00:00', '2'),
(1525, '18261', '7', 'C', 1, '0000-00-00 00:00:00', '2'),
(1526, '18262', '7', 'C', 1, '0000-00-00 00:00:00', '2'),
(1527, '18263', '7', 'C', 1, '0000-00-00 00:00:00', '2'),
(1528, '18264', '7', 'C', 1, '0000-00-00 00:00:00', '2'),
(1529, '18265', '7', 'C', 1, '0000-00-00 00:00:00', '2'),
(1530, '18266', '7', 'C', 1, '0000-00-00 00:00:00', '2'),
(1531, '18267', '7', 'C', 1, '0000-00-00 00:00:00', '2'),
(1532, '18268', '7', 'C', 1, '0000-00-00 00:00:00', '2'),
(1533, '18269', '7', 'C', 1, '0000-00-00 00:00:00', '2'),
(1534, '18270', '7', 'C', 1, '0000-00-00 00:00:00', '2'),
(1535, '18271', '7', 'C', 1, '0000-00-00 00:00:00', '2'),
(1536, '18272', '7', 'D', 1, '0000-00-00 00:00:00', '2'),
(1537, '18273', '7', 'D', 1, '0000-00-00 00:00:00', '2'),
(1538, '18274', '7', 'D', 1, '0000-00-00 00:00:00', '2'),
(1539, '18275', '7', 'D', 1, '0000-00-00 00:00:00', '2'),
(1540, '18276', '7', 'D', 1, '0000-00-00 00:00:00', '2'),
(1541, '18277', '7', 'D', 1, '0000-00-00 00:00:00', '2'),
(1542, '18278', '7', 'D', 1, '0000-00-00 00:00:00', '2'),
(1543, '18279', '7', 'D', 1, '0000-00-00 00:00:00', '2'),
(1544, '18280', '7', 'D', 1, '0000-00-00 00:00:00', '2'),
(1545, '18281', '7', 'D', 1, '0000-00-00 00:00:00', '2'),
(1546, '18282', '7', 'D', 1, '0000-00-00 00:00:00', '2'),
(1547, '18283', '7', 'D', 1, '0000-00-00 00:00:00', '2'),
(1548, '18284', '7', 'D', 1, '0000-00-00 00:00:00', '2'),
(1549, '18285', '7', 'D', 1, '0000-00-00 00:00:00', '2'),
(1550, '18286', '7', 'D', 1, '0000-00-00 00:00:00', '2'),
(1551, '18287', '7', 'D', 1, '0000-00-00 00:00:00', '2'),
(1552, '18288', '7', 'D', 1, '0000-00-00 00:00:00', '2'),
(1553, '18289', '7', 'D', 1, '0000-00-00 00:00:00', '2'),
(1554, '18290', '7', 'D', 1, '0000-00-00 00:00:00', '2'),
(1555, '18291', '7', 'D', 1, '0000-00-00 00:00:00', '2'),
(1556, '18292', '7', 'D', 1, '0000-00-00 00:00:00', '2'),
(1557, '18293', '7', 'D', 1, '0000-00-00 00:00:00', '2'),
(1558, '18294', '7', 'D', 1, '0000-00-00 00:00:00', '2'),
(1559, '18295', '7', 'D', 1, '0000-00-00 00:00:00', '2'),
(1560, '18296', '7', 'D', 1, '0000-00-00 00:00:00', '2'),
(1561, '18297', '7', 'D', 1, '0000-00-00 00:00:00', '2'),
(1562, '18298', '7', 'D', 1, '0000-00-00 00:00:00', '2'),
(1563, '18299', '7', 'D', 1, '0000-00-00 00:00:00', '2'),
(1564, '18300', '7', 'D', 1, '0000-00-00 00:00:00', '2'),
(1565, '18301', '7', 'D', 1, '0000-00-00 00:00:00', '2'),
(1566, '18302', '7', 'D', 0, '2015-07-28 08:31:59', '2'),
(1567, '18303', '7', 'D', 0, '2015-07-28 08:32:13', '2'),
(1568, '18304', '7', 'E', 0, '2015-07-28 08:31:24', '2'),
(1569, '18305', '7', 'E', 0, '2015-07-28 08:31:40', '2'),
(1570, '18306', '7', 'E', 1, '0000-00-00 00:00:00', '2'),
(1571, '18307', '7', 'E', 1, '0000-00-00 00:00:00', '2'),
(1572, '18308', '7', 'E', 1, '0000-00-00 00:00:00', '2'),
(1573, '18309', '7', 'E', 1, '0000-00-00 00:00:00', '2'),
(1574, '18310', '7', 'E', 1, '0000-00-00 00:00:00', '2'),
(1575, '18311', '7', 'E', 1, '0000-00-00 00:00:00', '2'),
(1576, '18312', '7', 'E', 1, '0000-00-00 00:00:00', '2'),
(1577, '18313', '7', 'E', 1, '0000-00-00 00:00:00', '2'),
(1578, '18314', '7', 'E', 1, '0000-00-00 00:00:00', '2'),
(1579, '18315', '7', 'E', 1, '0000-00-00 00:00:00', '2'),
(1580, '18316', '7', 'E', 1, '0000-00-00 00:00:00', '2'),
(1581, '18317', '7', 'E', 1, '0000-00-00 00:00:00', '2'),
(1582, '18318', '7', 'E', 1, '0000-00-00 00:00:00', '2'),
(1583, '18319', '7', 'E', 1, '0000-00-00 00:00:00', '2'),
(1584, '18320', '7', 'E', 1, '0000-00-00 00:00:00', '2'),
(1585, '18321', '7', 'E', 1, '0000-00-00 00:00:00', '2'),
(1586, '18322', '7', 'E', 1, '0000-00-00 00:00:00', '2'),
(1587, '18323', '7', 'E', 1, '0000-00-00 00:00:00', '2'),
(1588, '18324', '7', 'E', 1, '0000-00-00 00:00:00', '2'),
(1589, '18325', '7', 'E', 1, '0000-00-00 00:00:00', '2'),
(1590, '18326', '7', 'E', 1, '0000-00-00 00:00:00', '2'),
(1591, '18327', '7', 'E', 1, '0000-00-00 00:00:00', '2'),
(1592, '18328', '7', 'E', 1, '0000-00-00 00:00:00', '2'),
(1593, '18329', '7', 'E', 1, '0000-00-00 00:00:00', '2'),
(1594, '18330', '7', 'E', 1, '0000-00-00 00:00:00', '2'),
(1595, '18331', '7', 'E', 1, '0000-00-00 00:00:00', '2'),
(1596, '18332', '7', 'E', 1, '0000-00-00 00:00:00', '2'),
(1597, '18333', '7', 'E', 1, '0000-00-00 00:00:00', '2'),
(1598, '18334', '7', 'E', 1, '0000-00-00 00:00:00', '2'),
(1599, '18335', '7', 'E', 1, '0000-00-00 00:00:00', '2'),
(1600, '18336', '7', 'F', 0, '2015-07-28 08:31:08', '2'),
(1601, '18337', '7', 'F', 1, '0000-00-00 00:00:00', '2'),
(1602, '18338', '7', 'F', 1, '0000-00-00 00:00:00', '2'),
(1603, '18339', '7', 'F', 1, '0000-00-00 00:00:00', '2'),
(1604, '18340', '7', 'F', 1, '0000-00-00 00:00:00', '2'),
(1605, '18341', '7', 'F', 1, '0000-00-00 00:00:00', '2'),
(1606, '18342', '7', 'F', 1, '0000-00-00 00:00:00', '2'),
(1607, '18343', '7', 'F', 1, '0000-00-00 00:00:00', '2'),
(1608, '18344', '7', 'F', 1, '0000-00-00 00:00:00', '2'),
(1609, '18345', '7', 'F', 1, '0000-00-00 00:00:00', '2'),
(1610, '18346', '7', 'F', 1, '0000-00-00 00:00:00', '2'),
(1611, '18347', '7', 'F', 1, '0000-00-00 00:00:00', '2'),
(1612, '18348', '7', 'F', 1, '0000-00-00 00:00:00', '2'),
(1613, '18349', '7', 'F', 1, '0000-00-00 00:00:00', '2'),
(1614, '18350', '7', 'F', 1, '0000-00-00 00:00:00', '2'),
(1615, '18351', '7', 'F', 1, '0000-00-00 00:00:00', '2'),
(1616, '18352', '7', 'F', 1, '0000-00-00 00:00:00', '2'),
(1617, '18353', '7', 'F', 1, '0000-00-00 00:00:00', '2'),
(1618, '18354', '7', 'F', 1, '0000-00-00 00:00:00', '2'),
(1619, '18355', '7', 'F', 1, '0000-00-00 00:00:00', '2'),
(1620, '18356', '7', 'F', 1, '0000-00-00 00:00:00', '2'),
(1621, '18357', '7', 'F', 1, '0000-00-00 00:00:00', '2'),
(1622, '18358', '7', 'F', 1, '0000-00-00 00:00:00', '2'),
(1623, '18359', '7', 'F', 1, '0000-00-00 00:00:00', '2'),
(1624, '18360', '7', 'F', 1, '0000-00-00 00:00:00', '2'),
(1625, '18361', '7', 'F', 1, '0000-00-00 00:00:00', '2'),
(1626, '18362', '7', 'F', 1, '0000-00-00 00:00:00', '2'),
(1627, '18363', '7', 'F', 1, '0000-00-00 00:00:00', '2'),
(1628, '18364', '7', 'F', 1, '0000-00-00 00:00:00', '2'),
(1629, '18365', '7', 'F', 1, '0000-00-00 00:00:00', '2'),
(1630, '18366', '7', 'F', 1, '0000-00-00 00:00:00', '2'),
(1631, '18367', '7', 'F', 1, '0000-00-00 00:00:00', '2'),
(1632, '18368', '7', 'G', 1, '0000-00-00 00:00:00', '2'),
(1633, '18369', '7', 'G', 1, '0000-00-00 00:00:00', '2'),
(1634, '18370', '7', 'G', 1, '0000-00-00 00:00:00', '2'),
(1635, '18371', '7', 'G', 1, '0000-00-00 00:00:00', '2'),
(1636, '18372', '7', 'G', 1, '0000-00-00 00:00:00', '2'),
(1637, '18373', '7', 'G', 1, '0000-00-00 00:00:00', '2'),
(1638, '18374', '7', 'G', 1, '0000-00-00 00:00:00', '2'),
(1639, '18376', '7', 'G', 1, '0000-00-00 00:00:00', '2'),
(1640, '18377', '7', 'G', 1, '0000-00-00 00:00:00', '2'),
(1641, '18378', '7', 'G', 1, '0000-00-00 00:00:00', '2'),
(1642, '18379', '7', 'G', 1, '0000-00-00 00:00:00', '2'),
(1643, '18380', '7', 'G', 1, '0000-00-00 00:00:00', '2'),
(1644, '18381', '7', 'G', 1, '0000-00-00 00:00:00', '2'),
(1645, '18382', '7', 'G', 1, '0000-00-00 00:00:00', '2'),
(1646, '18383', '7', 'G', 1, '0000-00-00 00:00:00', '2'),
(1647, '18384', '7', 'G', 1, '0000-00-00 00:00:00', '2'),
(1648, '18385', '7', 'G', 1, '0000-00-00 00:00:00', '2'),
(1649, '18386', '7', 'G', 1, '0000-00-00 00:00:00', '2'),
(1650, '18387', '7', 'G', 1, '0000-00-00 00:00:00', '2'),
(1651, '18388', '7', 'G', 1, '0000-00-00 00:00:00', '2'),
(1652, '18389', '7', 'G', 1, '0000-00-00 00:00:00', '2'),
(1653, '18390', '7', 'G', 1, '0000-00-00 00:00:00', '2'),
(1654, '18391', '7', 'G', 1, '0000-00-00 00:00:00', '2'),
(1655, '18392', '7', 'G', 1, '0000-00-00 00:00:00', '2'),
(1656, '18393', '7', 'G', 1, '0000-00-00 00:00:00', '2'),
(1657, '18394', '7', 'G', 1, '0000-00-00 00:00:00', '2'),
(1658, '18395', '7', 'G', 1, '0000-00-00 00:00:00', '2'),
(1659, '18396', '7', 'G', 1, '0000-00-00 00:00:00', '2'),
(1660, '18397', '7', 'G', 1, '0000-00-00 00:00:00', '2'),
(1661, '18398', '7', 'G', 1, '0000-00-00 00:00:00', '2'),
(1662, '18399', '7', 'G', 1, '0000-00-00 00:00:00', '2'),
(1663, '18400', '7', 'H', 0, '2015-07-28 08:29:08', '2'),
(1664, '18401', '7', 'H', 0, '2015-07-28 08:29:20', '2'),
(1665, '18402', '7', 'H', 1, '0000-00-00 00:00:00', '2'),
(1666, '18403', '7', 'H', 1, '0000-00-00 00:00:00', '2'),
(1667, '18404', '7', 'H', 1, '0000-00-00 00:00:00', '2'),
(1668, '18405', '7', 'H', 1, '0000-00-00 00:00:00', '2'),
(1669, '18406', '7', 'H', 1, '0000-00-00 00:00:00', '2'),
(1670, '18407', '7', 'H', 1, '0000-00-00 00:00:00', '2'),
(1671, '18408', '7', 'H', 1, '0000-00-00 00:00:00', '2'),
(1672, '18409', '7', 'H', 1, '0000-00-00 00:00:00', '2'),
(1673, '18410', '7', 'H', 1, '0000-00-00 00:00:00', '2'),
(1674, '18411', '7', 'H', 1, '0000-00-00 00:00:00', '2'),
(1675, '18412', '7', 'H', 1, '0000-00-00 00:00:00', '2'),
(1676, '18413', '7', 'H', 1, '0000-00-00 00:00:00', '2'),
(1677, '18414', '7', 'H', 1, '0000-00-00 00:00:00', '2'),
(1678, '18415', '7', 'H', 1, '0000-00-00 00:00:00', '2'),
(1679, '18416', '7', 'H', 1, '0000-00-00 00:00:00', '2'),
(1680, '18417', '7', 'H', 1, '0000-00-00 00:00:00', '2'),
(1681, '18418', '7', 'H', 1, '0000-00-00 00:00:00', '2'),
(1682, '18419', '7', 'H', 1, '0000-00-00 00:00:00', '2'),
(1683, '18420', '7', 'H', 1, '0000-00-00 00:00:00', '2'),
(1684, '18421', '7', 'H', 1, '0000-00-00 00:00:00', '2'),
(1685, '18422', '7', 'H', 1, '0000-00-00 00:00:00', '2'),
(1686, '18423', '7', 'H', 1, '0000-00-00 00:00:00', '2'),
(1687, '18424', '7', 'H', 1, '0000-00-00 00:00:00', '2'),
(1688, '18425', '7', 'H', 1, '0000-00-00 00:00:00', '2'),
(1689, '18426', '7', 'H', 1, '0000-00-00 00:00:00', '2'),
(1690, '18427', '7', 'H', 1, '0000-00-00 00:00:00', '2'),
(1691, '18428', '7', 'H', 1, '0000-00-00 00:00:00', '2'),
(1692, '18429', '7', 'H', 1, '0000-00-00 00:00:00', '2'),
(1693, '18430', '7', 'H', 1, '0000-00-00 00:00:00', '2'),
(1694, '18431', '7', 'H', 1, '0000-00-00 00:00:00', '2'),
(1695, '18432', '7', 'I', 0, '2015-07-28 08:28:30', '2'),
(1696, '18433', '7', 'I', 0, '2015-07-28 08:28:50', '2'),
(1697, '18434', '7', 'I', 1, '0000-00-00 00:00:00', '2'),
(1698, '18435', '7', 'I', 1, '0000-00-00 00:00:00', '2'),
(1699, '18436', '7', 'I', 1, '0000-00-00 00:00:00', '2'),
(1700, '18437', '7', 'I', 1, '0000-00-00 00:00:00', '2'),
(1701, '18438', '7', 'I', 1, '0000-00-00 00:00:00', '2'),
(1702, '18439', '7', 'I', 1, '0000-00-00 00:00:00', '2'),
(1703, '18440', '7', 'I', 1, '0000-00-00 00:00:00', '2'),
(1704, '18441', '7', 'I', 1, '0000-00-00 00:00:00', '2'),
(1705, '18442', '7', 'I', 1, '0000-00-00 00:00:00', '2'),
(1706, '18443', '7', 'I', 1, '0000-00-00 00:00:00', '2'),
(1707, '18444', '7', 'I', 1, '0000-00-00 00:00:00', '2'),
(1708, '18445', '7', 'I', 1, '0000-00-00 00:00:00', '2'),
(1709, '18446', '7', 'I', 1, '0000-00-00 00:00:00', '2'),
(1710, '18447', '7', 'I', 1, '0000-00-00 00:00:00', '2'),
(1711, '18448', '7', 'I', 1, '0000-00-00 00:00:00', '2'),
(1712, '18449', '7', 'I', 1, '0000-00-00 00:00:00', '2'),
(1713, '18450', '7', 'I', 1, '0000-00-00 00:00:00', '2'),
(1714, '18451', '7', 'I', 1, '0000-00-00 00:00:00', '2'),
(1715, '18452', '7', 'I', 1, '0000-00-00 00:00:00', '2'),
(1716, '18453', '7', 'I', 1, '0000-00-00 00:00:00', '2'),
(1717, '18454', '7', 'I', 1, '0000-00-00 00:00:00', '2'),
(1718, '18455', '7', 'I', 1, '0000-00-00 00:00:00', '2'),
(1719, '18456', '7', 'I', 1, '0000-00-00 00:00:00', '2'),
(1720, '18457', '7', 'I', 1, '0000-00-00 00:00:00', '2'),
(1721, '18458', '7', 'I', 1, '0000-00-00 00:00:00', '2'),
(1722, '18459', '7', 'I', 1, '0000-00-00 00:00:00', '2'),
(1723, '18460', '7', 'I', 1, '0000-00-00 00:00:00', '2'),
(1724, '18461', '7', 'I', 1, '0000-00-00 00:00:00', '2'),
(1725, '18462', '7', 'I', 1, '0000-00-00 00:00:00', '2'),
(1726, '18463', '7', 'I', 1, '0000-00-00 00:00:00', '2'),
(1727, '18464', '8', 'F', 0, '2015-07-27 05:09:29', '2'),
(1728, '18465', '8', 'C', 0, '2015-07-29 04:58:01', '2'),
(1729, '18466', '8', 'G', 0, '2015-08-03 05:23:13', '2'),
(1730, '18467', '7', 'G', 0, '2015-08-22 01:04:24', '2'),
(1731, '18468', '9', 'I', 0, '2015-09-03 06:08:04', '2'),
(1732, '18469', '8', 'D', 0, '2015-11-26 08:57:55', '2'),
(1890, '18176', '7', 'A', 0, '2016-02-25 02:05:44', '2');

-- --------------------------------------------------------

--
-- Table structure for table `siswa_aktif_delete`
--

CREATE TABLE IF NOT EXISTS `siswa_aktif_delete` (
  `nis` varchar(10) NOT NULL,
  `kelas` varchar(5) NOT NULL,
  `subkelas` varchar(5) NOT NULL,
  `status` tinyint(4) NOT NULL,
  `timestamp` timestamp NULL DEFAULT CURRENT_TIMESTAMP,
  PRIMARY KEY (`nis`)
) ENGINE=InnoDB DEFAULT CHARSET=latin1;

--
-- Dumping data for table `siswa_aktif_delete`
--

INSERT INTO `siswa_aktif_delete` (`nis`, `kelas`, `subkelas`, `status`, `timestamp`) VALUES
('17852', '7', 'A', 0, '2015-07-04 22:13:26'),
('18208', '7', 'B', 0, '2015-07-04 23:56:49'),
('18209', '7', 'B', 0, '2015-07-04 23:56:55'),
('18210', '7', 'B', 0, '2015-07-04 23:56:59'),
('18211', '7', 'B', 0, '2015-07-04 23:57:06'),
('18213', '7', 'B', 0, '2015-07-04 23:57:09'),
('18214', '7', 'B', 0, '2015-07-04 23:57:11'),
('18215', '7', 'B', 0, '2015-07-04 23:57:14'),
('18216', '7', 'B', 0, '2015-07-04 23:57:17'),
('18217', '7', 'B', 0, '2015-07-04 23:57:19');

-- --------------------------------------------------------

--
-- Table structure for table `siswa_aktif_temp`
--

CREATE TABLE IF NOT EXISTS `siswa_aktif_temp` (
  `id` int(11) DEFAULT NULL,
  `nis` varchar(10) NOT NULL,
  `kelas` varchar(5) NOT NULL,
  `subkelas` varchar(5) NOT NULL,
  `status` tinyint(4) NOT NULL,
  `timestamp` timestamp NOT NULL DEFAULT CURRENT_TIMESTAMP,
  `semester` varchar(1) NOT NULL
) ENGINE=InnoDB DEFAULT CHARSET=latin1;

--
-- Dumping data for table `siswa_aktif_temp`
--

INSERT INTO `siswa_aktif_temp` (`id`, `nis`, `kelas`, `subkelas`, `status`, `timestamp`, `semester`) VALUES
(NULL, '17595', '9', 'E', 0, '2015-07-07 12:46:28', '2'),
(NULL, '17596', '9', 'C', 0, '2015-07-07 12:37:24', '2'),
(NULL, '17597', '9', 'D', 0, '2015-07-07 12:41:17', '2'),
(NULL, '17598', '9', 'D', 0, '2015-07-07 12:41:21', '2'),
(NULL, '17599', '9', 'D', 0, '2015-07-07 12:41:26', '2'),
(NULL, '17600', '9', 'D', 0, '2015-07-07 12:41:30', '2'),
(NULL, '17601', '9', 'A', 0, '2015-07-07 12:25:34', '2'),
(NULL, '17602', '9', 'B', 0, '2015-07-07 12:32:08', '2'),
(NULL, '17603', '9', 'E', 0, '2015-07-07 12:47:26', '2'),
(NULL, '17604', '9', 'D', 0, '2015-07-07 12:41:55', '2'),
(NULL, '17605', '9', 'D', 0, '2015-07-07 12:42:06', '2'),
(NULL, '17606', '9', 'D', 0, '2015-07-07 12:42:15', '2'),
(NULL, '17607', '9', 'D', 0, '2015-07-07 12:42:22', '2'),
(NULL, '17608', '9', 'D', 0, '2015-07-07 12:42:27', '2'),
(NULL, '17609', '9', 'I', 0, '2015-07-07 13:03:25', '2'),
(NULL, '17610', '9', 'G', 0, '2015-07-07 12:55:38', '2'),
(NULL, '17611', '9', 'E', 0, '2015-07-07 12:47:54', '2'),
(NULL, '17612', '9', 'I', 0, '2015-07-07 13:04:11', '2'),
(NULL, '17613', '9', 'D', 0, '2015-07-07 12:42:43', '2'),
(NULL, '17614', '9', 'D', 0, '2015-07-07 12:42:52', '2'),
(NULL, '17615', '9', 'D', 0, '2015-07-07 12:43:04', '2'),
(NULL, '17616', '9', 'D', 0, '2015-07-07 12:43:14', '2'),
(NULL, '17617', '9', 'I', 0, '2015-07-07 13:05:14', '2'),
(NULL, '17618', '9', 'D', 0, '2015-07-07 12:43:25', '2'),
(NULL, '17619', '9', 'D', 0, '2015-07-07 12:43:29', '2'),
(NULL, '17620', '9', 'G', 0, '2015-07-07 12:57:06', '2'),
(NULL, '17621', '9', 'B', 0, '2015-07-07 12:35:00', '2'),
(NULL, '17622', '9', 'E', 0, '2015-07-07 12:49:26', '2'),
(NULL, '17623', '9', 'D', 0, '2015-07-07 12:44:27', '2'),
(NULL, '17624', '9', 'I', 0, '2015-07-07 13:06:20', '2'),
(NULL, '17625', '9', 'F', 0, '2015-07-07 12:53:55', '2'),
(NULL, '17626', '9', 'B', 0, '2015-07-27 08:33:53', '2'),
(NULL, '17627', '9', 'C', 0, '2015-07-07 12:37:32', '2'),
(NULL, '17628', '9', 'E', 0, '2015-07-07 12:47:21', '2'),
(NULL, '17629', '9', 'F', 0, '2015-07-07 12:51:00', '2'),
(NULL, '17630', '9', 'A', 0, '2015-07-07 12:26:11', '2'),
(NULL, '17631', '9', 'D', 0, '2015-07-07 12:41:49', '2'),
(NULL, '17632', '9', 'H', 0, '2015-07-07 12:59:03', '2'),
(NULL, '17633', '9', 'A', 0, '2015-07-07 12:26:36', '2'),
(NULL, '17634', '9', 'D', 0, '2015-07-07 12:42:00', '2'),
(NULL, '17635', '9', 'A', 0, '2015-07-07 12:26:51', '2'),
(NULL, '17636', '9', 'H', 0, '2015-07-07 12:59:12', '2'),
(NULL, '17637', '9', 'F', 0, '2015-07-07 12:51:33', '2'),
(NULL, '17638', '9', 'A', 0, '2015-07-07 12:26:59', '2'),
(NULL, '17639', '9', 'E', 0, '2015-07-07 12:47:44', '2'),
(NULL, '17640', '9', 'D', 0, '2015-07-07 12:42:34', '2'),
(NULL, '17641', '9', 'G', 0, '2015-07-07 12:55:52', '2'),
(NULL, '17642', '9', 'H', 0, '2015-07-07 12:59:27', '2'),
(NULL, '17643', '9', 'G', 0, '2015-07-07 12:56:03', '2'),
(NULL, '17644', '9', 'G', 0, '2015-07-07 12:56:10', '2'),
(NULL, '17645', '9', 'C', 0, '2015-07-07 12:38:54', '2'),
(NULL, '17646', '9', 'G', 0, '2015-07-07 12:56:39', '2'),
(NULL, '17647', '9', 'H', 0, '2015-07-07 13:00:14', '2'),
(NULL, '17648', '9', 'A', 0, '2015-07-07 12:28:23', '2'),
(NULL, '17649', '9', 'B', 0, '2015-07-07 12:34:10', '2'),
(NULL, '17651', '9', 'H', 0, '2015-07-27 08:48:19', '2'),
(NULL, '17652', '9', 'A', 0, '2015-07-07 12:28:34', '2'),
(NULL, '17653', '9', 'D', 0, '2015-07-07 12:43:59', '2'),
(NULL, '17654', '9', 'G', 0, '2015-07-07 12:57:21', '2'),
(NULL, '17655', '9', 'C', 0, '2015-07-07 12:39:49', '2'),
(NULL, '17656', '9', 'C', 0, '2015-07-07 12:40:25', '2'),
(NULL, '17657', '9', 'F', 0, '2015-07-07 12:53:50', '2'),
(NULL, '17658', '9', 'G', 0, '2015-07-07 12:58:00', '2'),
(NULL, '17659', '9', 'C', 0, '2015-07-07 12:37:15', '2'),
(NULL, '17660', '9', 'C', 0, '2015-07-07 12:37:20', '2'),
(NULL, '17661', '9', 'E', 0, '2015-07-07 12:47:08', '2'),
(NULL, '17662', '9', 'C', 0, '2015-07-27 08:37:02', '2'),
(NULL, '17663', '9', 'H', 0, '2015-07-07 12:58:43', '2'),
(NULL, '17664', '9', 'A', 0, '2015-07-07 12:26:32', '2'),
(NULL, '17665', '9', 'D', 0, '2015-07-07 12:42:10', '2'),
(NULL, '17666', '9', 'C', 0, '2015-07-07 12:38:12', '2'),
(NULL, '17667', '9', 'C', 0, '2015-07-07 12:38:30', '2'),
(NULL, '17668', '9', 'A', 0, '2015-07-07 12:27:28', '2'),
(NULL, '17669', '9', 'F', 0, '2015-07-07 12:51:39', '2'),
(NULL, '17670', '9', 'F', 0, '2015-07-07 12:51:51', '2'),
(NULL, '17671', '9', 'F', 0, '2015-07-07 12:52:20', '2'),
(NULL, '17672', '9', 'D', 0, '2015-07-07 12:43:09', '2'),
(NULL, '17673', '9', 'B', 0, '2015-07-07 12:34:04', '2'),
(NULL, '17674', '9', 'I', 0, '2015-07-07 13:05:29', '2'),
(NULL, '17675', '9', 'E', 0, '2015-07-07 12:48:31', '2'),
(NULL, '17676', '9', 'F', 0, '2015-07-07 12:52:58', '2'),
(NULL, '17677', '9', 'E', 0, '2015-07-07 12:48:38', '2'),
(NULL, '17678', '9', 'I', 0, '2015-07-07 13:05:40', '2'),
(NULL, '17679', '9', 'C', 0, '2015-07-07 12:39:40', '2'),
(NULL, '17680', '9', 'H', 0, '2015-07-07 13:01:06', '2'),
(NULL, '17681', '9', 'G', 0, '2015-07-07 12:57:41', '2'),
(NULL, '17682', '9', 'A', 0, '2015-07-07 12:28:41', '2'),
(NULL, '17683', '9', 'F', 0, '2015-07-07 12:53:31', '2'),
(NULL, '17684', '9', 'F', 0, '2015-07-07 12:53:37', '2'),
(NULL, '17685', '9', 'E', 0, '2015-07-07 12:49:31', '2'),
(NULL, '17686', '9', 'B', 0, '2015-07-07 12:35:59', '2'),
(NULL, '17687', '9', 'E', 0, '2015-07-07 12:49:56', '2'),
(NULL, '17688', '9', 'F', 0, '2015-07-07 12:54:01', '2'),
(NULL, '17689', '9', 'C', 0, '2015-07-07 12:40:54', '2'),
(NULL, '17690', '9', 'A', 0, '2015-07-07 12:30:18', '2'),
(NULL, '17691', '9', 'I', 0, '2015-07-07 13:02:28', '2'),
(NULL, '17692', '9', 'C', 0, '2015-07-07 12:37:37', '2'),
(NULL, '17693', '9', 'A', 0, '2015-07-07 12:25:42', '2'),
(NULL, '17695', '9', 'F', 0, '2015-07-07 12:51:11', '2'),
(NULL, '17696', '9', 'C', 0, '2015-07-07 12:37:49', '2'),
(NULL, '17697', '9', 'D', 0, '2015-07-27 08:39:18', '2'),
(NULL, '17698', '9', 'G', 0, '2015-07-07 12:55:34', '2'),
(NULL, '17699', '9', 'E', 0, '2015-07-07 12:48:01', '2'),
(NULL, '17700', '9', 'C', 0, '2015-07-07 12:38:37', '2'),
(NULL, '17701', '9', 'H', 0, '2015-07-07 12:59:33', '2'),
(NULL, '17702', '9', 'I', 0, '2015-07-07 13:04:49', '2'),
(NULL, '17703', '9', 'B', 0, '2015-07-07 12:33:36', '2'),
(NULL, '17704', '9', 'B', 0, '2015-07-07 12:33:48', '2'),
(NULL, '17705', '9', 'C', 0, '2015-07-07 12:38:58', '2'),
(NULL, '17706', '9', 'C', 0, '2015-07-07 12:39:03', '2'),
(NULL, '17707', '9', 'F', 0, '2015-07-07 12:52:25', '2'),
(NULL, '17708', '9', 'H', 0, '2015-07-07 13:00:09', '2'),
(NULL, '17709', '9', 'G', 0, '2015-07-07 12:56:34', '2'),
(NULL, '17710', '9', 'B', 0, '2015-07-07 12:33:58', '2'),
(NULL, '17711', '9', 'E', 0, '2015-07-07 12:48:25', '2'),
(NULL, '17712', '9', 'C', 0, '2015-07-07 12:39:15', '2'),
(NULL, '17713', '9', 'I', 0, '2015-07-07 13:05:33', '2'),
(NULL, '17714', '9', 'B', 0, '2015-07-07 12:34:13', '2'),
(NULL, '17715', '9', 'H', 0, '2015-07-07 13:00:35', '2'),
(NULL, '17716', '9', 'H', 0, '2015-07-07 13:01:00', '2'),
(NULL, '17717', '9', 'H', 0, '2015-07-07 13:01:32', '2'),
(NULL, '17718', '9', 'A', 0, '2015-07-07 12:29:29', '2'),
(NULL, '17719', '9', 'B', 0, '2015-07-07 12:35:43', '2'),
(NULL, '17720', '9', 'I', 0, '2015-07-07 13:06:34', '2'),
(NULL, '17721', '9', 'G', 0, '2015-07-07 12:58:05', '2'),
(NULL, '17722', '9', 'H', 0, '2015-07-07 13:01:38', '2'),
(NULL, '17723', '9', 'F', 0, '2015-07-07 12:50:32', '2'),
(NULL, '17724', '9', 'A', 0, '2015-07-07 12:25:19', '2'),
(NULL, '17725', '9', 'B', 0, '2015-07-07 12:31:41', '2'),
(NULL, '17726', '9', 'G', 0, '2015-07-07 12:54:34', '2'),
(NULL, '17727', '9', 'B', 0, '2015-07-07 12:31:49', '2'),
(NULL, '17728', '9', 'D', 0, '2015-07-07 12:41:34', '2'),
(NULL, '17729', '9', 'H', 0, '2015-07-07 12:58:54', '2'),
(NULL, '17730', '9', 'G', 0, '2015-07-07 12:54:50', '2'),
(NULL, '17731', '9', 'E', 0, '2015-07-07 12:47:33', '2'),
(NULL, '17732', '9', 'H', 0, '2015-07-07 12:59:07', '2'),
(NULL, '17733', '9', 'F', 0, '2015-07-07 12:51:17', '2'),
(NULL, '17734', '9', 'E', 0, '2015-07-07 12:47:39', '2'),
(NULL, '17735', '9', 'I', 0, '2015-07-07 13:03:20', '2'),
(NULL, '17736', '9', 'C', 0, '2015-07-07 12:38:21', '2'),
(NULL, '17737', '9', 'G', 0, '2015-07-07 12:55:45', '2'),
(NULL, '17738', '9', 'B', 0, '2015-07-07 12:32:46', '2'),
(NULL, '17739', '9', 'F', 0, '2015-07-07 12:51:43', '2'),
(NULL, '17740', '9', 'F', 0, '2015-07-07 12:52:05', '2'),
(NULL, '17741', '9', 'G', 0, '2015-07-07 12:56:23', '2'),
(NULL, '17742', '9', 'B', 0, '2015-07-07 12:33:54', '2'),
(NULL, '17743', '9', 'A', 0, '2015-07-07 12:28:04', '2'),
(NULL, '17744', '9', 'C', 0, '2015-07-07 12:39:10', '2'),
(NULL, '17745', '9', 'F', 0, '2015-07-07 12:53:03', '2'),
(NULL, '17746', '9', 'E', 0, '2015-07-07 12:48:52', '2'),
(NULL, '17747', '9', 'F', 0, '2015-07-07 12:53:13', '2'),
(NULL, '17748', '9', 'H', 0, '2015-07-07 13:00:53', '2'),
(NULL, '17749', '9', 'A', 0, '2015-07-07 12:28:52', '2'),
(NULL, '17750', '9', 'E', 0, '2015-07-07 12:49:38', '2'),
(NULL, '17751', '9', 'F', 0, '2015-07-07 12:54:08', '2'),
(NULL, '17752', '9', 'B', 0, '2015-07-07 12:36:22', '2'),
(NULL, '17753', '9', 'H', 0, '2015-07-07 13:01:42', '2'),
(NULL, '17754', '9', 'E', 0, '2015-07-07 12:50:09', '2'),
(NULL, '17755', '9', 'F', 0, '2015-07-07 12:50:23', '2'),
(NULL, '17756', '9', 'E', 0, '2015-07-07 12:46:34', '2'),
(NULL, '17757', '9', 'I', 0, '2015-07-07 13:02:10', '2'),
(NULL, '17758', '9', 'I', 0, '2015-07-07 13:02:31', '2'),
(NULL, '17759', '9', 'G', 0, '2015-07-07 12:54:44', '2'),
(NULL, '17760', '9', 'A', 0, '2015-07-07 12:26:19', '2'),
(NULL, '17761', '9', 'A', 0, '2015-07-07 12:26:43', '2'),
(NULL, '17762', '9', 'G', 0, '2015-07-07 12:55:24', '2'),
(NULL, '17763', '9', 'G', 0, '2015-07-07 12:56:18', '2'),
(NULL, '17764', '9', 'E', 0, '2015-07-07 12:48:06', '2'),
(NULL, '17765', '9', 'H', 0, '2015-07-07 12:59:45', '2'),
(NULL, '17766', '9', 'F', 0, '2015-07-07 12:52:14', '2'),
(NULL, '17767', '9', 'B', 0, '2015-07-07 12:33:14', '2'),
(NULL, '17768', '9', 'C', 0, '2015-07-07 12:38:49', '2'),
(NULL, '17769', '9', 'H', 0, '2015-07-07 12:59:55', '2'),
(NULL, '17770', '9', 'E', 0, '2015-07-07 12:48:18', '2'),
(NULL, '17771', '9', 'H', 0, '2015-07-07 13:00:24', '2'),
(NULL, '17772', '9', 'I', 0, '2015-07-07 13:05:23', '2'),
(NULL, '17773', '9', 'A', 0, '2015-07-07 12:28:14', '2'),
(NULL, '17774', '9', 'E', 0, '2015-07-07 12:48:57', '2'),
(NULL, '17775', '9', 'G', 0, '2015-07-07 12:57:10', '2'),
(NULL, '17776', '9', 'G', 0, '2015-07-07 12:57:16', '2'),
(NULL, '17777', '9', 'D', 0, '2015-07-07 12:43:50', '2'),
(NULL, '17778', '9', 'I', 0, '2015-07-07 13:06:06', '2'),
(NULL, '17779', '9', 'G', 0, '2015-07-07 12:57:45', '2'),
(NULL, '17780', '9', 'I', 0, '2015-07-07 13:06:17', '2'),
(NULL, '17781', '9', 'C', 0, '2015-07-07 12:40:30', '2'),
(NULL, '17782', '9', 'I', 0, '2015-07-07 13:06:28', '2'),
(NULL, '17783', '9', 'D', 0, '2015-07-07 12:45:56', '2'),
(NULL, '17784', '9', 'E', 0, '2015-07-07 12:49:45', '2'),
(NULL, '17785', '9', 'B', 0, '2015-07-07 12:36:30', '2'),
(NULL, '17786', '9', 'B', 0, '2015-07-07 12:36:39', '2'),
(NULL, '17787', '9', 'F', 0, '2015-07-07 12:50:28', '2'),
(NULL, '17788', '9', 'I', 0, '2015-07-07 13:02:21', '2'),
(NULL, '17789', '9', 'I', 0, '2015-07-07 13:02:58', '2'),
(NULL, '17790', '9', 'C', 0, '2015-07-07 12:37:45', '2'),
(NULL, '17791', '9', 'G', 0, '2015-07-07 12:54:39', '2'),
(NULL, '17792', '9', 'A', 0, '2015-07-07 12:26:04', '2'),
(NULL, '17793', '9', 'F', 0, '2015-07-07 12:51:05', '2'),
(NULL, '17794', '9', 'A', 0, '2015-07-07 12:26:27', '2'),
(NULL, '17795', '9', 'C', 0, '2015-07-07 12:37:55', '2'),
(NULL, '17796', '9', 'B', 0, '2015-07-07 12:32:29', '2'),
(NULL, '17797', '9', 'I', 0, '2015-07-07 13:03:15', '2'),
(NULL, '17798', '9', 'A', 0, '2015-07-07 12:27:04', '2'),
(NULL, '17799', '9', 'H', 0, '2015-07-07 12:59:22', '2'),
(NULL, '17800', '9', 'A', 0, '2015-07-07 12:27:38', '2'),
(NULL, '17801', '9', 'B', 0, '2015-07-07 12:32:56', '2'),
(NULL, '17802', '9', 'C', 0, '2015-07-07 12:38:43', '2'),
(NULL, '17803', '9', 'G', 0, '2015-07-07 12:56:48', '2'),
(NULL, '17804', '9', 'B', 0, '2015-07-07 12:34:30', '2'),
(NULL, '17805', '9', 'B', 0, '2015-07-07 12:34:40', '2'),
(NULL, '17806', '9', 'H', 0, '2015-07-07 13:01:12', '2'),
(NULL, '17807', '9', 'H', 0, '2015-07-07 13:01:25', '2'),
(NULL, '17808', '9', 'B', 0, '2015-07-07 12:35:04', '2'),
(NULL, '17809', '9', 'F', 0, '2015-07-07 12:53:42', '2'),
(NULL, '17810', '9', 'A', 0, '2015-07-07 12:29:37', '2'),
(NULL, '17811', '9', 'C', 0, '2015-07-07 12:40:13', '2'),
(NULL, '17812', '9', 'D', 0, '2015-07-07 12:45:33', '2'),
(NULL, '17813', '9', 'B', 0, '2015-07-07 12:35:54', '2'),
(NULL, '17814', '9', 'A', 0, '2015-07-07 12:30:00', '2'),
(NULL, '17815', '9', 'C', 0, '2015-07-07 12:40:44', '2'),
(NULL, '17816', '9', 'E', 0, '2015-07-07 12:49:49', '2'),
(NULL, '17817', '9', 'H', 0, '2015-07-07 13:01:46', '2'),
(NULL, '17818', '9', 'E', 0, '2015-07-07 12:46:24', '2'),
(NULL, '17819', '9', 'H', 0, '2015-07-07 12:58:22', '2'),
(NULL, '17820', '9', 'B', 0, '2015-07-07 12:31:33', '2'),
(NULL, '17821', '9', 'I', 0, '2015-07-07 13:02:40', '2'),
(NULL, '17822', '9', 'H', 0, '2015-07-07 12:58:35', '2'),
(NULL, '17824', '9', 'G', 0, '2015-07-07 12:54:58', '2'),
(NULL, '17825', '9', 'D', 0, '2015-07-07 12:41:42', '2'),
(NULL, '17826', '9', 'H', 0, '2015-07-07 12:58:59', '2'),
(NULL, '17827', '9', 'G', 0, '2015-07-07 12:55:03', '2'),
(NULL, '17828', '9', 'G', 0, '2015-07-07 12:55:28', '2'),
(NULL, '17829', '9', 'H', 0, '2015-07-07 12:59:17', '2'),
(NULL, '17830', '9', 'I', 0, '2015-07-07 13:04:24', '2'),
(NULL, '17831', '9', 'I', 0, '2015-07-07 13:04:42', '2'),
(NULL, '17832', '9', 'I', 0, '2015-07-07 13:05:02', '2'),
(NULL, '17833', '9', 'H', 0, '2015-07-07 12:59:50', '2'),
(NULL, '17834', '9', 'E', 0, '2015-07-07 12:48:13', '2'),
(NULL, '17835', '9', 'F', 0, '2015-07-07 12:52:48', '2'),
(NULL, '17836', '9', 'G', 0, '2015-07-07 12:56:55', '2'),
(NULL, '17837', '9', 'E', 0, '2015-07-07 12:48:44', '2'),
(NULL, '17838', '9', 'F', 0, '2015-07-07 12:53:09', '2'),
(NULL, '17839', '9', 'C', 0, '2015-07-07 12:39:25', '2'),
(NULL, '17840', '9', 'F', 0, '2015-07-07 12:53:21', '2'),
(NULL, '17841', '9', 'I', 0, '2015-07-07 13:06:12', '2'),
(NULL, '17842', '9', 'B', 0, '2015-07-07 12:34:53', '2'),
(NULL, '17843', '9', 'H', 0, '2015-07-07 13:01:19', '2'),
(NULL, '17844', '9', 'B', 0, '2015-07-07 12:35:23', '2'),
(NULL, '17845', '9', 'B', 0, '2015-07-07 12:35:34', '2'),
(NULL, '17846', '9', 'A', 0, '2015-07-07 12:29:54', '2'),
(NULL, '17847', '9', 'D', 0, '2015-07-07 12:45:50', '2'),
(NULL, '17848', '9', 'C', 0, '2015-07-07 12:40:35', '2'),
(NULL, '17849', '9', 'G', 0, '2015-07-07 12:57:50', '2'),
(NULL, '17850', '9', 'G', 0, '2015-07-07 12:54:29', '2'),
(NULL, '17851', '9', 'F', 0, '2015-07-07 12:50:42', '2'),
(NULL, '17852', '9', 'F', 0, '2015-07-07 12:50:48', '2'),
(NULL, '17853', '9', 'E', 0, '2015-07-07 12:46:54', '2'),
(NULL, '17854', '9', 'A', 0, '2015-07-07 12:25:04', '2'),
(NULL, '17855', '9', 'I', 0, '2015-07-07 13:03:05', '2'),
(NULL, '17856', '9', 'B', 0, '2015-07-07 12:32:16', '2'),
(NULL, '17857', '9', 'I', 0, '2015-07-07 13:03:11', '2'),
(NULL, '17858', '9', 'C', 0, '2015-07-07 12:38:01', '2'),
(NULL, '17859', '9', 'F', 0, '2015-07-07 12:51:23', '2'),
(NULL, '17860', '9', 'E', 0, '2015-07-07 12:47:49', '2'),
(NULL, '17861', '9', 'I', 0, '2015-07-07 13:03:54', '2'),
(NULL, '17862', '9', 'G', 0, '2015-07-07 12:55:58', '2'),
(NULL, '17863', '9', 'A', 0, '2015-07-07 12:27:11', '2'),
(NULL, '17864', '9', 'A', 0, '2015-07-07 12:27:44', '2'),
(NULL, '17865', '9', 'A', 0, '2015-07-07 12:27:54', '2'),
(NULL, '17866', '9', 'H', 0, '2015-07-07 13:00:01', '2'),
(NULL, '17867', '9', 'F', 0, '2015-07-07 12:52:54', '2'),
(NULL, '17868', '9', 'D', 0, '2015-07-07 12:43:41', '2'),
(NULL, '17869', '9', 'I', 0, '2015-07-07 13:05:52', '2'),
(NULL, '17870', '9', 'E', 0, '2015-07-07 12:49:14', '2'),
(NULL, '17871', '9', 'E', 0, '2015-07-07 12:49:21', '2'),
(NULL, '17872', '9', 'G', 0, '2015-07-07 12:57:27', '2'),
(NULL, '17873', '9', 'D', 0, '2015-07-07 12:44:14', '2'),
(NULL, '17874', '9', 'D', 0, '2015-07-07 12:44:22', '2'),
(NULL, '17875', '9', 'A', 0, '2015-07-07 12:30:14', '2'),
(NULL, '17876', '9', 'C', 0, '2015-07-07 12:40:49', '2'),
(NULL, '17877', '9', 'B', 0, '2015-07-07 12:36:11', '2'),
(NULL, '17878', '9', 'I', 0, '2015-07-07 13:06:39', '2'),
(NULL, '17879', '9', 'B', 0, '2015-07-07 12:36:17', '2'),
(NULL, '17880', '9', 'E', 0, '2015-07-07 12:50:01', '2'),
(NULL, '17881', '9', 'H', 0, '2015-07-07 13:01:51', '2'),
(NULL, '17884', '9', 'C', 0, '2015-07-07 12:39:59', '2'),
(NULL, '17885', '9', 'A', 0, '2015-07-07 12:27:18', '2'),
(NULL, '17887', '8', 'E', 0, '2015-07-07 11:39:18', '2'),
(NULL, '17888', '8', 'C', 0, '2015-07-07 08:31:40', '2'),
(NULL, '17889', '8', 'F', 0, '2015-07-07 11:48:27', '2'),
(NULL, '17890', '8', 'G', 0, '2015-07-07 12:00:02', '2'),
(NULL, '17891', '8', 'H', 0, '2015-07-07 12:06:53', '2'),
(NULL, '17892', '8', 'A', 0, '2015-07-07 03:57:10', '2'),
(NULL, '17893', '8', 'F', 0, '2015-07-07 11:48:51', '2'),
(NULL, '17894', '8', 'I', 0, '2015-07-07 12:15:06', '2'),
(NULL, '17895', '8', 'G', 0, '2015-07-07 12:00:52', '2'),
(NULL, '17896', '8', 'C', 0, '2015-07-07 08:32:58', '2'),
(NULL, '17897', '8', 'C', 0, '2015-07-07 08:33:14', '2'),
(NULL, '17898', '8', 'G', 0, '2015-07-07 12:02:28', '2'),
(NULL, '17899', '8', 'A', 0, '2015-07-07 04:00:44', '2'),
(NULL, '17900', '8', 'D', 0, '2015-07-07 11:34:15', '2'),
(NULL, '17901', '8', 'C', 0, '2015-07-07 08:33:54', '2'),
(NULL, '17902', '8', 'C', 0, '2015-07-07 08:34:05', '2'),
(NULL, '17903', '8', 'C', 0, '2015-07-07 09:30:44', '2'),
(NULL, '17904', '8', 'C', 0, '2015-07-07 09:30:53', '2'),
(NULL, '17905', '8', 'H', 0, '2015-07-07 12:09:54', '2'),
(NULL, '17906', '8', 'B', 0, '2015-07-07 04:20:45', '2'),
(NULL, '17907', '8', 'H', 0, '2015-07-07 12:10:49', '2'),
(NULL, '17908', '8', 'C', 0, '2015-07-07 09:32:16', '2'),
(NULL, '17909', '8', 'C', 0, '2015-07-07 09:32:24', '2'),
(NULL, '17910', '8', 'I', 0, '2015-07-07 12:22:06', '2'),
(NULL, '17911', '8', 'E', 0, '2015-07-07 11:44:45', '2'),
(NULL, '17912', '8', 'C', 0, '2015-07-07 09:32:51', '2'),
(NULL, '17913', '8', 'B', 0, '2015-07-07 04:26:51', '2'),
(NULL, '17914', '8', 'E', 0, '2015-07-07 11:44:51', '2'),
(NULL, '17915', '8', 'C', 0, '2015-07-07 09:33:18', '2'),
(NULL, '17916', '8', 'B', 0, '2015-07-07 04:27:12', '2'),
(NULL, '17917', '8', 'F', 0, '2015-07-07 11:58:17', '2'),
(NULL, '17918', '8', 'D', 0, '2015-07-07 11:38:26', '2'),
(NULL, '17919', '8', 'G', 0, '2015-07-07 11:59:26', '2'),
(NULL, '17920', '8', 'A', 0, '2015-12-15 17:56:08', '2'),
(NULL, '17921', '8', 'H', 0, '2015-07-07 12:06:44', '2'),
(NULL, '17922', '8', 'I', 0, '2015-07-07 12:14:24', '2'),
(NULL, '17923', '8', 'C', 0, '2015-07-07 08:31:48', '2'),
(NULL, '17924', '8', 'E', 0, '2015-07-07 11:39:51', '2'),
(NULL, '17925', '8', 'C', 0, '2015-07-07 08:32:11', '2'),
(NULL, '17926', '8', 'I', 0, '2015-07-07 12:15:35', '2'),
(NULL, '17927', '8', 'G', 0, '2015-07-07 12:00:39', '2'),
(NULL, '17928', '8', 'F', 0, '2015-07-07 11:49:08', '2'),
(NULL, '17929', '8', 'D', 0, '2015-07-07 11:33:39', '2'),
(NULL, '17930', '8', 'E', 0, '2015-07-07 11:40:29', '2'),
(NULL, '17931', '8', 'A', 0, '2015-07-07 04:00:14', '2'),
(NULL, '17932', '8', 'H', 0, '2015-07-07 12:07:53', '2'),
(NULL, '17933', '8', 'F', 0, '2015-07-07 11:54:16', '2'),
(NULL, '17934', '8', 'D', 0, '2015-07-07 11:34:05', '2'),
(NULL, '17935', '8', 'A', 0, '2015-07-07 04:00:27', '2'),
(NULL, '17936', '8', 'C', 0, '2015-07-07 08:33:37', '2'),
(NULL, '17937', '8', 'I', 0, '2015-07-07 12:16:22', '2'),
(NULL, '17938', '8', 'A', 0, '2015-07-07 04:01:43', '2'),
(NULL, '17939', '8', 'E', 0, '2015-07-07 11:42:18', '2'),
(NULL, '17940', '8', 'D', 0, '2015-07-07 11:35:02', '2'),
(NULL, '17941', '8', 'E', 0, '2015-07-07 11:43:17', '2'),
(NULL, '17942', '8', 'D', 0, '2015-07-07 11:36:16', '2'),
(NULL, '17943', '8', 'D', 0, '2015-07-07 11:36:26', '2'),
(NULL, '17944', '8', 'I', 0, '2015-07-07 12:18:05', '2'),
(NULL, '17945', '8', 'G', 0, '2015-07-07 12:04:39', '2'),
(NULL, '17946', '8', 'F', 0, '2015-07-07 11:57:36', '2'),
(NULL, '17947', '8', 'D', 0, '2015-07-07 11:37:37', '2'),
(NULL, '17948', '8', 'H', 0, '2015-07-07 12:12:53', '2'),
(NULL, '17949', '8', 'D', 0, '2015-07-07 11:38:01', '2'),
(NULL, '17950', '8', 'D', 0, '2015-07-07 11:38:14', '2'),
(NULL, '17951', '8', 'E', 0, '2015-07-07 11:39:09', '2'),
(NULL, '17952', '8', 'I', 0, '2015-07-07 12:14:32', '2'),
(NULL, '17953', '8', 'D', 0, '2015-07-07 11:32:26', '2'),
(NULL, '17954', '8', 'A', 0, '2015-07-07 03:57:31', '2'),
(NULL, '17955', '8', 'H', 0, '2015-07-07 12:07:25', '2'),
(NULL, '17956', '8', 'E', 0, '2015-07-07 11:40:12', '2'),
(NULL, '17957', '8', 'A', 0, '2015-07-07 03:59:28', '2'),
(NULL, '17958', '8', 'A', 0, '2015-07-07 03:59:37', '2'),
(NULL, '17959', '8', 'G', 0, '2015-07-07 12:01:23', '2'),
(NULL, '17960', '8', 'C', 0, '2015-07-07 08:32:36', '2'),
(NULL, '17961', '8', 'D', 0, '2015-07-07 11:33:48', '2'),
(NULL, '17962', '8', 'E', 0, '2015-07-07 11:40:55', '2'),
(NULL, '17963', '8', 'F', 0, '2015-07-07 11:54:27', '2'),
(NULL, '17964', '8', 'F', 0, '2015-07-07 11:54:35', '2'),
(NULL, '17965', '8', 'I', 0, '2015-07-07 12:15:44', '2'),
(NULL, '17966', '8', 'B', 0, '2015-07-07 04:18:56', '2'),
(NULL, '17967', '8', 'H', 0, '2015-07-07 12:08:12', '2'),
(NULL, '17968', '8', 'D', 0, '2015-07-07 11:34:35', '2'),
(NULL, '17969', '8', 'G', 0, '2015-07-07 12:03:28', '2'),
(NULL, '17970', '8', 'D', 0, '2015-07-07 11:35:29', '2'),
(NULL, '17971', '8', 'G', 0, '2015-07-07 12:04:02', '2'),
(NULL, '17972', '8', 'I', 0, '2015-07-07 12:17:53', '2'),
(NULL, '17973', '8', 'B', 0, '2015-07-07 04:20:23', '2'),
(NULL, '17974', '8', 'F', 0, '2015-07-07 11:56:13', '2'),
(NULL, '17975', '8', 'I', 0, '2015-07-07 12:21:24', '2'),
(NULL, '17976', '8', 'A', 0, '2015-07-07 04:03:40', '2'),
(NULL, '17977', '8', 'B', 0, '2015-07-07 04:24:08', '2'),
(NULL, '17978', '8', 'H', 0, '2015-07-07 12:12:38', '2'),
(NULL, '17979', '8', 'G', 0, '2015-07-07 12:05:48', '2'),
(NULL, '17980', '8', 'H', 0, '2015-07-07 12:13:10', '2'),
(NULL, '17981', '8', 'B', 0, '2015-07-07 04:27:00', '2'),
(NULL, '17982', '8', 'F', 0, '2015-07-07 11:58:26', '2'),
(NULL, '17983', '8', 'E', 0, '2015-07-07 11:39:25', '2'),
(NULL, '17984', '8', 'B', 0, '2015-07-07 04:06:45', '2'),
(NULL, '17985', '8', 'A', 0, '2015-07-07 03:58:23', '2'),
(NULL, '17986', '8', 'G', 0, '2015-07-07 12:01:01', '2'),
(NULL, '17987', '8', 'F', 0, '2015-07-07 11:49:22', '2'),
(NULL, '17988', '8', 'A', 0, '2015-07-07 04:00:00', '2'),
(NULL, '17989', '8', 'B', 0, '2015-07-07 04:18:37', '2'),
(NULL, '17990', '8', 'G', 0, '2015-07-07 12:01:38', '2'),
(NULL, '17991', '8', 'E', 0, '2015-07-07 11:41:04', '2'),
(NULL, '17992', '8', 'F', 0, '2015-07-07 11:55:03', '2'),
(NULL, '17993', '8', 'I', 0, '2015-07-07 12:16:00', '2'),
(NULL, '17994', '8', 'E', 0, '2015-07-07 11:41:20', '2'),
(NULL, '17995', '8', 'E', 0, '2015-07-07 11:41:29', '2'),
(NULL, '17996', '8', 'G', 0, '2015-07-07 12:02:39', '2'),
(NULL, '17997', '8', 'I', 0, '2015-07-07 12:16:11', '2'),
(NULL, '17998', '8', 'B', 0, '2015-07-07 04:19:21', '2'),
(NULL, '17999', '8', 'H', 0, '2015-07-07 12:09:26', '2'),
(NULL, '18000', '8', 'B', 0, '2015-07-07 04:19:45', '2'),
(NULL, '18001', '8', 'I', 0, '2015-07-07 12:17:13', '2'),
(NULL, '18002', '8', 'E', 0, '2015-07-07 11:43:05', '2'),
(NULL, '18003', '8', 'E', 0, '2015-07-07 11:43:45', '2'),
(NULL, '18004', '8', 'G', 0, '2015-07-07 12:04:14', '2'),
(NULL, '18005', '8', 'H', 0, '2015-07-07 12:10:23', '2'),
(NULL, '18006', '8', 'A', 0, '2015-07-07 04:03:01', '2'),
(NULL, '18007', '8', 'C', 0, '2015-07-07 09:32:08', '2'),
(NULL, '18008', '8', 'F', 0, '2015-07-07 11:57:03', '2'),
(NULL, '18009', '8', 'H', 0, '2015-07-07 12:11:15', '2'),
(NULL, '18010', '8', 'I', 0, '2015-07-07 12:21:55', '2'),
(NULL, '18011', '8', 'H', 0, '2015-07-07 12:11:33', '2'),
(NULL, '18012', '8', 'F', 0, '2015-07-07 11:57:25', '2'),
(NULL, '18013', '8', 'A', 0, '2015-07-07 04:03:54', '2'),
(NULL, '18014', '8', 'C', 0, '2015-07-07 09:33:01', '2'),
(NULL, '18015', '8', 'G', 0, '2015-07-07 11:59:47', '2'),
(NULL, '18016', '8', 'D', 0, '2015-07-07 11:32:35', '2'),
(NULL, '18017', '8', 'H', 0, '2015-07-07 12:07:14', '2'),
(NULL, '18018', '8', 'B', 0, '2015-07-07 04:17:46', '2'),
(NULL, '18019', '8', 'H', 0, '2015-07-26 15:30:37', '2'),
(NULL, '18020', '8', 'I', 0, '2015-07-07 12:15:22', '2'),
(NULL, '18021', '8', 'A', 0, '2015-07-07 03:58:43', '2'),
(NULL, '18022', '8', 'A', 0, '2015-07-07 03:59:16', '2'),
(NULL, '18023', '8', 'B', 0, '2015-07-07 04:18:26', '2'),
(NULL, '18024', '8', 'C', 0, '2015-07-07 08:32:22', '2'),
(NULL, '18025', '8', 'G', 0, '2015-07-07 12:01:30', '2'),
(NULL, '18026', '8', 'C', 0, '2015-07-07 08:32:48', '2'),
(NULL, '18027', '8', 'F', 0, '2015-07-07 11:54:49', '2'),
(NULL, '18028', '8', 'F', 0, '2015-07-07 11:55:14', '2'),
(NULL, '18029', '8', 'C', 0, '2015-07-07 08:33:28', '2'),
(NULL, '18030', '8', 'H', 0, '2015-07-07 12:09:06', '2'),
(NULL, '18032', '8', 'B', 0, '2015-07-07 04:19:59', '2'),
(NULL, '18033', '8', 'H', 0, '2015-07-07 12:09:39', '2'),
(NULL, '18034', '8', 'A', 0, '2015-07-07 04:02:04', '2'),
(NULL, '18035', '8', 'H', 0, '2015-07-07 12:10:10', '2'),
(NULL, '18036', '8', 'D', 0, '2015-07-07 11:36:08', '2'),
(NULL, '18037', '8', 'A', 0, '2015-07-07 04:03:12', '2'),
(NULL, '18038', '8', 'C', 0, '2015-07-07 09:31:40', '2'),
(NULL, '18039', '8', 'D', 0, '2015-07-07 11:37:19', '2'),
(NULL, '18040', '8', 'F', 0, '2015-07-07 11:57:13', '2'),
(NULL, '18041', '8', 'I', 0, '2015-07-07 12:21:41', '2'),
(NULL, '18042', '8', 'B', 0, '2015-07-07 04:23:58', '2'),
(NULL, '18043', '8', 'I', 0, '2015-07-07 12:22:42', '2'),
(NULL, '18044', '8', 'G', 0, '2015-07-07 12:05:30', '2'),
(NULL, '18045', '8', 'B', 0, '2015-07-07 04:24:33', '2'),
(NULL, '18046', '8', 'F', 0, '2015-07-07 11:57:44', '2'),
(NULL, '18047', '8', 'D', 0, '2015-07-07 11:32:15', '2'),
(NULL, '18048', '8', 'G', 0, '2015-07-07 11:59:35', '2'),
(NULL, '18049', '8', 'G', 0, '2015-07-07 11:59:54', '2'),
(NULL, '18050', '8', 'H', 0, '2015-07-07 12:07:01', '2'),
(NULL, '18051', '8', 'G', 0, '2015-07-07 12:00:18', '2'),
(NULL, '18052', '8', 'C', 0, '2015-07-07 08:31:58', '2'),
(NULL, '18053', '8', 'B', 0, '2015-07-07 04:18:19', '2'),
(NULL, '18054', '8', 'E', 0, '2015-07-07 11:40:18', '2'),
(NULL, '18055', '8', 'A', 0, '2015-07-07 03:59:48', '2'),
(NULL, '18056', '8', 'B', 0, '2015-07-07 04:19:10', '2'),
(NULL, '18057', '8', 'E', 0, '2015-07-07 11:41:57', '2'),
(NULL, '18058', '8', 'A', 0, '2015-07-07 04:00:58', '2'),
(NULL, '18059', '8', 'H', 0, '2015-07-07 12:09:16', '2'),
(NULL, '18060', '8', 'C', 0, '2015-07-07 08:34:13', '2'),
(NULL, '18061', '8', 'B', 0, '2015-07-07 04:19:29', '2'),
(NULL, '18062', '8', 'I', 0, '2015-07-07 12:16:32', '2'),
(NULL, '18063', '8', 'I', 0, '2015-07-07 12:16:44', '2'),
(NULL, '18064', '8', 'D', 0, '2015-07-07 11:35:10', '2'),
(NULL, '18065', '8', 'I', 0, '2015-07-07 12:17:24', '2'),
(NULL, '18066', '8', 'I', 0, '2015-07-07 12:17:39', '2'),
(NULL, '18067', '8', 'D', 0, '2015-07-07 11:35:43', '2'),
(NULL, '18068', '8', 'C', 0, '2015-07-07 09:31:23', '2'),
(NULL, '18069', '8', 'A', 0, '2015-07-07 04:02:39', '2'),
(NULL, '18070', '8', 'D', 0, '2015-07-07 11:36:00', '2'),
(NULL, '18071', '8', 'I', 0, '2015-07-07 12:21:16', '2'),
(NULL, '18072', '8', 'E', 0, '2015-07-07 11:44:08', '2'),
(NULL, '18073', '8', 'G', 0, '2015-07-07 12:04:29', '2'),
(NULL, '18074', '8', 'B', 0, '2015-07-07 04:23:23', '2'),
(NULL, '18075', '8', 'E', 0, '2015-07-07 11:44:28', '2'),
(NULL, '18076', '8', 'H', 0, '2015-07-07 12:12:15', '2'),
(NULL, '18077', '8', 'H', 0, '2015-07-07 12:12:25', '2'),
(NULL, '18078', '8', 'H', 0, '2015-07-07 12:13:21', '2'),
(NULL, '18079', '8', 'E', 0, '2015-07-07 11:39:00', '2'),
(NULL, '18080', '8', 'F', 0, '2015-07-07 11:45:28', '2'),
(NULL, '18081', '8', 'A', 0, '2015-07-07 03:57:00', '2'),
(NULL, '18082', '8', 'H', 0, '2015-07-07 12:06:37', '2'),
(NULL, '18083', '8', 'I', 0, '2015-07-07 12:14:09', '2'),
(NULL, '18084', '8', 'D', 0, '2015-07-07 11:32:44', '2'),
(NULL, '18085', '8', 'D', 0, '2015-07-07 11:32:52', '2'),
(NULL, '18086', '8', 'I', 0, '2015-07-07 12:14:44', '2'),
(NULL, '18087', '8', 'D', 0, '2015-07-07 11:33:03', '2'),
(NULL, '18088', '8', 'F', 0, '2015-07-07 11:49:14', '2'),
(NULL, '18089', '8', 'B', 0, '2015-07-07 04:18:02', '2'),
(NULL, '18090', '8', 'E', 0, '2015-07-07 11:41:12', '2'),
(NULL, '18091', '8', 'I', 0, '2015-07-26 15:32:35', '2'),
(NULL, '18092', '8', 'B', 0, '2015-07-07 04:18:45', '2'),
(NULL, '18093', '8', 'F', 0, '2015-07-07 11:55:41', '2'),
(NULL, '18094', '8', 'C', 0, '2015-07-07 11:31:36', '2'),
(NULL, '18095', '8', 'A', 0, '2015-07-07 04:01:35', '2'),
(NULL, '18096', '8', 'E', 0, '2015-07-07 11:42:05', '2'),
(NULL, '18097', '8', 'D', 0, '2015-07-07 11:34:42', '2'),
(NULL, '18098', '8', 'B', 0, '2015-07-07 04:20:11', '2'),
(NULL, '18099', '8', 'E', 0, '2015-07-07 11:43:53', '2'),
(NULL, '18100', '8', 'A', 0, '2015-07-07 04:02:50', '2'),
(NULL, '18101', '8', 'A', 0, '2015-07-07 04:03:29', '2'),
(NULL, '18103', '8', 'B', 0, '2015-07-07 04:23:50', '2'),
(NULL, '18104', '8', 'C', 0, '2015-07-07 09:32:42', '2'),
(NULL, '18105', '8', 'I', 0, '2015-07-07 12:22:54', '2'),
(NULL, '18106', '8', 'H', 0, '2015-07-07 12:12:03', '2'),
(NULL, '18107', '8', 'C', 0, '2015-07-07 09:33:10', '2'),
(NULL, '18108', '8', 'F', 0, '2015-07-07 11:58:08', '2'),
(NULL, '18109', '8', 'H', 0, '2015-07-07 12:13:29', '2'),
(NULL, '18110', '8', 'I', 0, '2015-07-07 12:23:23', '2'),
(NULL, '18111', '8', 'B', 0, '2015-07-07 04:17:12', '2'),
(NULL, '18112', '8', 'G', 0, '2015-07-07 12:00:28', '2'),
(NULL, '18113', '8', 'E', 0, '2015-07-07 11:40:04', '2'),
(NULL, '18114', '8', 'B', 0, '2015-07-07 04:17:54', '2'),
(NULL, '18115', '8', 'A', 0, '2015-07-07 03:58:55', '2'),
(NULL, '18116', '8', 'G', 0, '2015-07-07 12:01:12', '2'),
(NULL, '18117', '8', 'B', 0, '2015-07-07 04:18:10', '2'),
(NULL, '18118', '8', 'F', 0, '2015-07-07 11:55:23', '2'),
(NULL, '18119', '8', 'C', 0, '2015-07-07 08:33:47', '2'),
(NULL, '18120', '8', 'D', 0, '2015-07-07 11:34:24', '2'),
(NULL, '18121', '8', 'C', 0, '2015-07-07 09:30:13', '2'),
(NULL, '18122', '8', 'F', 0, '2015-07-07 11:55:52', '2'),
(NULL, '18123', '8', 'I', 0, '2015-07-07 12:17:02', '2'),
(NULL, '18124', '8', 'D', 0, '2015-07-07 11:34:52', '2'),
(NULL, '18125', '8', 'E', 0, '2015-07-07 11:42:41', '2'),
(NULL, '18126', '8', 'C', 0, '2015-07-07 09:31:55', '2'),
(NULL, '18127', '8', 'D', 0, '2015-07-07 11:36:45', '2'),
(NULL, '18128', '8', 'F', 0, '2015-07-07 11:56:42', '2'),
(NULL, '18129', '8', 'I', 0, '2015-07-07 12:21:33', '2'),
(NULL, '18130', '8', 'E', 0, '2015-07-07 11:44:36', '2'),
(NULL, '18131', '8', 'I', 0, '2015-07-07 12:23:02', '2'),
(NULL, '18132', '8', 'I', 0, '2015-07-07 12:22:33', '2'),
(NULL, '18133', '8', 'G', 0, '2015-07-07 12:04:59', '2'),
(NULL, '18134', '8', 'B', 0, '2015-07-07 04:24:20', '2'),
(NULL, '18135', '8', 'G', 0, '2015-07-07 12:05:10', '2'),
(NULL, '18136', '8', 'I', 0, '2015-07-07 12:23:10', '2'),
(NULL, '18137', '8', 'G', 0, '2015-07-07 12:05:39', '2'),
(NULL, '18138', '8', 'D', 0, '2015-07-07 11:37:50', '2'),
(NULL, '18139', '8', 'F', 0, '2015-07-07 11:57:55', '2'),
(NULL, '18140', '8', 'A', 0, '2015-07-07 04:04:16', '2'),
(NULL, '18141', '8', 'F', 0, '2015-07-07 11:58:45', '2'),
(NULL, '18142', '8', 'A', 0, '2015-07-07 04:04:24', '2'),
(NULL, '18143', '8', 'C', 0, '2015-07-07 08:31:30', '2'),
(NULL, '18144', '8', 'F', 0, '2015-07-07 11:46:24', '2'),
(NULL, '18145', '8', 'E', 0, '2015-07-07 11:39:38', '2'),
(NULL, '18146', '8', 'B', 0, '2015-07-07 04:17:28', '2'),
(NULL, '18147', '8', 'B', 0, '2015-07-07 04:17:38', '2'),
(NULL, '18148', '8', 'A', 0, '2015-07-07 03:57:49', '2'),
(NULL, '18149', '8', 'H', 0, '2015-07-07 12:07:42', '2'),
(NULL, '18150', '8', 'D', 0, '2015-07-07 11:33:13', '2'),
(NULL, '18151', '8', 'F', 0, '2015-07-07 11:48:59', '2'),
(NULL, '18152', '8', 'E', 0, '2015-07-07 11:40:38', '2'),
(NULL, '18153', '8', 'E', 0, '2015-07-07 11:40:47', '2'),
(NULL, '18154', '8', 'D', 0, '2015-07-07 11:33:56', '2'),
(NULL, '18155', '8', 'G', 0, '2015-07-07 12:01:58', '2'),
(NULL, '18156', '8', 'G', 0, '2015-07-07 12:02:46', '2'),
(NULL, '18157', '8', 'H', 0, '2015-07-07 12:08:21', '2'),
(NULL, '18158', '8', 'F', 0, '2015-07-07 11:55:33', '2'),
(NULL, '18159', '8', 'G', 0, '2015-07-07 12:03:03', '2'),
(NULL, '18160', '8', 'C', 0, '2015-07-07 09:31:10', '2'),
(NULL, '18161', '8', 'G', 0, '2015-07-07 12:03:49', '2'),
(NULL, '18162', '8', 'A', 0, '2015-07-07 04:02:28', '2'),
(NULL, '18163', '8', 'E', 0, '2015-07-07 11:43:27', '2'),
(NULL, '18164', '8', 'F', 0, '2015-07-07 11:56:03', '2'),
(NULL, '18165', '8', 'B', 0, '2015-07-07 04:20:33', '2'),
(NULL, '18166', '8', 'A', 0, '2015-07-07 04:03:20', '2'),
(NULL, '18167', '8', 'H', 0, '2015-07-07 12:10:36', '2'),
(NULL, '18168', '8', 'D', 0, '2015-07-07 11:36:36', '2'),
(NULL, '18169', '8', 'H', 0, '2015-07-07 12:11:03', '2'),
(NULL, '18170', '8', 'E', 0, '2015-07-07 11:44:16', '2'),
(NULL, '18171', '8', 'B', 0, '2015-07-07 04:23:41', '2'),
(NULL, '18172', '8', 'G', 0, '2015-07-07 12:04:47', '2'),
(NULL, '18173', '8', 'H', 0, '2015-07-07 12:11:46', '2'),
(NULL, '18174', '8', 'A', 0, '2015-07-07 04:04:05', '2'),
(NULL, '18175', '8', 'G', 0, '2015-07-07 12:02:53', '2'),
(NULL, '18176', '7', 'A', 0, '2015-11-17 08:52:24', '2'),
(NULL, '18177', '7', 'A', 1, '0000-00-00 00:00:00', '2'),
(NULL, '18178', '7', 'A', 1, '0000-00-00 00:00:00', '2'),
(NULL, '18179', '7', 'A', 1, '0000-00-00 00:00:00', '2'),
(NULL, '18180', '7', 'A', 1, '0000-00-00 00:00:00', '2'),
(NULL, '18181', '7', 'A', 1, '0000-00-00 00:00:00', '2'),
(NULL, '18182', '7', 'A', 1, '0000-00-00 00:00:00', '2'),
(NULL, '18183', '7', 'A', 1, '0000-00-00 00:00:00', '2'),
(NULL, '18184', '7', 'A', 1, '0000-00-00 00:00:00', '2'),
(NULL, '18185', '7', 'A', 1, '0000-00-00 00:00:00', '2'),
(NULL, '18186', '7', 'A', 1, '0000-00-00 00:00:00', '2'),
(NULL, '18187', '7', 'A', 1, '0000-00-00 00:00:00', '2'),
(NULL, '18188', '7', 'A', 1, '0000-00-00 00:00:00', '2'),
(NULL, '18189', '7', 'A', 1, '0000-00-00 00:00:00', '2'),
(NULL, '18190', '7', 'A', 1, '0000-00-00 00:00:00', '2'),
(NULL, '18191', '7', 'A', 1, '0000-00-00 00:00:00', '2'),
(NULL, '18192', '7', 'A', 1, '0000-00-00 00:00:00', '2'),
(NULL, '18193', '7', 'A', 1, '0000-00-00 00:00:00', '2'),
(NULL, '18194', '7', 'A', 1, '0000-00-00 00:00:00', '2'),
(NULL, '18195', '7', 'A', 1, '0000-00-00 00:00:00', '2'),
(NULL, '18196', '7', 'A', 1, '0000-00-00 00:00:00', '2'),
(NULL, '18197', '7', 'A', 1, '0000-00-00 00:00:00', '2'),
(NULL, '18198', '7', 'A', 1, '0000-00-00 00:00:00', '2'),
(NULL, '18199', '7', 'A', 1, '0000-00-00 00:00:00', '2'),
(NULL, '18200', '7', 'A', 1, '0000-00-00 00:00:00', '2'),
(NULL, '18201', '7', 'A', 1, '0000-00-00 00:00:00', '2'),
(NULL, '18202', '7', 'A', 1, '0000-00-00 00:00:00', '2'),
(NULL, '18203', '7', 'A', 1, '0000-00-00 00:00:00', '2'),
(NULL, '18204', '7', 'A', 1, '0000-00-00 00:00:00', '2'),
(NULL, '18205', '7', 'A', 0, '2015-07-28 08:43:11', '2'),
(NULL, '18206', '7', 'A', 0, '2015-07-28 08:43:52', '2'),
(NULL, '18207', '7', 'A', 0, '2015-07-28 08:44:45', '2'),
(NULL, '18208', '7', 'B', 1, '0000-00-00 00:00:00', '2'),
(NULL, '18209', '7', 'B', 1, '0000-00-00 00:00:00', '2'),
(NULL, '18210', '7', 'B', 1, '0000-00-00 00:00:00', '2'),
(NULL, '18211', '7', 'B', 1, '0000-00-00 00:00:00', '2'),
(NULL, '18212', '7', 'B', 1, '0000-00-00 00:00:00', '2'),
(NULL, '18213', '7', 'B', 1, '0000-00-00 00:00:00', '2'),
(NULL, '18214', '7', 'B', 1, '0000-00-00 00:00:00', '2'),
(NULL, '18215', '7', 'B', 1, '0000-00-00 00:00:00', '2'),
(NULL, '18216', '7', 'B', 1, '0000-00-00 00:00:00', '2'),
(NULL, '18217', '7', 'B', 1, '0000-00-00 00:00:00', '2'),
(NULL, '18218', '7', 'B', 1, '0000-00-00 00:00:00', '2'),
(NULL, '18219', '7', 'B', 1, '0000-00-00 00:00:00', '2'),
(NULL, '18220', '7', 'B', 1, '0000-00-00 00:00:00', '2'),
(NULL, '18221', '7', 'B', 1, '0000-00-00 00:00:00', '2'),
(NULL, '18222', '7', 'B', 1, '0000-00-00 00:00:00', '2'),
(NULL, '18223', '7', 'B', 1, '0000-00-00 00:00:00', '2'),
(NULL, '18224', '7', 'B', 1, '0000-00-00 00:00:00', '2'),
(NULL, '18225', '7', 'B', 1, '0000-00-00 00:00:00', '2'),
(NULL, '18226', '7', 'B', 1, '0000-00-00 00:00:00', '2'),
(NULL, '18227', '7', 'B', 1, '0000-00-00 00:00:00', '2'),
(NULL, '18228', '7', 'B', 1, '0000-00-00 00:00:00', '2'),
(NULL, '18229', '7', 'B', 1, '0000-00-00 00:00:00', '2'),
(NULL, '18230', '7', 'B', 1, '0000-00-00 00:00:00', '2'),
(NULL, '18231', '7', 'B', 1, '0000-00-00 00:00:00', '2'),
(NULL, '18232', '7', 'B', 1, '0000-00-00 00:00:00', '2'),
(NULL, '18233', '7', 'B', 1, '0000-00-00 00:00:00', '2'),
(NULL, '18234', '7', 'B', 1, '0000-00-00 00:00:00', '2'),
(NULL, '18235', '7', 'B', 1, '0000-00-00 00:00:00', '2'),
(NULL, '18236', '7', 'B', 1, '0000-00-00 00:00:00', '2'),
(NULL, '18237', '7', 'B', 1, '0000-00-00 00:00:00', '2'),
(NULL, '18238', '7', 'B', 0, '2015-07-28 08:39:36', '2'),
(NULL, '18239', '7', 'B', 0, '2015-07-28 08:42:23', '2'),
(NULL, '18240', '7', 'C', 1, '0000-00-00 00:00:00', '2'),
(NULL, '18241', '7', 'C', 1, '0000-00-00 00:00:00', '2'),
(NULL, '18242', '7', 'C', 1, '0000-00-00 00:00:00', '2'),
(NULL, '18243', '7', 'C', 1, '0000-00-00 00:00:00', '2'),
(NULL, '18244', '7', 'C', 1, '0000-00-00 00:00:00', '2'),
(NULL, '18245', '7', 'C', 1, '0000-00-00 00:00:00', '2'),
(NULL, '18246', '7', 'C', 1, '0000-00-00 00:00:00', '2'),
(NULL, '18247', '7', 'C', 1, '0000-00-00 00:00:00', '2'),
(NULL, '18248', '7', 'C', 1, '0000-00-00 00:00:00', '2'),
(NULL, '18249', '7', 'C', 1, '0000-00-00 00:00:00', '2'),
(NULL, '18250', '7', 'C', 1, '0000-00-00 00:00:00', '2'),
(NULL, '18251', '7', 'C', 1, '0000-00-00 00:00:00', '2'),
(NULL, '18252', '7', 'C', 1, '0000-00-00 00:00:00', '2'),
(NULL, '18253', '7', 'C', 1, '0000-00-00 00:00:00', '2'),
(NULL, '18254', '7', 'C', 1, '0000-00-00 00:00:00', '2'),
(NULL, '18255', '7', 'C', 1, '0000-00-00 00:00:00', '2'),
(NULL, '18256', '7', 'C', 1, '0000-00-00 00:00:00', '2'),
(NULL, '18257', '7', 'C', 1, '0000-00-00 00:00:00', '2'),
(NULL, '18258', '7', 'C', 1, '0000-00-00 00:00:00', '2'),
(NULL, '18259', '7', 'C', 1, '0000-00-00 00:00:00', '2'),
(NULL, '18260', '7', 'C', 1, '0000-00-00 00:00:00', '2'),
(NULL, '18261', '7', 'C', 1, '0000-00-00 00:00:00', '2'),
(NULL, '18262', '7', 'C', 1, '0000-00-00 00:00:00', '2'),
(NULL, '18263', '7', 'C', 1, '0000-00-00 00:00:00', '2'),
(NULL, '18264', '7', 'C', 1, '0000-00-00 00:00:00', '2'),
(NULL, '18265', '7', 'C', 1, '0000-00-00 00:00:00', '2'),
(NULL, '18266', '7', 'C', 1, '0000-00-00 00:00:00', '2'),
(NULL, '18267', '7', 'C', 1, '0000-00-00 00:00:00', '2'),
(NULL, '18268', '7', 'C', 1, '0000-00-00 00:00:00', '2'),
(NULL, '18269', '7', 'C', 1, '0000-00-00 00:00:00', '2'),
(NULL, '18270', '7', 'C', 1, '0000-00-00 00:00:00', '2'),
(NULL, '18271', '7', 'C', 1, '0000-00-00 00:00:00', '2'),
(NULL, '18272', '7', 'D', 1, '0000-00-00 00:00:00', '2'),
(NULL, '18273', '7', 'D', 1, '0000-00-00 00:00:00', '2'),
(NULL, '18274', '7', 'D', 1, '0000-00-00 00:00:00', '2'),
(NULL, '18275', '7', 'D', 1, '0000-00-00 00:00:00', '2'),
(NULL, '18276', '7', 'D', 1, '0000-00-00 00:00:00', '2'),
(NULL, '18277', '7', 'D', 1, '0000-00-00 00:00:00', '2'),
(NULL, '18278', '7', 'D', 1, '0000-00-00 00:00:00', '2'),
(NULL, '18279', '7', 'D', 1, '0000-00-00 00:00:00', '2'),
(NULL, '18280', '7', 'D', 1, '0000-00-00 00:00:00', '2'),
(NULL, '18281', '7', 'D', 1, '0000-00-00 00:00:00', '2'),
(NULL, '18282', '7', 'D', 1, '0000-00-00 00:00:00', '2'),
(NULL, '18283', '7', 'D', 1, '0000-00-00 00:00:00', '2'),
(NULL, '18284', '7', 'D', 1, '0000-00-00 00:00:00', '2'),
(NULL, '18285', '7', 'D', 1, '0000-00-00 00:00:00', '2'),
(NULL, '18286', '7', 'D', 1, '0000-00-00 00:00:00', '2'),
(NULL, '18287', '7', 'D', 1, '0000-00-00 00:00:00', '2'),
(NULL, '18288', '7', 'D', 1, '0000-00-00 00:00:00', '2'),
(NULL, '18289', '7', 'D', 1, '0000-00-00 00:00:00', '2'),
(NULL, '18290', '7', 'D', 1, '0000-00-00 00:00:00', '2'),
(NULL, '18291', '7', 'D', 1, '0000-00-00 00:00:00', '2'),
(NULL, '18292', '7', 'D', 1, '0000-00-00 00:00:00', '2'),
(NULL, '18293', '7', 'D', 1, '0000-00-00 00:00:00', '2'),
(NULL, '18294', '7', 'D', 1, '0000-00-00 00:00:00', '2'),
(NULL, '18295', '7', 'D', 1, '0000-00-00 00:00:00', '2'),
(NULL, '18296', '7', 'D', 1, '0000-00-00 00:00:00', '2'),
(NULL, '18297', '7', 'D', 1, '0000-00-00 00:00:00', '2'),
(NULL, '18298', '7', 'D', 1, '0000-00-00 00:00:00', '2'),
(NULL, '18299', '7', 'D', 1, '0000-00-00 00:00:00', '2'),
(NULL, '18300', '7', 'D', 1, '0000-00-00 00:00:00', '2'),
(NULL, '18301', '7', 'D', 1, '0000-00-00 00:00:00', '2'),
(NULL, '18302', '7', 'D', 0, '2015-07-28 08:31:59', '2'),
(NULL, '18303', '7', 'D', 0, '2015-07-28 08:32:13', '2'),
(NULL, '18304', '7', 'E', 0, '2015-07-28 08:31:24', '2'),
(NULL, '18305', '7', 'E', 0, '2015-07-28 08:31:40', '2'),
(NULL, '18306', '7', 'E', 1, '0000-00-00 00:00:00', '2'),
(NULL, '18307', '7', 'E', 1, '0000-00-00 00:00:00', '2'),
(NULL, '18308', '7', 'E', 1, '0000-00-00 00:00:00', '2'),
(NULL, '18309', '7', 'E', 1, '0000-00-00 00:00:00', '2'),
(NULL, '18310', '7', 'E', 1, '0000-00-00 00:00:00', '2'),
(NULL, '18311', '7', 'E', 1, '0000-00-00 00:00:00', '2'),
(NULL, '18312', '7', 'E', 1, '0000-00-00 00:00:00', '2'),
(NULL, '18313', '7', 'E', 1, '0000-00-00 00:00:00', '2'),
(NULL, '18314', '7', 'E', 1, '0000-00-00 00:00:00', '2'),
(NULL, '18315', '7', 'E', 1, '0000-00-00 00:00:00', '2'),
(NULL, '18316', '7', 'E', 1, '0000-00-00 00:00:00', '2'),
(NULL, '18317', '7', 'E', 1, '0000-00-00 00:00:00', '2'),
(NULL, '18318', '7', 'E', 1, '0000-00-00 00:00:00', '2'),
(NULL, '18319', '7', 'E', 1, '0000-00-00 00:00:00', '2'),
(NULL, '18320', '7', 'E', 1, '0000-00-00 00:00:00', '2'),
(NULL, '18321', '7', 'E', 1, '0000-00-00 00:00:00', '2'),
(NULL, '18322', '7', 'E', 1, '0000-00-00 00:00:00', '2'),
(NULL, '18323', '7', 'E', 1, '0000-00-00 00:00:00', '2'),
(NULL, '18324', '7', 'E', 1, '0000-00-00 00:00:00', '2'),
(NULL, '18325', '7', 'E', 1, '0000-00-00 00:00:00', '2'),
(NULL, '18326', '7', 'E', 1, '0000-00-00 00:00:00', '2'),
(NULL, '18327', '7', 'E', 1, '0000-00-00 00:00:00', '2'),
(NULL, '18328', '7', 'E', 1, '0000-00-00 00:00:00', '2'),
(NULL, '18329', '7', 'E', 1, '0000-00-00 00:00:00', '2'),
(NULL, '18330', '7', 'E', 1, '0000-00-00 00:00:00', '2'),
(NULL, '18331', '7', 'E', 1, '0000-00-00 00:00:00', '2'),
(NULL, '18332', '7', 'E', 1, '0000-00-00 00:00:00', '2'),
(NULL, '18333', '7', 'E', 1, '0000-00-00 00:00:00', '2'),
(NULL, '18334', '7', 'E', 1, '0000-00-00 00:00:00', '2'),
(NULL, '18335', '7', 'E', 1, '0000-00-00 00:00:00', '2'),
(NULL, '18336', '7', 'F', 0, '2015-07-28 08:31:08', '2'),
(NULL, '18337', '7', 'F', 1, '0000-00-00 00:00:00', '2'),
(NULL, '18338', '7', 'F', 1, '0000-00-00 00:00:00', '2'),
(NULL, '18339', '7', 'F', 1, '0000-00-00 00:00:00', '2'),
(NULL, '18340', '7', 'F', 1, '0000-00-00 00:00:00', '2'),
(NULL, '18341', '7', 'F', 1, '0000-00-00 00:00:00', '2'),
(NULL, '18342', '7', 'F', 1, '0000-00-00 00:00:00', '2'),
(NULL, '18343', '7', 'F', 1, '0000-00-00 00:00:00', '2'),
(NULL, '18344', '7', 'F', 1, '0000-00-00 00:00:00', '2'),
(NULL, '18345', '7', 'F', 1, '0000-00-00 00:00:00', '2'),
(NULL, '18346', '7', 'F', 1, '0000-00-00 00:00:00', '2'),
(NULL, '18347', '7', 'F', 1, '0000-00-00 00:00:00', '2'),
(NULL, '18348', '7', 'F', 1, '0000-00-00 00:00:00', '2'),
(NULL, '18349', '7', 'F', 1, '0000-00-00 00:00:00', '2'),
(NULL, '18350', '7', 'F', 1, '0000-00-00 00:00:00', '2'),
(NULL, '18351', '7', 'F', 1, '0000-00-00 00:00:00', '2'),
(NULL, '18352', '7', 'F', 1, '0000-00-00 00:00:00', '2'),
(NULL, '18353', '7', 'F', 1, '0000-00-00 00:00:00', '2'),
(NULL, '18354', '7', 'F', 1, '0000-00-00 00:00:00', '2'),
(NULL, '18355', '7', 'F', 1, '0000-00-00 00:00:00', '2'),
(NULL, '18356', '7', 'F', 1, '0000-00-00 00:00:00', '2'),
(NULL, '18357', '7', 'F', 1, '0000-00-00 00:00:00', '2'),
(NULL, '18358', '7', 'F', 1, '0000-00-00 00:00:00', '2'),
(NULL, '18359', '7', 'F', 1, '0000-00-00 00:00:00', '2'),
(NULL, '18360', '7', 'F', 1, '0000-00-00 00:00:00', '2'),
(NULL, '18361', '7', 'F', 1, '0000-00-00 00:00:00', '2'),
(NULL, '18362', '7', 'F', 1, '0000-00-00 00:00:00', '2'),
(NULL, '18363', '7', 'F', 1, '0000-00-00 00:00:00', '2'),
(NULL, '18364', '7', 'F', 1, '0000-00-00 00:00:00', '2'),
(NULL, '18365', '7', 'F', 1, '0000-00-00 00:00:00', '2'),
(NULL, '18366', '7', 'F', 1, '0000-00-00 00:00:00', '2'),
(NULL, '18367', '7', 'F', 1, '0000-00-00 00:00:00', '2'),
(NULL, '18368', '7', 'G', 1, '0000-00-00 00:00:00', '2'),
(NULL, '18369', '7', 'G', 1, '0000-00-00 00:00:00', '2'),
(NULL, '18370', '7', 'G', 1, '0000-00-00 00:00:00', '2'),
(NULL, '18371', '7', 'G', 1, '0000-00-00 00:00:00', '2'),
(NULL, '18372', '7', 'G', 1, '0000-00-00 00:00:00', '2'),
(NULL, '18373', '7', 'G', 1, '0000-00-00 00:00:00', '2'),
(NULL, '18374', '7', 'G', 1, '0000-00-00 00:00:00', '2'),
(NULL, '18376', '7', 'G', 1, '0000-00-00 00:00:00', '2'),
(NULL, '18377', '7', 'G', 1, '0000-00-00 00:00:00', '2'),
(NULL, '18378', '7', 'G', 1, '0000-00-00 00:00:00', '2'),
(NULL, '18379', '7', 'G', 1, '0000-00-00 00:00:00', '2'),
(NULL, '18380', '7', 'G', 1, '0000-00-00 00:00:00', '2'),
(NULL, '18381', '7', 'G', 1, '0000-00-00 00:00:00', '2'),
(NULL, '18382', '7', 'G', 1, '0000-00-00 00:00:00', '2'),
(NULL, '18383', '7', 'G', 1, '0000-00-00 00:00:00', '2'),
(NULL, '18384', '7', 'G', 1, '0000-00-00 00:00:00', '2'),
(NULL, '18385', '7', 'G', 1, '0000-00-00 00:00:00', '2'),
(NULL, '18386', '7', 'G', 1, '0000-00-00 00:00:00', '2'),
(NULL, '18387', '7', 'G', 1, '0000-00-00 00:00:00', '2'),
(NULL, '18388', '7', 'G', 1, '0000-00-00 00:00:00', '2'),
(NULL, '18389', '7', 'G', 1, '0000-00-00 00:00:00', '2'),
(NULL, '18390', '7', 'G', 1, '0000-00-00 00:00:00', '2'),
(NULL, '18391', '7', 'G', 1, '0000-00-00 00:00:00', '2'),
(NULL, '18392', '7', 'G', 1, '0000-00-00 00:00:00', '2'),
(NULL, '18393', '7', 'G', 1, '0000-00-00 00:00:00', '2'),
(NULL, '18394', '7', 'G', 1, '0000-00-00 00:00:00', '2'),
(NULL, '18395', '7', 'G', 1, '0000-00-00 00:00:00', '2'),
(NULL, '18396', '7', 'G', 1, '0000-00-00 00:00:00', '2'),
(NULL, '18397', '7', 'G', 1, '0000-00-00 00:00:00', '2'),
(NULL, '18398', '7', 'G', 1, '0000-00-00 00:00:00', '2'),
(NULL, '18399', '7', 'G', 1, '0000-00-00 00:00:00', '2'),
(NULL, '18400', '7', 'H', 0, '2015-07-28 08:29:08', '2'),
(NULL, '18401', '7', 'H', 0, '2015-07-28 08:29:20', '2'),
(NULL, '18402', '7', 'H', 1, '0000-00-00 00:00:00', '2'),
(NULL, '18403', '7', 'H', 1, '0000-00-00 00:00:00', '2'),
(NULL, '18404', '7', 'H', 1, '0000-00-00 00:00:00', '2'),
(NULL, '18405', '7', 'H', 1, '0000-00-00 00:00:00', '2'),
(NULL, '18406', '7', 'H', 1, '0000-00-00 00:00:00', '2'),
(NULL, '18407', '7', 'H', 1, '0000-00-00 00:00:00', '2'),
(NULL, '18408', '7', 'H', 1, '0000-00-00 00:00:00', '2'),
(NULL, '18409', '7', 'H', 1, '0000-00-00 00:00:00', '2'),
(NULL, '18410', '7', 'H', 1, '0000-00-00 00:00:00', '2'),
(NULL, '18411', '7', 'H', 1, '0000-00-00 00:00:00', '2'),
(NULL, '18412', '7', 'H', 1, '0000-00-00 00:00:00', '2'),
(NULL, '18413', '7', 'H', 1, '0000-00-00 00:00:00', '2'),
(NULL, '18414', '7', 'H', 1, '0000-00-00 00:00:00', '2'),
(NULL, '18415', '7', 'H', 1, '0000-00-00 00:00:00', '2'),
(NULL, '18416', '7', 'H', 1, '0000-00-00 00:00:00', '2'),
(NULL, '18417', '7', 'H', 1, '0000-00-00 00:00:00', '2'),
(NULL, '18418', '7', 'H', 1, '0000-00-00 00:00:00', '2'),
(NULL, '18419', '7', 'H', 1, '0000-00-00 00:00:00', '2'),
(NULL, '18420', '7', 'H', 1, '0000-00-00 00:00:00', '2'),
(NULL, '18421', '7', 'H', 1, '0000-00-00 00:00:00', '2'),
(NULL, '18422', '7', 'H', 1, '0000-00-00 00:00:00', '2'),
(NULL, '18423', '7', 'H', 1, '0000-00-00 00:00:00', '2'),
(NULL, '18424', '7', 'H', 1, '0000-00-00 00:00:00', '2'),
(NULL, '18425', '7', 'H', 1, '0000-00-00 00:00:00', '2'),
(NULL, '18426', '7', 'H', 1, '0000-00-00 00:00:00', '2'),
(NULL, '18427', '7', 'H', 1, '0000-00-00 00:00:00', '2'),
(NULL, '18428', '7', 'H', 1, '0000-00-00 00:00:00', '2'),
(NULL, '18429', '7', 'H', 1, '0000-00-00 00:00:00', '2'),
(NULL, '18430', '7', 'H', 1, '0000-00-00 00:00:00', '2'),
(NULL, '18431', '7', 'H', 1, '0000-00-00 00:00:00', '2'),
(NULL, '18432', '7', 'I', 0, '2015-07-28 08:28:30', '2'),
(NULL, '18433', '7', 'I', 0, '2015-07-28 08:28:50', '2'),
(NULL, '18434', '7', 'I', 1, '0000-00-00 00:00:00', '2'),
(NULL, '18435', '7', 'I', 1, '0000-00-00 00:00:00', '2'),
(NULL, '18436', '7', 'I', 1, '0000-00-00 00:00:00', '2'),
(NULL, '18437', '7', 'I', 1, '0000-00-00 00:00:00', '2'),
(NULL, '18438', '7', 'I', 1, '0000-00-00 00:00:00', '2'),
(NULL, '18439', '7', 'I', 1, '0000-00-00 00:00:00', '2'),
(NULL, '18440', '7', 'I', 1, '0000-00-00 00:00:00', '2'),
(NULL, '18441', '7', 'I', 1, '0000-00-00 00:00:00', '2'),
(NULL, '18442', '7', 'I', 1, '0000-00-00 00:00:00', '2'),
(NULL, '18443', '7', 'I', 1, '0000-00-00 00:00:00', '2'),
(NULL, '18444', '7', 'I', 1, '0000-00-00 00:00:00', '2'),
(NULL, '18445', '7', 'I', 1, '0000-00-00 00:00:00', '2'),
(NULL, '18446', '7', 'I', 1, '0000-00-00 00:00:00', '2'),
(NULL, '18447', '7', 'I', 1, '0000-00-00 00:00:00', '2'),
(NULL, '18448', '7', 'I', 1, '0000-00-00 00:00:00', '2'),
(NULL, '18449', '7', 'I', 1, '0000-00-00 00:00:00', '2'),
(NULL, '18450', '7', 'I', 1, '0000-00-00 00:00:00', '2'),
(NULL, '18451', '7', 'I', 1, '0000-00-00 00:00:00', '2'),
(NULL, '18452', '7', 'I', 1, '0000-00-00 00:00:00', '2'),
(NULL, '18453', '7', 'I', 1, '0000-00-00 00:00:00', '2'),
(NULL, '18454', '7', 'I', 1, '0000-00-00 00:00:00', '2'),
(NULL, '18455', '7', 'I', 1, '0000-00-00 00:00:00', '2'),
(NULL, '18456', '7', 'I', 1, '0000-00-00 00:00:00', '2'),
(NULL, '18457', '7', 'I', 1, '0000-00-00 00:00:00', '2'),
(NULL, '18458', '7', 'I', 1, '0000-00-00 00:00:00', '2'),
(NULL, '18459', '7', 'I', 1, '0000-00-00 00:00:00', '2'),
(NULL, '18460', '7', 'I', 1, '0000-00-00 00:00:00', '2'),
(NULL, '18461', '7', 'I', 1, '0000-00-00 00:00:00', '2'),
(NULL, '18462', '7', 'I', 1, '0000-00-00 00:00:00', '2'),
(NULL, '18463', '7', 'I', 1, '0000-00-00 00:00:00', '2'),
(NULL, '18464', '8', 'F', 0, '2015-07-27 05:09:29', '2'),
(NULL, '18465', '8', 'C', 0, '2015-07-29 04:58:01', '2'),
(NULL, '18466', '8', 'G', 0, '2015-08-03 05:23:13', '2'),
(NULL, '18467', '7', 'G', 0, '2015-08-22 01:04:24', '2'),
(NULL, '18468', '9', 'I', 0, '2015-09-03 06:08:04', '2'),
(NULL, '18469', '8', 'D', 0, '2015-11-26 08:57:55', '2');

/*!40101 SET CHARACTER_SET_CLIENT=@OLD_CHARACTER_SET_CLIENT */;
/*!40101 SET CHARACTER_SET_RESULTS=@OLD_CHARACTER_SET_RESULTS */;
/*!40101 SET COLLATION_CONNECTION=@OLD_COLLATION_CONNECTION */;
